ISO-10303-21;
HEADER;
/* Generated by software containing ST-Developer
 * from STEP Tools, Inc. (www.steptools.com) 
 */

FILE_DESCRIPTION(
/* description */ (''),
/* implementation_level */ '2;1');

FILE_NAME(
/* name */ 'Component1.step',
/* time_stamp */ '2026-06-20T03:09:40+07:00',
/* author */ (''),
/* organization */ (''),
/* preprocessor_version */ 'ST-DEVELOPER v20.1',
/* originating_system */ 'Autodesk Translation Framework v15.8.0.0',
/* authorisation */ '');

FILE_SCHEMA (('AUTOMOTIVE_DESIGN { 1 0 10303 214 3 1 1 }'));
ENDSEC;

DATA;
#10=MECHANICAL_DESIGN_GEOMETRIC_PRESENTATION_REPRESENTATION('',(#13),#2378);
#11=SHAPE_REPRESENTATION_RELATIONSHIP('SRR','None',#2385,#12);
#12=ADVANCED_BREP_SHAPE_REPRESENTATION('',(#14),#2377);
#13=STYLED_ITEM('',(#2394),#14);
#14=MANIFOLD_SOLID_BREP('Body1',#621);
#15=TOROIDAL_SURFACE('',#677,32.9894883423084,7.5);
#16=TOROIDAL_SURFACE('',#682,34.000000372529,7.66578723067193);
#17=TOROIDAL_SURFACE('',#687,34.000000372529,9.66578723067193);
#18=FACE_BOUND('',#120,.T.);
#19=FACE_BOUND('',#122,.T.);
#20=FACE_BOUND('',#127,.T.);
#21=FACE_BOUND('',#133,.T.);
#22=FACE_BOUND('',#137,.T.);
#23=CONICAL_SURFACE('',#658,2.267,0.785398163397451);
#24=CONICAL_SURFACE('',#680,25.7508234663079,0.0713074765851942);
#25=CONICAL_SURFACE('',#690,23.6793884083543,0.0713074765851944);
#26=PLANE('',#652);
#27=PLANE('',#653);
#28=PLANE('',#660);
#29=PLANE('',#670);
#30=PLANE('',#672);
#31=PLANE('',#685);
#32=PLANE('',#692);
#33=B_SPLINE_SURFACE_WITH_KNOTS('',3,3,((#1311,#1312,#1313,#1314,#1315,
#1316,#1317,#1318,#1319,#1320,#1321,#1322,#1323,#1324,#1325,#1326,#1327,
#1328,#1329,#1330,#1331,#1332,#1333,#1334,#1335,#1336,#1337,#1338,#1339,
#1340,#1341,#1342,#1343,#1344,#1345,#1346,#1347,#1348,#1349,#1350,#1351,
#1352,#1353,#1354,#1355,#1356,#1357,#1358,#1359),(#1360,#1361,#1362,#1363,
#1364,#1365,#1366,#1367,#1368,#1369,#1370,#1371,#1372,#1373,#1374,#1375,
#1376,#1377,#1378,#1379,#1380,#1381,#1382,#1383,#1384,#1385,#1386,#1387,
#1388,#1389,#1390,#1391,#1392,#1393,#1394,#1395,#1396,#1397,#1398,#1399,
#1400,#1401,#1402,#1403,#1404,#1405,#1406,#1407,#1408),(#1409,#1410,#1411,
#1412,#1413,#1414,#1415,#1416,#1417,#1418,#1419,#1420,#1421,#1422,#1423,
#1424,#1425,#1426,#1427,#1428,#1429,#1430,#1431,#1432,#1433,#1434,#1435,
#1436,#1437,#1438,#1439,#1440,#1441,#1442,#1443,#1444,#1445,#1446,#1447,
#1448,#1449,#1450,#1451,#1452,#1453,#1454,#1455,#1456,#1457),(#1458,#1459,
#1460,#1461,#1462,#1463,#1464,#1465,#1466,#1467,#1468,#1469,#1470,#1471,
#1472,#1473,#1474,#1475,#1476,#1477,#1478,#1479,#1480,#1481,#1482,#1483,
#1484,#1485,#1486,#1487,#1488,#1489,#1490,#1491,#1492,#1493,#1494,#1495,
#1496,#1497,#1498,#1499,#1500,#1501,#1502,#1503,#1504,#1505,#1506)),
 .UNSPECIFIED.,.F.,.F.,.F.,(4,4),(4,1,1,1,1,1,1,1,1,1,1,1,1,1,1,1,1,1,1,
1,1,1,1,1,1,1,1,1,1,1,1,1,1,1,1,1,1,1,1,1,1,1,1,1,1,1,4),(0.,0.0511532338502008),
(14.3986268518924,15.3796166831502,16.3606065144079,17.3415963456656,18.3225861769234,
19.3035760081811,20.2845658394388,21.2655556706966,22.2465455019543,23.227535333212,
24.2085251644698,25.1895149957275,26.1705048269852,27.151494658243,28.1324844895007,
29.1134743207584,30.0944641520162,31.0754539832739,32.0564438145316,33.0374336457894,
34.0184234770471,34.9994133083048,35.9804031395626,36.9613929708203,37.942382802078,
38.9233726333358,39.9043624645935,40.8853522958512,41.866342127109,42.8473319583667,
43.8283217896244,44.8093116208822,45.7903014521399,46.7712912833976,47.7522811146554,
48.7332709459131,49.7142607771708,50.6952506084286,51.6762404396863,52.657230270944,
53.6382201022018,54.6192099334595,55.6001997647173,56.581189595975,57.5621794272327,
58.5431692584905,59.5241590897482),.UNSPECIFIED.);
#34=B_SPLINE_SURFACE_WITH_KNOTS('',3,3,((#1978,#1979,#1980,#1981,#1982,
#1983,#1984,#1985,#1986,#1987,#1988,#1989,#1990,#1991,#1992,#1993,#1994,
#1995,#1996,#1997,#1998,#1999,#2000,#2001,#2002,#2003,#2004,#2005,#2006,
#2007,#2008,#2009,#2010,#2011,#2012,#2013,#2014,#2015,#2016,#2017,#2018,
#2019,#2020,#2021,#2022,#2023,#2024,#2025,#2026),(#2027,#2028,#2029,#2030,
#2031,#2032,#2033,#2034,#2035,#2036,#2037,#2038,#2039,#2040,#2041,#2042,
#2043,#2044,#2045,#2046,#2047,#2048,#2049,#2050,#2051,#2052,#2053,#2054,
#2055,#2056,#2057,#2058,#2059,#2060,#2061,#2062,#2063,#2064,#2065,#2066,
#2067,#2068,#2069,#2070,#2071,#2072,#2073,#2074,#2075),(#2076,#2077,#2078,
#2079,#2080,#2081,#2082,#2083,#2084,#2085,#2086,#2087,#2088,#2089,#2090,
#2091,#2092,#2093,#2094,#2095,#2096,#2097,#2098,#2099,#2100,#2101,#2102,
#2103,#2104,#2105,#2106,#2107,#2108,#2109,#2110,#2111,#2112,#2113,#2114,
#2115,#2116,#2117,#2118,#2119,#2120,#2121,#2122,#2123,#2124),(#2125,#2126,
#2127,#2128,#2129,#2130,#2131,#2132,#2133,#2134,#2135,#2136,#2137,#2138,
#2139,#2140,#2141,#2142,#2143,#2144,#2145,#2146,#2147,#2148,#2149,#2150,
#2151,#2152,#2153,#2154,#2155,#2156,#2157,#2158,#2159,#2160,#2161,#2162,
#2163,#2164,#2165,#2166,#2167,#2168,#2169,#2170,#2171,#2172,#2173)),
 .UNSPECIFIED.,.F.,.F.,.F.,(4,4),(4,1,1,1,1,1,1,1,1,1,1,1,1,1,1,1,1,1,1,
1,1,1,1,1,1,1,1,1,1,1,1,1,1,1,1,1,1,1,1,1,1,1,1,1,1,1,4),(0.,0.0511532338502008),
(11.9836941974453,12.9621455512483,13.9405969050513,14.9190482588542,15.8974996126572,
16.8759509664602,17.8544023202632,18.8328536740661,19.8113050278691,20.7897563816721,
21.7682077354751,22.746659089278,23.725110443081,24.703561796884,25.6820131506869,
26.6604645044899,27.6389158582929,28.6173672120959,29.5958185658988,30.5742699197018,
31.5527212735048,32.5311726273078,33.5096239811107,34.4880753349137,35.4665266887167,
36.4449780425197,37.4234293963226,38.4018807501256,39.3803321039286,40.3587834577316,
41.3372348115345,42.3156861653375,43.2941375191405,44.2725888729434,45.2510402267464,
46.2294915805494,47.2079429343524,48.1863942881553,49.1648456419583,50.1432969957613,
51.1217483495643,52.1001997033672,53.0786510571702,54.0571024109732,55.0355537647762,
56.0140051185791,56.9924564723821),.UNSPECIFIED.);
#35=B_SPLINE_SURFACE_WITH_KNOTS('',3,3,((#2203,#2204,#2205,#2206,#2207,
#2208,#2209,#2210,#2211,#2212,#2213,#2214,#2215,#2216,#2217,#2218,#2219,
#2220,#2221,#2222,#2223),(#2224,#2225,#2226,#2227,#2228,#2229,#2230,#2231,
#2232,#2233,#2234,#2235,#2236,#2237,#2238,#2239,#2240,#2241,#2242,#2243,
#2244),(#2245,#2246,#2247,#2248,#2249,#2250,#2251,#2252,#2253,#2254,#2255,
#2256,#2257,#2258,#2259,#2260,#2261,#2262,#2263,#2264,#2265),(#2266,#2267,
#2268,#2269,#2270,#2271,#2272,#2273,#2274,#2275,#2276,#2277,#2278,#2279,
#2280,#2281,#2282,#2283,#2284,#2285,#2286)),.UNSPECIFIED.,.F.,.T.,.F.,(4,
4),(4,1,1,1,1,1,1,1,1,1,1,1,1,1,1,1,1,1,4),(0.,1.),(0.,0.0911835177794421,
0.182367035558884,0.227958794448605,0.273550553338326,0.364734071117769,
0.455917588897211,0.501509347786932,0.547101106676653,0.729468142235537,
0.775059901125258,0.820651660014979,0.8662434189047,0.911835177794421,1.00301869557386,
1.04861045446358,1.09420221335331,1.18538573113275,1.27656924891219),
 .UNSPECIFIED.);
#36=CIRCLE('',#642,2.117);
#37=CIRCLE('',#644,2.56);
#38=CIRCLE('',#651,2.56);
#39=CIRCLE('',#654,2.117);
#40=CIRCLE('',#657,2.117);
#41=CIRCLE('',#659,2.417);
#42=CIRCLE('',#662,25.);
#43=CIRCLE('',#663,25.);
#44=CIRCLE('',#665,8.99999999999999);
#45=CIRCLE('',#666,8.99999999999999);
#46=CIRCLE('',#668,8.99999999999999);
#47=CIRCLE('',#669,8.99999999999999);
#48=CIRCLE('',#671,27.);
#49=CIRCLE('',#673,27.);
#50=CIRCLE('',#675,27.);
#51=CIRCLE('',#676,27.);
#52=CIRCLE('',#678,25.5085480998832);
#53=CIRCLE('',#679,7.5);
#54=CIRCLE('',#681,26.3536942146886);
#55=CIRCLE('',#683,7.66578723067193);
#56=CIRCLE('',#684,41.6347919695944);
#57=CIRCLE('',#686,43.6412239283495);
#58=CIRCLE('',#688,24.3587768167086);
#59=CIRCLE('',#689,9.66578723067193);
#60=CIRCLE('',#691,23.);
#61=FACE_OUTER_BOUND('',#97,.T.);
#62=FACE_OUTER_BOUND('',#98,.T.);
#63=FACE_OUTER_BOUND('',#99,.T.);
#64=FACE_OUTER_BOUND('',#100,.T.);
#65=FACE_OUTER_BOUND('',#101,.T.);
#66=FACE_OUTER_BOUND('',#102,.T.);
#67=FACE_OUTER_BOUND('',#103,.T.);
#68=FACE_OUTER_BOUND('',#104,.T.);
#69=FACE_OUTER_BOUND('',#105,.T.);
#70=FACE_OUTER_BOUND('',#106,.T.);
#71=FACE_OUTER_BOUND('',#107,.T.);
#72=FACE_OUTER_BOUND('',#108,.T.);
#73=FACE_OUTER_BOUND('',#109,.T.);
#74=FACE_OUTER_BOUND('',#110,.T.);
#75=FACE_OUTER_BOUND('',#111,.T.);
#76=FACE_OUTER_BOUND('',#112,.T.);
#77=FACE_OUTER_BOUND('',#113,.T.);
#78=FACE_OUTER_BOUND('',#114,.T.);
#79=FACE_OUTER_BOUND('',#115,.T.);
#80=FACE_OUTER_BOUND('',#116,.T.);
#81=FACE_OUTER_BOUND('',#117,.T.);
#82=FACE_OUTER_BOUND('',#118,.T.);
#83=FACE_OUTER_BOUND('',#119,.T.);
#84=FACE_OUTER_BOUND('',#121,.T.);
#85=FACE_OUTER_BOUND('',#123,.T.);
#86=FACE_OUTER_BOUND('',#124,.T.);
#87=FACE_OUTER_BOUND('',#125,.T.);
#88=FACE_OUTER_BOUND('',#126,.T.);
#89=FACE_OUTER_BOUND('',#128,.T.);
#90=FACE_OUTER_BOUND('',#129,.T.);
#91=FACE_OUTER_BOUND('',#130,.T.);
#92=FACE_OUTER_BOUND('',#131,.T.);
#93=FACE_OUTER_BOUND('',#132,.T.);
#94=FACE_OUTER_BOUND('',#134,.T.);
#95=FACE_OUTER_BOUND('',#135,.T.);
#96=FACE_OUTER_BOUND('',#136,.T.);
#97=EDGE_LOOP('',(#381,#382,#383,#384));
#98=EDGE_LOOP('',(#385,#386,#387,#388));
#99=EDGE_LOOP('',(#389,#390,#391,#392));
#100=EDGE_LOOP('',(#393,#394,#395,#396));
#101=EDGE_LOOP('',(#397,#398,#399,#400));
#102=EDGE_LOOP('',(#401,#402,#403,#404));
#103=EDGE_LOOP('',(#405,#406,#407));
#104=EDGE_LOOP('',(#408,#409,#410,#411));
#105=EDGE_LOOP('',(#412,#413,#414,#415));
#106=EDGE_LOOP('',(#416,#417,#418,#419));
#107=EDGE_LOOP('',(#420,#421,#422,#423));
#108=EDGE_LOOP('',(#424,#425,#426,#427));
#109=EDGE_LOOP('',(#428,#429,#430,#431));
#110=EDGE_LOOP('',(#432,#433,#434,#435));
#111=EDGE_LOOP('',(#436,#437,#438,#439,#440,#441,#442,#443,#444,#445,#446,
#447,#448,#449,#450,#451,#452,#453));
#112=EDGE_LOOP('',(#454,#455,#456,#457,#458,#459));
#113=EDGE_LOOP('',(#460,#461,#462,#463));
#114=EDGE_LOOP('',(#464,#465,#466,#467));
#115=EDGE_LOOP('',(#468,#469,#470,#471,#472,#473,#474,#475,#476,#477,#478,
#479,#480,#481,#482,#483,#484,#485,#486));
#116=EDGE_LOOP('',(#487,#488,#489,#490,#491,#492,#493,#494,#495));
#117=EDGE_LOOP('',(#496,#497,#498,#499,#500));
#118=EDGE_LOOP('',(#501,#502,#503,#504,#505,#506));
#119=EDGE_LOOP('',(#507,#508,#509,#510));
#120=EDGE_LOOP('',(#511));
#121=EDGE_LOOP('',(#512,#513,#514,#515));
#122=EDGE_LOOP('',(#516));
#123=EDGE_LOOP('',(#517,#518,#519,#520));
#124=EDGE_LOOP('',(#521,#522,#523,#524));
#125=EDGE_LOOP('',(#525,#526,#527,#528));
#126=EDGE_LOOP('',(#529,#530,#531,#532));
#127=EDGE_LOOP('',(#533));
#128=EDGE_LOOP('',(#534,#535,#536,#537,#538));
#129=EDGE_LOOP('',(#539,#540,#541,#542,#543,#544));
#130=EDGE_LOOP('',(#545,#546,#547,#548));
#131=EDGE_LOOP('',(#549,#550,#551,#552));
#132=EDGE_LOOP('',(#553));
#133=EDGE_LOOP('',(#554));
#134=EDGE_LOOP('',(#555,#556,#557,#558));
#135=EDGE_LOOP('',(#559,#560,#561,#562));
#136=EDGE_LOOP('',(#563));
#137=EDGE_LOOP('',(#564));
#138=B_SPLINE_CURVE_WITH_KNOTS('',3,(#842,#843,#844,#845,#846,#847,#848,
#849,#850,#851,#852,#853,#854),.UNSPECIFIED.,.F.,.F.,(4,3,3,3,4),(-3.84103903342263,
-3.0521240243279,-2.07367267052493,-1.09522131672195,-0.177274823966981),
 .UNSPECIFIED.);
#139=B_SPLINE_CURVE_WITH_KNOTS('',3,(#856,#857,#858,#859,#860,#861,#862),
 .UNSPECIFIED.,.F.,.F.,(4,1,1,1,4),(-0.358120636973297,-0.273550553338326,
-0.227958794448605,-0.182367035558884,-0.106683171877377),.UNSPECIFIED.);
#140=B_SPLINE_CURVE_WITH_KNOTS('',3,(#863,#864,#865,#866,#867,#868,#869,
#870,#871,#872,#873,#874,#875,#876,#877,#878,#879,#880,#881),
 .UNSPECIFIED.,.F.,.F.,(4,3,3,3,3,3,4),(2.68888439194588,2.9429694937732,
3.92395932503094,4.90494915628867,5.8859389875464,6.86692881880414,7.59252172323612),
 .UNSPECIFIED.);
#141=B_SPLINE_CURVE_WITH_KNOTS('',3,(#886,#887,#888,#889,#890,#891,#892,
#893,#894,#895,#896,#897,#898,#899,#900,#901,#902,#903,#904,#905,#906,#907,
#908,#909,#910),.UNSPECIFIED.,.F.,.F.,(4,3,3,3,3,3,3,3,4),(-10.1242243406022,
-9.90128350094871,-8.92283214714574,-7.94438079334277,-6.9659294395398,
-5.98747808573682,-5.00902673193385,-4.03057537813087,-3.84103903342263),
 .UNSPECIFIED.);
#142=B_SPLINE_CURVE_WITH_KNOTS('',3,(#911,#912,#913,#914,#915,#916,#917,
#918,#919,#920,#921,#922,#923,#924,#925,#926,#927,#928,#929,#930,#931,#932,
#933,#934,#935),.UNSPECIFIED.,.F.,.F.,(4,3,3,3,3,3,3,3,4),(7.59252172323612,
7.84791865006187,8.82890848131961,9.80989831257734,10.7908881438351,11.7718779750928,
12.7528678063505,13.7338576376083,13.8757070304157),.UNSPECIFIED.);
#143=B_SPLINE_CURVE_WITH_KNOTS('',3,(#940,#941,#942,#943,#944,#945,#946,
#947,#948,#949,#950,#951,#952,#953,#954,#955,#956,#957,#958,#959,#960,#961),
 .UNSPECIFIED.,.F.,.F.,(4,3,3,3,3,3,3,4),(-16.4074096477818,-15.7719916237666,
-14.7935402699636,-13.8150889161606,-12.8366375623576,-11.8581862085547,
-10.8797348547517,-10.1242243406022),.UNSPECIFIED.);
#144=B_SPLINE_CURVE_WITH_KNOTS('',3,(#962,#963,#964,#965,#966,#967,#968,
#969,#970,#971,#972,#973,#974,#975,#976,#977,#978,#979,#980,#981,#982,#983),
 .UNSPECIFIED.,.F.,.F.,(4,3,3,3,3,3,3,4),(13.8757070304157,14.714847468866,
15.6958373001238,16.6768271313815,17.6578169626392,18.638806793897,19.6197966251547,
20.1588923375953),.UNSPECIFIED.);
#145=B_SPLINE_CURVE_WITH_KNOTS('',3,(#988,#989,#990,#991,#992,#993,#994,
#995,#996,#997,#998,#999,#1000,#1001,#1002,#1003,#1004,#1005,#1006,#1007,
#1008,#1009,#1010,#1011,#1012),.UNSPECIFIED.,.F.,.F.,(4,3,3,3,3,3,3,3,4),
(-22.6905949549614,-22.6211511003874,-21.6426997465844,-20.6642483927814,
-19.6857970389785,-18.7073456851755,-17.7288943313725,-16.7504429775695,
-16.4074096477818),.UNSPECIFIED.);
#146=B_SPLINE_CURVE_WITH_KNOTS('',3,(#1013,#1014,#1015,#1016,#1017,#1018,
#1019,#1020,#1021,#1022,#1023,#1024,#1025,#1026,#1027,#1028,#1029,#1030,
#1031,#1032,#1033,#1034),.UNSPECIFIED.,.F.,.F.,(4,3,3,3,3,3,3,4),(20.1588923375953,
20.6007864564124,21.5817762876702,22.5627661189279,23.5437559501856,24.5247457814434,
25.5057356127011,26.4420776447749),.UNSPECIFIED.);
#147=B_SPLINE_CURVE_WITH_KNOTS('',3,(#1039,#1040,#1041,#1042,#1043,#1044,
#1045,#1046,#1047,#1048,#1049,#1050,#1051,#1052,#1053,#1054,#1055,#1056,
#1057,#1058,#1059,#1060),.UNSPECIFIED.,.F.,.F.,(4,3,3,3,3,3,3,4),(-28.973780262141,
-28.4918592232052,-27.5134078694022,-26.5349565155993,-25.5565051617963,
-24.5780538079933,-23.5996024541903,-22.6905949549614),.UNSPECIFIED.);
#148=B_SPLINE_CURVE_WITH_KNOTS('',3,(#1061,#1062,#1063,#1064,#1065,#1066,
#1067,#1068,#1069,#1070,#1071,#1072,#1073,#1074,#1075,#1076,#1077,#1078,
#1079,#1080,#1081,#1082,#1083,#1084,#1085),.UNSPECIFIED.,.F.,.F.,(4,3,3,
3,3,3,3,3,4),(26.4420776447749,26.4867254439588,27.4677152752166,28.4487051064743,
29.429694937732,30.4106847689898,31.3916746002475,32.3726644315052,32.7252629519545),
 .UNSPECIFIED.);
#149=B_SPLINE_CURVE_WITH_KNOTS('',3,(#1090,#1091,#1092,#1093,#1094,#1095,
#1096,#1097,#1098,#1099,#1100,#1101,#1102,#1103,#1104,#1105,#1106,#1107,
#1108,#1109,#1110,#1111),.UNSPECIFIED.,.F.,.F.,(4,3,3,3,3,3,3,4),(-35.2569655693205,
-34.3625673460231,-33.3841159922201,-32.4056646384171,-31.4272132846141,
-30.4487619308112,-29.4703105770082,-28.973780262141),.UNSPECIFIED.);
#150=B_SPLINE_CURVE_WITH_KNOTS('',3,(#1112,#1113,#1114,#1115,#1116,#1117,
#1118,#1119,#1120,#1121,#1122,#1123,#1124,#1125,#1126,#1127,#1128,#1129,
#1130,#1131,#1132,#1133),.UNSPECIFIED.,.F.,.F.,(4,3,3,3,3,3,3,4),(32.7252629519545,
33.353654262763,34.3346440940207,35.3156339252784,36.2966237565362,37.2776135877939,
38.2586034190516,39.0084482591341),.UNSPECIFIED.);
#151=B_SPLINE_CURVE_WITH_KNOTS('',3,(#1140,#1141,#1142,#1143,#1144,#1145,
#1146),.UNSPECIFIED.,.F.,.F.,(4,3,4),(-43.1167494419664,-42.1901781764468,
-41.5401508765001),.UNSPECIFIED.);
#152=B_SPLINE_CURVE_WITH_KNOTS('',3,(#1152,#1153,#1154,#1155,#1156,#1157,
#1158),.UNSPECIFIED.,.F.,.F.,(4,1,1,1,4),(53.4070751110265,54.0571024109732,
55.0355537647762,56.0140051185791,56.9924564723821),.UNSPECIFIED.);
#153=B_SPLINE_CURVE_WITH_KNOTS('',3,(#1161,#1162,#1163,#1164,#1165,#1166,
#1167,#1168),.UNSPECIFIED.,.F.,.F.,(4,1,1,1,1,4),(53.4070751110265,53.6382201022018,
54.6192099334595,55.6001997647173,56.581189595975,57.5153762938588),
 .UNSPECIFIED.);
#154=B_SPLINE_CURVE_WITH_KNOTS('',3,(#1173,#1174,#1175,#1176,#1177,#1178,
#1179,#1180,#1181,#1182,#1183),.UNSPECIFIED.,.F.,.F.,(4,1,1,1,1,1,1,1,4),
(47.1238898038469,47.2079429343524,48.1863942881553,49.1648456419583,50.1432969957613,
51.1217483495643,52.1001997033672,53.0786510571702,53.4070751110265),
 .UNSPECIFIED.);
#155=B_SPLINE_CURVE_WITH_KNOTS('',3,(#1184,#1185,#1186,#1187,#1188,#1189,
#1190,#1191,#1192,#1193),.UNSPECIFIED.,.F.,.F.,(4,1,1,1,1,1,1,4),(47.1238898038469,
47.7522811146554,48.7332709459131,49.7142607771708,50.6952506084286,51.6762404396863,
52.657230270944,53.4070751110265),.UNSPECIFIED.);
#156=B_SPLINE_CURVE_WITH_KNOTS('',3,(#1198,#1199,#1200,#1201,#1202,#1203,
#1204,#1205,#1206,#1207),.UNSPECIFIED.,.F.,.F.,(4,1,1,1,1,1,1,4),(40.8407044966673,
41.3372348115345,42.3156861653375,43.2941375191405,44.2725888729434,45.2510402267464,
46.2294915805494,47.1238898038469),.UNSPECIFIED.);
#157=B_SPLINE_CURVE_WITH_KNOTS('',3,(#1208,#1209,#1210,#1211,#1212,#1213,
#1214,#1215,#1216,#1217,#1218),.UNSPECIFIED.,.F.,.F.,(4,1,1,1,1,1,1,1,4),
(40.8407044966673,40.8853522958512,41.866342127109,42.8473319583667,43.8283217896244,
44.8093116208822,45.7903014521399,46.7712912833976,47.1238898038469),
 .UNSPECIFIED.);
#158=B_SPLINE_CURVE_WITH_KNOTS('',3,(#1223,#1224,#1225,#1226,#1227,#1228,
#1229,#1230,#1231,#1232),.UNSPECIFIED.,.F.,.F.,(4,1,1,1,1,1,1,4),(34.5575191894877,
35.4665266887167,36.4449780425197,37.4234293963226,38.4018807501256,39.3803321039286,
40.3587834577316,40.8407044966673),.UNSPECIFIED.);
#159=B_SPLINE_CURVE_WITH_KNOTS('',3,(#1233,#1234,#1235,#1236,#1237,#1238,
#1239,#1240,#1241,#1242),.UNSPECIFIED.,.F.,.F.,(4,1,1,1,1,1,1,4),(34.5575191894877,
34.9994133083048,35.9804031395626,36.9613929708203,37.942382802078,38.9233726333358,
39.9043624645935,40.8407044966673),.UNSPECIFIED.);
#160=B_SPLINE_CURVE_WITH_KNOTS('',3,(#1247,#1248,#1249,#1250,#1251,#1252,
#1253,#1254,#1255,#1256,#1257),.UNSPECIFIED.,.F.,.F.,(4,1,1,1,1,1,1,1,4),
(28.2743338823081,28.6173672120959,29.5958185658988,30.5742699197018,31.5527212735048,
32.5311726273078,33.5096239811107,34.4880753349137,34.5575191894877),
 .UNSPECIFIED.);
#161=B_SPLINE_CURVE_WITH_KNOTS('',3,(#1258,#1259,#1260,#1261,#1262,#1263,
#1264,#1265,#1266,#1267),.UNSPECIFIED.,.F.,.F.,(4,1,1,1,1,1,1,4),(28.2743338823081,
29.1134743207584,30.0944641520162,31.0754539832739,32.0564438145316,33.0374336457894,
34.0184234770471,34.5575191894877),.UNSPECIFIED.);
#162=B_SPLINE_CURVE_WITH_KNOTS('',3,(#1272,#1273,#1274,#1275,#1276,#1277,
#1278,#1279,#1280,#1281),.UNSPECIFIED.,.F.,.F.,(4,1,1,1,1,1,1,4),(21.9911485751285,
22.746659089278,23.725110443081,24.703561796884,25.6820131506869,26.6604645044899,
27.6389158582929,28.2743338823081),.UNSPECIFIED.);
#163=B_SPLINE_CURVE_WITH_KNOTS('',3,(#1282,#1283,#1284,#1285,#1286,#1287,
#1288,#1289,#1290,#1291,#1292),.UNSPECIFIED.,.F.,.F.,(4,1,1,1,1,1,1,1,4),
(21.9911485751285,22.2465455019543,23.227535333212,24.2085251644698,25.1895149957275,
26.1705048269852,27.151494658243,28.1324844895007,28.2743338823081),
 .UNSPECIFIED.);
#164=B_SPLINE_CURVE_WITH_KNOTS('',3,(#1298,#1299,#1300,#1301,#1302),
 .UNSPECIFIED.,.F.,.F.,(4,1,4),(14.3986268518924,15.3796166831502,15.7079632679489),
 .UNSPECIFIED.);
#165=B_SPLINE_CURVE_WITH_KNOTS('',3,(#1305,#1306,#1307,#1308,#1309,#1310),
 .UNSPECIFIED.,.F.,.F.,(4,1,1,4),(13.8757070304157,13.9405969050513,14.9190482588542,
15.7079632679489),.UNSPECIFIED.);
#166=B_SPLINE_CURVE_WITH_KNOTS('',3,(#1508,#1509,#1510,#1511,#1512,#1513,
#1514,#1515),.UNSPECIFIED.,.F.,.F.,(4,2,2,4),(-0.170608948560434,-0.16357077598416,
-0.0809538521501494,0.),.UNSPECIFIED.);
#167=B_SPLINE_CURVE_WITH_KNOTS('',3,(#1516,#1517,#1518,#1519,#1520,#1521,
#1522,#1523,#1524,#1525,#1526,#1527,#1528,#1529,#1530,#1531,#1532,#1533,
#1534,#1535,#1536,#1537,#1538,#1539,#1540,#1541,#1542,#1543,#1544,#1545,
#1546,#1547,#1548,#1549,#1550,#1551,#1552,#1553,#1554,#1555,#1556,#1557,
#1558,#1559,#1560,#1561,#1562,#1563,#1564,#1565,#1566,#1567,#1568,#1569,
#1570,#1571,#1572,#1573,#1574,#1575,#1576,#1577,#1578,#1579,#1580,#1581,
#1582,#1583,#1584,#1585,#1586,#1587,#1588,#1589,#1590,#1591,#1592,#1593,
#1594,#1595,#1596,#1597,#1598,#1599,#1600),.UNSPECIFIED.,.F.,.F.,(4,3,3,
3,3,3,3,3,3,3,3,3,3,3,3,3,3,3,3,3,3,3,3,3,3,3,3,3,4),(-0.472119585381882,
-0.445773734333353,-0.418907735702817,-0.41299136322655,-0.408026212027167,
-0.381692941211286,-0.362837041721008,-0.355586635708296,-0.35083720226905,
-0.325101164842736,-0.299864496846501,-0.275141822280178,-0.262471266465515,
-0.258587759847484,-0.234055780207842,-0.230845745289063,-0.205122582825765,
-0.182614815670378,-0.175665401569669,-0.171025856571168,-0.16731554589275,
-0.142919837128477,-0.118568233648892,-0.0951912866323373,-0.084783294719494,
-0.0810763567386332,-0.0575697404438172,-0.0346533719858336,-0.0250604455826739),
 .UNSPECIFIED.);
#168=B_SPLINE_CURVE_WITH_KNOTS('',3,(#1601,#1602,#1603,#1604,#1605,#1606,
#1607,#1608,#1609,#1610),.UNSPECIFIED.,.F.,.F.,(4,1,1,1,1,1,1,4),(15.7079632679489,
16.3606065144079,17.3415963456656,18.3225861769234,19.3035760081811,20.2845658394388,
21.2655556706966,21.9911485751285),.UNSPECIFIED.);
#169=B_SPLINE_CURVE_WITH_KNOTS('',3,(#1612,#1613,#1614,#1615,#1616,#1617,
#1618,#1619,#1620,#1621,#1622,#1623,#1624,#1625,#1626,#1627,#1628,#1629,
#1630,#1631,#1632,#1633,#1634,#1635,#1636,#1637,#1638,#1639,#1640,#1641,
#1642,#1643,#1644,#1645,#1646,#1647,#1648,#1649,#1650,#1651,#1652,#1653,
#1654,#1655,#1656,#1657,#1658,#1659,#1660,#1661,#1662,#1663,#1664,#1665,
#1666,#1667,#1668,#1669,#1670,#1671,#1672,#1673,#1674,#1675,#1676,#1677,
#1678,#1679,#1680,#1681,#1682,#1683,#1684,#1685,#1686,#1687,#1688,#1689,
#1690,#1691,#1692,#1693,#1694,#1695,#1696,#1697,#1698,#1699),
 .UNSPECIFIED.,.F.,.F.,(4,3,3,3,3,3,3,3,3,3,3,3,3,3,3,3,3,3,3,3,3,3,3,3,
3,3,3,3,3,4),(-0.474022601254825,-0.451444016290591,-0.42828018392705,-0.423279216637977,
-0.399573355128844,-0.381322154292442,-0.374841068749,-0.369435087505839,
-0.345128594694062,-0.320470312841128,-0.296043578527229,-0.288088344902282,
-0.283975894133721,-0.258671348282634,-0.253563748437631,-0.229223381320071,
-0.204310005355694,-0.193083379414266,-0.189026174787452,-0.163646813332652,
-0.137770546066927,-0.111743360284183,-0.103450032936771,-0.0984285868367172,
-0.09423065946901,-0.0675688262475384,-0.0397922409071089,-0.0136952211039555,
-0.0120156555666794,0.),.UNSPECIFIED.);
#170=B_SPLINE_CURVE_WITH_KNOTS('',3,(#1700,#1701,#1702,#1703,#1704,#1705,
#1706,#1707,#1708,#1709,#1710,#1711,#1712,#1713,#1714,#1715,#1716,#1717,
#1718,#1719,#1720,#1721),.UNSPECIFIED.,.F.,.F.,(4,3,3,3,3,3,3,4),(39.0084482591341,
39.2395932503094,40.2205830815671,41.2015729128248,42.1825627440826,43.1635525753403,
44.144542406598,45.1255322378558),.UNSPECIFIED.);
#171=B_SPLINE_CURVE_WITH_KNOTS('',3,(#1724,#1725,#1726,#1727,#1728,#1729,
#1730,#1731),.UNSPECIFIED.,.F.,.F.,(4,2,2,4),(-0.219666813047866,-0.198876222233593,
-0.165158410008036,-0.0956541382878071),.UNSPECIFIED.);
#172=B_SPLINE_CURVE_WITH_KNOTS('',3,(#1733,#1734,#1735,#1736,#1737,#1738,
#1739,#1740,#1741,#1742,#1743,#1744,#1745,#1746,#1747,#1748,#1749,#1750,
#1751,#1752,#1753,#1754,#1755,#1756,#1757,#1758,#1759,#1760,#1761,#1762,
#1763,#1764),.UNSPECIFIED.,.F.,.F.,(4,2,2,2,2,2,2,2,2,2,2,2,2,2,2,4),(-0.89992625572779,
-0.8910260233392,-0.862730516275075,-0.811860145458445,-0.724643779132388,
-0.653494381388606,-0.598223763947817,-0.571522783737497,-0.549056500939402,
-0.522774239126744,-0.468553632312038,-0.385807523025767,-0.297416833671432,
-0.251757751747416,-0.22459596760301,-0.219666813047866),.UNSPECIFIED.);
#173=B_SPLINE_CURVE_WITH_KNOTS('',3,(#1766,#1767,#1768,#1769,#1770,#1771,
#1772,#1773,#1774,#1775,#1776,#1777,#1778,#1779,#1780,#1781,#1782,#1783,
#1784,#1785,#1786,#1787,#1788,#1789,#1790,#1791,#1792,#1793,#1794,#1795,
#1796,#1797,#1798,#1799),.UNSPECIFIED.,.F.,.F.,(4,3,3,3,3,3,3,3,3,3,3,4),
(-1.02385085769334,-1.01600220719235,-0.998495205713184,-0.994506298320122,
-0.976915806390771,-0.959343976861591,-0.948197286191092,-0.932357741532118,
-0.917862543552223,-0.916518196873144,-0.903277959600256,-0.89992625572779),
 .UNSPECIFIED.);
#174=B_SPLINE_CURVE_WITH_KNOTS('',3,(#1800,#1801,#1802,#1803,#1804,#1805,
#1806,#1807,#1808,#1809,#1810,#1811,#1812,#1813,#1814,#1815,#1816,#1817,
#1818,#1819,#1820,#1821,#1822,#1823,#1824,#1825,#1826,#1827,#1828,#1829,
#1830,#1831,#1832,#1833,#1834,#1835,#1836,#1837,#1838,#1839,#1840,#1841,
#1842,#1843,#1844,#1845,#1846,#1847,#1848,#1849,#1850,#1851,#1852,#1853,
#1854,#1855,#1856,#1857,#1858,#1859,#1860,#1861,#1862,#1863,#1864,#1865,
#1866,#1867,#1868,#1869,#1870,#1871,#1872,#1873,#1874,#1875,#1876,#1877,
#1878),.UNSPECIFIED.,.F.,.F.,(4,3,3,3,3,3,3,3,3,3,3,3,3,3,3,3,3,3,3,3,3,
3,3,3,3,3,4),(-0.448904817280606,-0.435002719859925,-0.427562462230999,
-0.420537961366297,-0.396279623514224,-0.374985161070005,-0.369443656231388,
-0.345271356132634,-0.320690030594726,-0.297135337583471,-0.287599581246238,
-0.283764333766783,-0.258487476551357,-0.233291369231613,-0.226471258549709,
-0.20173529715445,-0.193124447061156,-0.189013173353061,-0.163872773879354,
-0.138167890770981,-0.112168342926672,-0.101566411260761,-0.09742478589624,
-0.0708732286939415,-0.0441567970592034,-0.017872617282306,0.),
 .UNSPECIFIED.);
#175=B_SPLINE_CURVE_WITH_KNOTS('',3,(#1881,#1882,#1883,#1884,#1885,#1886,
#1887,#1888,#1889,#1890,#1891,#1892,#1893,#1894,#1895,#1896,#1897,#1898,
#1899,#1900,#1901,#1902,#1903,#1904,#1905,#1906,#1907,#1908,#1909,#1910,
#1911,#1912,#1913,#1914,#1915,#1916,#1917,#1918,#1919,#1920,#1921,#1922,
#1923,#1924,#1925,#1926,#1927,#1928,#1929,#1930,#1931,#1932,#1933,#1934,
#1935,#1936,#1937,#1938,#1939,#1940,#1941,#1942,#1943,#1944,#1945,#1946,
#1947,#1948,#1949,#1950,#1951,#1952,#1953,#1954,#1955,#1956,#1957,#1958,
#1959,#1960,#1961,#1962,#1963,#1964,#1965),.UNSPECIFIED.,.F.,.F.,(4,3,3,
3,3,3,3,3,3,3,3,3,3,3,3,3,3,3,3,3,3,3,3,3,3,3,3,3,4),(-0.472119585381911,
-0.445773085885797,-0.418982030451395,-0.41338235713248,-0.407853050759842,
-0.381521665213073,-0.362762037362762,-0.355582466694059,-0.350837655798605,
-0.325103323546101,-0.299866605716042,-0.275143180758353,-0.262769901003346,
-0.258771739611522,-0.234235218301104,-0.231444642410586,-0.206530940018121,
-0.182100045539675,-0.171558070836872,-0.167709238191726,-0.143302508265797,
-0.118974833286581,-0.0951032933765606,-0.0858793763663042,-0.0812261452358549,
-0.0577835744979737,-0.0344336793442643,-0.0110837841905549,0.),
 .UNSPECIFIED.);
#176=B_SPLINE_CURVE_WITH_KNOTS('',3,(#1967,#1968,#1969,#1970,#1971,#1972,
#1973,#1974,#1975,#1976,#1977),.UNSPECIFIED.,.F.,.F.,(4,1,1,1,1,1,1,1,4),
(15.7079632679489,15.8974996126572,16.8759509664602,17.8544023202632,18.8328536740661,
19.8113050278691,20.7897563816721,21.7682077354751,21.9911485751285),
 .UNSPECIFIED.);
#177=B_SPLINE_CURVE_WITH_KNOTS('',3,(#2174,#2175,#2176,#2177),
 .UNSPECIFIED.,.F.,.F.,(4,4),(-0.039600216709118,-0.0262656066125092),
 .UNSPECIFIED.);
#178=B_SPLINE_CURVE_WITH_KNOTS('',3,(#2178,#2179,#2180,#2181,#2182,#2183,
#2184,#2185,#2186,#2187,#2188,#2189,#2190,#2191,#2192,#2193,#2194,#2195,
#2196,#2197,#2198,#2199,#2200,#2201,#2202),.UNSPECIFIED.,.F.,.F.,(4,3,3,
3,3,3,3,3,4),(-41.5401508765001,-41.2117268226439,-40.2332754688409,-39.2548241150379,
-38.276372761235,-37.297921407432,-36.319470053629,-35.341018699826,-35.2569655693205),
 .UNSPECIFIED.);
#179=B_SPLINE_CURVE_WITH_KNOTS('',3,(#2289,#2290,#2291,#2292,#2293,#2294,
#2295,#2296,#2297,#2298,#2299,#2300,#2301,#2302,#2303,#2304,#2305,#2306,
#2307,#2308,#2309),.UNSPECIFIED.,.T.,.F.,(4,1,1,1,1,1,1,1,1,1,1,1,1,1,1,
1,1,1,4),(0.,0.0911835177794421,0.182367035558884,0.227958794448605,0.273550553338326,
0.364734071117769,0.455917588897211,0.501509347786932,0.547101106676653,
0.729468142235537,0.775059901125258,0.820651660014979,0.8662434189047,0.911835177794421,
1.00301869557386,1.04861045446358,1.09420221335331,1.18538573113275,1.27656924891219),
 .UNSPECIFIED.);
#180=LINE('',#840,#205);
#181=LINE('',#885,#206);
#182=LINE('',#939,#207);
#183=LINE('',#987,#208);
#184=LINE('',#1038,#209);
#185=LINE('',#1089,#210);
#186=LINE('',#1137,#211);
#187=LINE('',#1150,#212);
#188=LINE('',#1172,#213);
#189=LINE('',#1197,#214);
#190=LINE('',#1222,#215);
#191=LINE('',#1246,#216);
#192=LINE('',#1271,#217);
#193=LINE('',#1296,#218);
#194=LINE('',#2288,#219);
#195=LINE('',#2314,#220);
#196=LINE('',#2319,#221);
#197=LINE('',#2321,#222);
#198=LINE('',#2323,#223);
#199=LINE('',#2324,#224);
#200=LINE('',#2329,#225);
#201=LINE('',#2335,#226);
#202=LINE('',#2341,#227);
#203=LINE('',#2358,#228);
#204=LINE('',#2372,#229);
#205=VECTOR('',#697,2.5);
#206=VECTOR('',#700,2.5);
#207=VECTOR('',#703,2.5);
#208=VECTOR('',#706,2.5);
#209=VECTOR('',#709,2.5);
#210=VECTOR('',#712,2.5);
#211=VECTOR('',#715,2.5);
#212=VECTOR('',#720,2.56);
#213=VECTOR('',#725,2.56);
#214=VECTOR('',#728,2.56);
#215=VECTOR('',#731,2.56);
#216=VECTOR('',#734,2.56);
#217=VECTOR('',#737,2.56);
#218=VECTOR('',#740,2.56);
#219=VECTOR('',#751,10.);
#220=VECTOR('',#758,2.267);
#221=VECTOR('',#763,10.);
#222=VECTOR('',#764,10.);
#223=VECTOR('',#765,10.);
#224=VECTOR('',#766,10.);
#225=VECTOR('',#771,25.);
#226=VECTOR('',#778,9.);
#227=VECTOR('',#785,9.);
#228=VECTOR('',#812,25.7508234663079);
#229=VECTOR('',#831,23.6793884083543);
#230=VERTEX_POINT('',#838);
#231=VERTEX_POINT('',#839);
#232=VERTEX_POINT('',#841);
#233=VERTEX_POINT('',#855);
#234=VERTEX_POINT('',#883);
#235=VERTEX_POINT('',#884);
#236=VERTEX_POINT('',#937);
#237=VERTEX_POINT('',#938);
#238=VERTEX_POINT('',#985);
#239=VERTEX_POINT('',#986);
#240=VERTEX_POINT('',#1036);
#241=VERTEX_POINT('',#1037);
#242=VERTEX_POINT('',#1087);
#243=VERTEX_POINT('',#1088);
#244=VERTEX_POINT('',#1135);
#245=VERTEX_POINT('',#1136);
#246=VERTEX_POINT('',#1138);
#247=VERTEX_POINT('',#1148);
#248=VERTEX_POINT('',#1149);
#249=VERTEX_POINT('',#1151);
#250=VERTEX_POINT('',#1159);
#251=VERTEX_POINT('',#1170);
#252=VERTEX_POINT('',#1171);
#253=VERTEX_POINT('',#1195);
#254=VERTEX_POINT('',#1196);
#255=VERTEX_POINT('',#1220);
#256=VERTEX_POINT('',#1221);
#257=VERTEX_POINT('',#1244);
#258=VERTEX_POINT('',#1245);
#259=VERTEX_POINT('',#1269);
#260=VERTEX_POINT('',#1270);
#261=VERTEX_POINT('',#1294);
#262=VERTEX_POINT('',#1295);
#263=VERTEX_POINT('',#1297);
#264=VERTEX_POINT('',#1303);
#265=VERTEX_POINT('',#1507);
#266=VERTEX_POINT('',#1611);
#267=VERTEX_POINT('',#1723);
#268=VERTEX_POINT('',#1732);
#269=VERTEX_POINT('',#1765);
#270=VERTEX_POINT('',#2287);
#271=VERTEX_POINT('',#2313);
#272=VERTEX_POINT('',#2317);
#273=VERTEX_POINT('',#2318);
#274=VERTEX_POINT('',#2320);
#275=VERTEX_POINT('',#2322);
#276=VERTEX_POINT('',#2326);
#277=VERTEX_POINT('',#2328);
#278=VERTEX_POINT('',#2332);
#279=VERTEX_POINT('',#2334);
#280=VERTEX_POINT('',#2338);
#281=VERTEX_POINT('',#2340);
#282=VERTEX_POINT('',#2348);
#283=VERTEX_POINT('',#2352);
#284=VERTEX_POINT('',#2356);
#285=VERTEX_POINT('',#2360);
#286=VERTEX_POINT('',#2364);
#287=VERTEX_POINT('',#2367);
#288=VERTEX_POINT('',#2371);
#289=EDGE_CURVE('',#230,#231,#180,.T.);
#290=EDGE_CURVE('',#231,#232,#138,.T.);
#291=EDGE_CURVE('',#233,#232,#139,.T.);
#292=EDGE_CURVE('',#233,#230,#140,.T.);
#293=EDGE_CURVE('',#234,#235,#181,.T.);
#294=EDGE_CURVE('',#235,#231,#141,.T.);
#295=EDGE_CURVE('',#230,#234,#142,.T.);
#296=EDGE_CURVE('',#236,#237,#182,.T.);
#297=EDGE_CURVE('',#237,#235,#143,.T.);
#298=EDGE_CURVE('',#234,#236,#144,.T.);
#299=EDGE_CURVE('',#238,#239,#183,.T.);
#300=EDGE_CURVE('',#239,#237,#145,.T.);
#301=EDGE_CURVE('',#236,#238,#146,.T.);
#302=EDGE_CURVE('',#240,#241,#184,.T.);
#303=EDGE_CURVE('',#241,#239,#147,.T.);
#304=EDGE_CURVE('',#238,#240,#148,.T.);
#305=EDGE_CURVE('',#242,#243,#185,.T.);
#306=EDGE_CURVE('',#243,#241,#149,.T.);
#307=EDGE_CURVE('',#240,#242,#150,.T.);
#308=EDGE_CURVE('',#244,#245,#186,.T.);
#309=EDGE_CURVE('',#246,#244,#36,.T.);
#310=EDGE_CURVE('',#246,#245,#151,.T.);
#311=EDGE_CURVE('',#247,#248,#187,.T.);
#312=EDGE_CURVE('',#248,#249,#152,.T.);
#313=EDGE_CURVE('',#250,#249,#37,.T.);
#314=EDGE_CURVE('',#247,#250,#153,.T.);
#315=EDGE_CURVE('',#251,#252,#188,.T.);
#316=EDGE_CURVE('',#252,#248,#154,.T.);
#317=EDGE_CURVE('',#251,#247,#155,.T.);
#318=EDGE_CURVE('',#253,#254,#189,.T.);
#319=EDGE_CURVE('',#254,#252,#156,.T.);
#320=EDGE_CURVE('',#253,#251,#157,.T.);
#321=EDGE_CURVE('',#255,#256,#190,.T.);
#322=EDGE_CURVE('',#256,#254,#158,.T.);
#323=EDGE_CURVE('',#255,#253,#159,.T.);
#324=EDGE_CURVE('',#257,#258,#191,.T.);
#325=EDGE_CURVE('',#258,#256,#160,.T.);
#326=EDGE_CURVE('',#257,#255,#161,.T.);
#327=EDGE_CURVE('',#259,#260,#192,.T.);
#328=EDGE_CURVE('',#260,#258,#162,.T.);
#329=EDGE_CURVE('',#259,#257,#163,.T.);
#330=EDGE_CURVE('',#261,#262,#193,.T.);
#331=EDGE_CURVE('',#263,#261,#164,.T.);
#332=EDGE_CURVE('',#264,#263,#38,.T.);
#333=EDGE_CURVE('',#264,#262,#165,.T.);
#334=EDGE_CURVE('',#265,#233,#166,.T.);
#335=EDGE_CURVE('',#263,#265,#167,.T.);
#336=EDGE_CURVE('',#261,#259,#168,.T.);
#337=EDGE_CURVE('',#266,#250,#169,.T.);
#338=EDGE_CURVE('',#242,#266,#170,.T.);
#339=EDGE_CURVE('',#267,#265,#171,.T.);
#340=EDGE_CURVE('',#268,#267,#172,.T.);
#341=EDGE_CURVE('',#269,#268,#173,.T.);
#342=EDGE_CURVE('',#269,#264,#174,.T.);
#343=EDGE_CURVE('',#266,#246,#39,.T.);
#344=EDGE_CURVE('',#249,#246,#175,.T.);
#345=EDGE_CURVE('',#262,#260,#176,.T.);
#346=EDGE_CURVE('',#232,#269,#177,.T.);
#347=EDGE_CURVE('',#245,#243,#178,.T.);
#348=EDGE_CURVE('',#268,#270,#194,.T.);
#349=EDGE_CURVE('',#270,#270,#179,.T.);
#350=EDGE_CURVE('',#244,#266,#40,.T.);
#351=EDGE_CURVE('',#244,#271,#195,.T.);
#352=EDGE_CURVE('',#271,#271,#41,.T.);
#353=EDGE_CURVE('',#272,#273,#196,.T.);
#354=EDGE_CURVE('',#273,#274,#197,.T.);
#355=EDGE_CURVE('',#274,#275,#198,.T.);
#356=EDGE_CURVE('',#275,#272,#199,.T.);
#357=EDGE_CURVE('',#276,#276,#42,.T.);
#358=EDGE_CURVE('',#276,#277,#200,.T.);
#359=EDGE_CURVE('',#277,#277,#43,.T.);
#360=EDGE_CURVE('',#273,#278,#44,.T.);
#361=EDGE_CURVE('',#278,#279,#201,.T.);
#362=EDGE_CURVE('',#274,#279,#45,.F.);
#363=EDGE_CURVE('',#275,#280,#46,.T.);
#364=EDGE_CURVE('',#280,#281,#202,.T.);
#365=EDGE_CURVE('',#272,#281,#47,.F.);
#366=EDGE_CURVE('',#278,#281,#48,.T.);
#367=EDGE_CURVE('',#280,#279,#49,.T.);
#368=EDGE_CURVE('',#282,#278,#50,.T.);
#369=EDGE_CURVE('',#281,#282,#51,.T.);
#370=EDGE_CURVE('',#283,#283,#52,.T.);
#371=EDGE_CURVE('',#283,#282,#53,.T.);
#372=EDGE_CURVE('',#284,#284,#54,.T.);
#373=EDGE_CURVE('',#284,#283,#203,.T.);
#374=EDGE_CURVE('',#284,#285,#55,.T.);
#375=EDGE_CURVE('',#285,#285,#56,.T.);
#376=EDGE_CURVE('',#286,#286,#57,.T.);
#377=EDGE_CURVE('',#287,#287,#58,.T.);
#378=EDGE_CURVE('',#287,#286,#59,.T.);
#379=EDGE_CURVE('',#287,#288,#204,.T.);
#380=EDGE_CURVE('',#288,#288,#60,.T.);
#381=ORIENTED_EDGE('',*,*,#289,.T.);
#382=ORIENTED_EDGE('',*,*,#290,.T.);
#383=ORIENTED_EDGE('',*,*,#291,.F.);
#384=ORIENTED_EDGE('',*,*,#292,.T.);
#385=ORIENTED_EDGE('',*,*,#293,.T.);
#386=ORIENTED_EDGE('',*,*,#294,.T.);
#387=ORIENTED_EDGE('',*,*,#289,.F.);
#388=ORIENTED_EDGE('',*,*,#295,.T.);
#389=ORIENTED_EDGE('',*,*,#296,.T.);
#390=ORIENTED_EDGE('',*,*,#297,.T.);
#391=ORIENTED_EDGE('',*,*,#293,.F.);
#392=ORIENTED_EDGE('',*,*,#298,.T.);
#393=ORIENTED_EDGE('',*,*,#299,.T.);
#394=ORIENTED_EDGE('',*,*,#300,.T.);
#395=ORIENTED_EDGE('',*,*,#296,.F.);
#396=ORIENTED_EDGE('',*,*,#301,.T.);
#397=ORIENTED_EDGE('',*,*,#302,.T.);
#398=ORIENTED_EDGE('',*,*,#303,.T.);
#399=ORIENTED_EDGE('',*,*,#299,.F.);
#400=ORIENTED_EDGE('',*,*,#304,.T.);
#401=ORIENTED_EDGE('',*,*,#305,.T.);
#402=ORIENTED_EDGE('',*,*,#306,.T.);
#403=ORIENTED_EDGE('',*,*,#302,.F.);
#404=ORIENTED_EDGE('',*,*,#307,.T.);
#405=ORIENTED_EDGE('',*,*,#308,.F.);
#406=ORIENTED_EDGE('',*,*,#309,.F.);
#407=ORIENTED_EDGE('',*,*,#310,.T.);
#408=ORIENTED_EDGE('',*,*,#311,.T.);
#409=ORIENTED_EDGE('',*,*,#312,.T.);
#410=ORIENTED_EDGE('',*,*,#313,.F.);
#411=ORIENTED_EDGE('',*,*,#314,.F.);
#412=ORIENTED_EDGE('',*,*,#315,.T.);
#413=ORIENTED_EDGE('',*,*,#316,.T.);
#414=ORIENTED_EDGE('',*,*,#311,.F.);
#415=ORIENTED_EDGE('',*,*,#317,.F.);
#416=ORIENTED_EDGE('',*,*,#318,.T.);
#417=ORIENTED_EDGE('',*,*,#319,.T.);
#418=ORIENTED_EDGE('',*,*,#315,.F.);
#419=ORIENTED_EDGE('',*,*,#320,.F.);
#420=ORIENTED_EDGE('',*,*,#321,.T.);
#421=ORIENTED_EDGE('',*,*,#322,.T.);
#422=ORIENTED_EDGE('',*,*,#318,.F.);
#423=ORIENTED_EDGE('',*,*,#323,.F.);
#424=ORIENTED_EDGE('',*,*,#324,.T.);
#425=ORIENTED_EDGE('',*,*,#325,.T.);
#426=ORIENTED_EDGE('',*,*,#321,.F.);
#427=ORIENTED_EDGE('',*,*,#326,.F.);
#428=ORIENTED_EDGE('',*,*,#327,.T.);
#429=ORIENTED_EDGE('',*,*,#328,.T.);
#430=ORIENTED_EDGE('',*,*,#324,.F.);
#431=ORIENTED_EDGE('',*,*,#329,.F.);
#432=ORIENTED_EDGE('',*,*,#330,.F.);
#433=ORIENTED_EDGE('',*,*,#331,.F.);
#434=ORIENTED_EDGE('',*,*,#332,.F.);
#435=ORIENTED_EDGE('',*,*,#333,.T.);
#436=ORIENTED_EDGE('',*,*,#334,.F.);
#437=ORIENTED_EDGE('',*,*,#335,.F.);
#438=ORIENTED_EDGE('',*,*,#331,.T.);
#439=ORIENTED_EDGE('',*,*,#336,.T.);
#440=ORIENTED_EDGE('',*,*,#329,.T.);
#441=ORIENTED_EDGE('',*,*,#326,.T.);
#442=ORIENTED_EDGE('',*,*,#323,.T.);
#443=ORIENTED_EDGE('',*,*,#320,.T.);
#444=ORIENTED_EDGE('',*,*,#317,.T.);
#445=ORIENTED_EDGE('',*,*,#314,.T.);
#446=ORIENTED_EDGE('',*,*,#337,.F.);
#447=ORIENTED_EDGE('',*,*,#338,.F.);
#448=ORIENTED_EDGE('',*,*,#307,.F.);
#449=ORIENTED_EDGE('',*,*,#304,.F.);
#450=ORIENTED_EDGE('',*,*,#301,.F.);
#451=ORIENTED_EDGE('',*,*,#298,.F.);
#452=ORIENTED_EDGE('',*,*,#295,.F.);
#453=ORIENTED_EDGE('',*,*,#292,.F.);
#454=ORIENTED_EDGE('',*,*,#339,.F.);
#455=ORIENTED_EDGE('',*,*,#340,.F.);
#456=ORIENTED_EDGE('',*,*,#341,.F.);
#457=ORIENTED_EDGE('',*,*,#342,.T.);
#458=ORIENTED_EDGE('',*,*,#332,.T.);
#459=ORIENTED_EDGE('',*,*,#335,.T.);
#460=ORIENTED_EDGE('',*,*,#343,.F.);
#461=ORIENTED_EDGE('',*,*,#337,.T.);
#462=ORIENTED_EDGE('',*,*,#313,.T.);
#463=ORIENTED_EDGE('',*,*,#344,.T.);
#464=ORIENTED_EDGE('',*,*,#330,.T.);
#465=ORIENTED_EDGE('',*,*,#345,.T.);
#466=ORIENTED_EDGE('',*,*,#327,.F.);
#467=ORIENTED_EDGE('',*,*,#336,.F.);
#468=ORIENTED_EDGE('',*,*,#346,.F.);
#469=ORIENTED_EDGE('',*,*,#290,.F.);
#470=ORIENTED_EDGE('',*,*,#294,.F.);
#471=ORIENTED_EDGE('',*,*,#297,.F.);
#472=ORIENTED_EDGE('',*,*,#300,.F.);
#473=ORIENTED_EDGE('',*,*,#303,.F.);
#474=ORIENTED_EDGE('',*,*,#306,.F.);
#475=ORIENTED_EDGE('',*,*,#347,.F.);
#476=ORIENTED_EDGE('',*,*,#310,.F.);
#477=ORIENTED_EDGE('',*,*,#344,.F.);
#478=ORIENTED_EDGE('',*,*,#312,.F.);
#479=ORIENTED_EDGE('',*,*,#316,.F.);
#480=ORIENTED_EDGE('',*,*,#319,.F.);
#481=ORIENTED_EDGE('',*,*,#322,.F.);
#482=ORIENTED_EDGE('',*,*,#325,.F.);
#483=ORIENTED_EDGE('',*,*,#328,.F.);
#484=ORIENTED_EDGE('',*,*,#345,.F.);
#485=ORIENTED_EDGE('',*,*,#333,.F.);
#486=ORIENTED_EDGE('',*,*,#342,.F.);
#487=ORIENTED_EDGE('',*,*,#340,.T.);
#488=ORIENTED_EDGE('',*,*,#339,.T.);
#489=ORIENTED_EDGE('',*,*,#334,.T.);
#490=ORIENTED_EDGE('',*,*,#291,.T.);
#491=ORIENTED_EDGE('',*,*,#346,.T.);
#492=ORIENTED_EDGE('',*,*,#341,.T.);
#493=ORIENTED_EDGE('',*,*,#348,.T.);
#494=ORIENTED_EDGE('',*,*,#349,.T.);
#495=ORIENTED_EDGE('',*,*,#348,.F.);
#496=ORIENTED_EDGE('',*,*,#308,.T.);
#497=ORIENTED_EDGE('',*,*,#347,.T.);
#498=ORIENTED_EDGE('',*,*,#305,.F.);
#499=ORIENTED_EDGE('',*,*,#338,.T.);
#500=ORIENTED_EDGE('',*,*,#350,.F.);
#501=ORIENTED_EDGE('',*,*,#309,.T.);
#502=ORIENTED_EDGE('',*,*,#351,.T.);
#503=ORIENTED_EDGE('',*,*,#352,.T.);
#504=ORIENTED_EDGE('',*,*,#351,.F.);
#505=ORIENTED_EDGE('',*,*,#350,.T.);
#506=ORIENTED_EDGE('',*,*,#343,.T.);
#507=ORIENTED_EDGE('',*,*,#353,.T.);
#508=ORIENTED_EDGE('',*,*,#354,.T.);
#509=ORIENTED_EDGE('',*,*,#355,.T.);
#510=ORIENTED_EDGE('',*,*,#356,.T.);
#511=ORIENTED_EDGE('',*,*,#352,.F.);
#512=ORIENTED_EDGE('',*,*,#357,.T.);
#513=ORIENTED_EDGE('',*,*,#358,.T.);
#514=ORIENTED_EDGE('',*,*,#359,.F.);
#515=ORIENTED_EDGE('',*,*,#358,.F.);
#516=ORIENTED_EDGE('',*,*,#349,.F.);
#517=ORIENTED_EDGE('',*,*,#360,.T.);
#518=ORIENTED_EDGE('',*,*,#361,.T.);
#519=ORIENTED_EDGE('',*,*,#362,.F.);
#520=ORIENTED_EDGE('',*,*,#354,.F.);
#521=ORIENTED_EDGE('',*,*,#363,.T.);
#522=ORIENTED_EDGE('',*,*,#364,.T.);
#523=ORIENTED_EDGE('',*,*,#365,.F.);
#524=ORIENTED_EDGE('',*,*,#356,.F.);
#525=ORIENTED_EDGE('',*,*,#366,.F.);
#526=ORIENTED_EDGE('',*,*,#360,.F.);
#527=ORIENTED_EDGE('',*,*,#353,.F.);
#528=ORIENTED_EDGE('',*,*,#365,.T.);
#529=ORIENTED_EDGE('',*,*,#363,.F.);
#530=ORIENTED_EDGE('',*,*,#355,.F.);
#531=ORIENTED_EDGE('',*,*,#362,.T.);
#532=ORIENTED_EDGE('',*,*,#367,.F.);
#533=ORIENTED_EDGE('',*,*,#359,.T.);
#534=ORIENTED_EDGE('',*,*,#361,.F.);
#535=ORIENTED_EDGE('',*,*,#368,.F.);
#536=ORIENTED_EDGE('',*,*,#369,.F.);
#537=ORIENTED_EDGE('',*,*,#364,.F.);
#538=ORIENTED_EDGE('',*,*,#367,.T.);
#539=ORIENTED_EDGE('',*,*,#370,.T.);
#540=ORIENTED_EDGE('',*,*,#371,.T.);
#541=ORIENTED_EDGE('',*,*,#368,.T.);
#542=ORIENTED_EDGE('',*,*,#366,.T.);
#543=ORIENTED_EDGE('',*,*,#369,.T.);
#544=ORIENTED_EDGE('',*,*,#371,.F.);
#545=ORIENTED_EDGE('',*,*,#372,.F.);
#546=ORIENTED_EDGE('',*,*,#373,.T.);
#547=ORIENTED_EDGE('',*,*,#370,.F.);
#548=ORIENTED_EDGE('',*,*,#373,.F.);
#549=ORIENTED_EDGE('',*,*,#372,.T.);
#550=ORIENTED_EDGE('',*,*,#374,.T.);
#551=ORIENTED_EDGE('',*,*,#375,.F.);
#552=ORIENTED_EDGE('',*,*,#374,.F.);
#553=ORIENTED_EDGE('',*,*,#376,.F.);
#554=ORIENTED_EDGE('',*,*,#375,.T.);
#555=ORIENTED_EDGE('',*,*,#377,.F.);
#556=ORIENTED_EDGE('',*,*,#378,.T.);
#557=ORIENTED_EDGE('',*,*,#376,.T.);
#558=ORIENTED_EDGE('',*,*,#378,.F.);
#559=ORIENTED_EDGE('',*,*,#377,.T.);
#560=ORIENTED_EDGE('',*,*,#379,.T.);
#561=ORIENTED_EDGE('',*,*,#380,.F.);
#562=ORIENTED_EDGE('',*,*,#379,.F.);
#563=ORIENTED_EDGE('',*,*,#357,.F.);
#564=ORIENTED_EDGE('',*,*,#380,.T.);
#565=CYLINDRICAL_SURFACE('',#635,2.117);
#566=CYLINDRICAL_SURFACE('',#636,2.117);
#567=CYLINDRICAL_SURFACE('',#637,2.117);
#568=CYLINDRICAL_SURFACE('',#638,2.117);
#569=CYLINDRICAL_SURFACE('',#639,2.117);
#570=CYLINDRICAL_SURFACE('',#640,2.117);
#571=CYLINDRICAL_SURFACE('',#641,2.117);
#572=CYLINDRICAL_SURFACE('',#643,2.56);
#573=CYLINDRICAL_SURFACE('',#645,2.56);
#574=CYLINDRICAL_SURFACE('',#646,2.56);
#575=CYLINDRICAL_SURFACE('',#647,2.56);
#576=CYLINDRICAL_SURFACE('',#648,2.56);
#577=CYLINDRICAL_SURFACE('',#649,2.56);
#578=CYLINDRICAL_SURFACE('',#650,2.56);
#579=CYLINDRICAL_SURFACE('',#655,2.56);
#580=CYLINDRICAL_SURFACE('',#656,2.117);
#581=CYLINDRICAL_SURFACE('',#661,25.);
#582=CYLINDRICAL_SURFACE('',#664,8.99999999999999);
#583=CYLINDRICAL_SURFACE('',#667,8.99999999999999);
#584=CYLINDRICAL_SURFACE('',#674,27.);
#585=ADVANCED_FACE('',(#61),#565,.F.);
#586=ADVANCED_FACE('',(#62),#566,.F.);
#587=ADVANCED_FACE('',(#63),#567,.F.);
#588=ADVANCED_FACE('',(#64),#568,.F.);
#589=ADVANCED_FACE('',(#65),#569,.F.);
#590=ADVANCED_FACE('',(#66),#570,.F.);
#591=ADVANCED_FACE('',(#67),#571,.F.);
#592=ADVANCED_FACE('',(#68),#572,.F.);
#593=ADVANCED_FACE('',(#69),#573,.F.);
#594=ADVANCED_FACE('',(#70),#574,.F.);
#595=ADVANCED_FACE('',(#71),#575,.F.);
#596=ADVANCED_FACE('',(#72),#576,.F.);
#597=ADVANCED_FACE('',(#73),#577,.F.);
#598=ADVANCED_FACE('',(#74),#578,.F.);
#599=ADVANCED_FACE('',(#75),#33,.F.);
#600=ADVANCED_FACE('',(#76),#26,.F.);
#601=ADVANCED_FACE('',(#77),#27,.T.);
#602=ADVANCED_FACE('',(#78),#579,.F.);
#603=ADVANCED_FACE('',(#79),#34,.F.);
#604=ADVANCED_FACE('',(#80),#35,.T.);
#605=ADVANCED_FACE('',(#81),#580,.F.);
#606=ADVANCED_FACE('',(#82),#23,.F.);
#607=ADVANCED_FACE('',(#83,#18),#28,.F.);
#608=ADVANCED_FACE('',(#84,#19),#581,.F.);
#609=ADVANCED_FACE('',(#85),#582,.F.);
#610=ADVANCED_FACE('',(#86),#583,.F.);
#611=ADVANCED_FACE('',(#87),#29,.T.);
#612=ADVANCED_FACE('',(#88,#20),#30,.T.);
#613=ADVANCED_FACE('',(#89),#584,.T.);
#614=ADVANCED_FACE('',(#90),#15,.F.);
#615=ADVANCED_FACE('',(#91),#24,.T.);
#616=ADVANCED_FACE('',(#92),#16,.F.);
#617=ADVANCED_FACE('',(#93,#21),#31,.T.);
#618=ADVANCED_FACE('',(#94),#17,.T.);
#619=ADVANCED_FACE('',(#95),#25,.F.);
#620=ADVANCED_FACE('',(#96,#22),#32,.T.);
#621=CLOSED_SHELL('',(#585,#586,#587,#588,#589,#590,#591,#592,#593,#594,
#595,#596,#597,#598,#599,#600,#601,#602,#603,#604,#605,#606,#607,#608,#609,
#610,#611,#612,#613,#614,#615,#616,#617,#618,#619,#620));
#622=DERIVED_UNIT_ELEMENT(#624,1.);
#623=DERIVED_UNIT_ELEMENT(#2380,-3.);
#624=(
MASS_UNIT()
NAMED_UNIT(*)
SI_UNIT(.KILO.,.GRAM.)
);
#625=DERIVED_UNIT((#622,#623));
#626=MEASURE_REPRESENTATION_ITEM('density measure',
POSITIVE_RATIO_MEASURE(7850.),#625);
#627=PROPERTY_DEFINITION_REPRESENTATION(#632,#629);
#628=PROPERTY_DEFINITION_REPRESENTATION(#633,#630);
#629=REPRESENTATION('material name',(#631),#2377);
#630=REPRESENTATION('density',(#626),#2377);
#631=DESCRIPTIVE_REPRESENTATION_ITEM('Steel','Steel');
#632=PROPERTY_DEFINITION('material property','material name',#2387);
#633=PROPERTY_DEFINITION('material property','density of part',#2387);
#634=AXIS2_PLACEMENT_3D('',#836,#693,#694);
#635=AXIS2_PLACEMENT_3D('',#837,#695,#696);
#636=AXIS2_PLACEMENT_3D('',#882,#698,#699);
#637=AXIS2_PLACEMENT_3D('',#936,#701,#702);
#638=AXIS2_PLACEMENT_3D('',#984,#704,#705);
#639=AXIS2_PLACEMENT_3D('',#1035,#707,#708);
#640=AXIS2_PLACEMENT_3D('',#1086,#710,#711);
#641=AXIS2_PLACEMENT_3D('',#1134,#713,#714);
#642=AXIS2_PLACEMENT_3D('',#1139,#716,#717);
#643=AXIS2_PLACEMENT_3D('',#1147,#718,#719);
#644=AXIS2_PLACEMENT_3D('',#1160,#721,#722);
#645=AXIS2_PLACEMENT_3D('',#1169,#723,#724);
#646=AXIS2_PLACEMENT_3D('',#1194,#726,#727);
#647=AXIS2_PLACEMENT_3D('',#1219,#729,#730);
#648=AXIS2_PLACEMENT_3D('',#1243,#732,#733);
#649=AXIS2_PLACEMENT_3D('',#1268,#735,#736);
#650=AXIS2_PLACEMENT_3D('',#1293,#738,#739);
#651=AXIS2_PLACEMENT_3D('',#1304,#741,#742);
#652=AXIS2_PLACEMENT_3D('',#1722,#743,#744);
#653=AXIS2_PLACEMENT_3D('',#1879,#745,#746);
#654=AXIS2_PLACEMENT_3D('',#1880,#747,#748);
#655=AXIS2_PLACEMENT_3D('',#1966,#749,#750);
#656=AXIS2_PLACEMENT_3D('',#2310,#752,#753);
#657=AXIS2_PLACEMENT_3D('',#2311,#754,#755);
#658=AXIS2_PLACEMENT_3D('',#2312,#756,#757);
#659=AXIS2_PLACEMENT_3D('',#2315,#759,#760);
#660=AXIS2_PLACEMENT_3D('',#2316,#761,#762);
#661=AXIS2_PLACEMENT_3D('',#2325,#767,#768);
#662=AXIS2_PLACEMENT_3D('',#2327,#769,#770);
#663=AXIS2_PLACEMENT_3D('',#2330,#772,#773);
#664=AXIS2_PLACEMENT_3D('',#2331,#774,#775);
#665=AXIS2_PLACEMENT_3D('',#2333,#776,#777);
#666=AXIS2_PLACEMENT_3D('',#2336,#779,#780);
#667=AXIS2_PLACEMENT_3D('',#2337,#781,#782);
#668=AXIS2_PLACEMENT_3D('',#2339,#783,#784);
#669=AXIS2_PLACEMENT_3D('',#2342,#786,#787);
#670=AXIS2_PLACEMENT_3D('',#2343,#788,#789);
#671=AXIS2_PLACEMENT_3D('',#2344,#790,#791);
#672=AXIS2_PLACEMENT_3D('',#2345,#792,#793);
#673=AXIS2_PLACEMENT_3D('',#2346,#794,#795);
#674=AXIS2_PLACEMENT_3D('',#2347,#796,#797);
#675=AXIS2_PLACEMENT_3D('',#2349,#798,#799);
#676=AXIS2_PLACEMENT_3D('',#2350,#800,#801);
#677=AXIS2_PLACEMENT_3D('',#2351,#802,#803);
#678=AXIS2_PLACEMENT_3D('',#2353,#804,#805);
#679=AXIS2_PLACEMENT_3D('',#2354,#806,#807);
#680=AXIS2_PLACEMENT_3D('',#2355,#808,#809);
#681=AXIS2_PLACEMENT_3D('',#2357,#810,#811);
#682=AXIS2_PLACEMENT_3D('',#2359,#813,#814);
#683=AXIS2_PLACEMENT_3D('',#2361,#815,#816);
#684=AXIS2_PLACEMENT_3D('',#2362,#817,#818);
#685=AXIS2_PLACEMENT_3D('',#2363,#819,#820);
#686=AXIS2_PLACEMENT_3D('',#2365,#821,#822);
#687=AXIS2_PLACEMENT_3D('',#2366,#823,#824);
#688=AXIS2_PLACEMENT_3D('',#2368,#825,#826);
#689=AXIS2_PLACEMENT_3D('',#2369,#827,#828);
#690=AXIS2_PLACEMENT_3D('',#2370,#829,#830);
#691=AXIS2_PLACEMENT_3D('',#2373,#832,#833);
#692=AXIS2_PLACEMENT_3D('',#2374,#834,#835);
#693=DIRECTION('axis',(0.,0.,1.));
#694=DIRECTION('refdir',(1.,0.,0.));
#695=DIRECTION('center_axis',(0.,-1.,0.));
#696=DIRECTION('ref_axis',(0.771169513781962,0.,0.636629861861107));
#697=DIRECTION('',(0.,1.,0.));
#698=DIRECTION('center_axis',(0.,-1.,0.));
#699=DIRECTION('ref_axis',(1.,0.,0.));
#700=DIRECTION('',(0.,1.,0.));
#701=DIRECTION('center_axis',(0.,-1.,0.));
#702=DIRECTION('ref_axis',(1.,0.,0.));
#703=DIRECTION('',(0.,1.,0.));
#704=DIRECTION('center_axis',(0.,-1.,0.));
#705=DIRECTION('ref_axis',(1.,0.,0.));
#706=DIRECTION('',(0.,1.,0.));
#707=DIRECTION('center_axis',(0.,-1.,0.));
#708=DIRECTION('ref_axis',(1.,0.,0.));
#709=DIRECTION('',(0.,1.,0.));
#710=DIRECTION('center_axis',(0.,-1.,0.));
#711=DIRECTION('ref_axis',(1.,0.,0.));
#712=DIRECTION('',(0.,1.,0.));
#713=DIRECTION('center_axis',(0.,-1.,0.));
#714=DIRECTION('ref_axis',(-0.705219383853988,0.,-0.708989154103645));
#715=DIRECTION('',(0.,1.,0.));
#716=DIRECTION('center_axis',(0.,1.,0.));
#717=DIRECTION('ref_axis',(1.,0.,0.));
#718=DIRECTION('center_axis',(0.,-1.,0.));
#719=DIRECTION('ref_axis',(0.464532732684755,0.,-0.885555949821599));
#720=DIRECTION('',(1.22464679914735E-16,-1.,9.17877607537445E-31));
#721=DIRECTION('center_axis',(0.,1.,0.));
#722=DIRECTION('ref_axis',(1.,0.,7.37257477290143E-15));
#723=DIRECTION('center_axis',(0.,-1.,0.));
#724=DIRECTION('ref_axis',(1.,0.,7.37257477290143E-15));
#725=DIRECTION('',(1.22464679914735E-16,-1.,9.17877607537445E-31));
#726=DIRECTION('center_axis',(0.,-1.,0.));
#727=DIRECTION('ref_axis',(1.,0.,7.37257477290143E-15));
#728=DIRECTION('',(1.22464679914735E-16,-1.,9.17877607537445E-31));
#729=DIRECTION('center_axis',(0.,-1.,0.));
#730=DIRECTION('ref_axis',(1.,0.,7.37257477290143E-15));
#731=DIRECTION('',(1.22464679914735E-16,-1.,9.17877607537445E-31));
#732=DIRECTION('center_axis',(0.,-1.,0.));
#733=DIRECTION('ref_axis',(1.,0.,7.37257477290143E-15));
#734=DIRECTION('',(1.22464679914735E-16,-1.,9.17877607537445E-31));
#735=DIRECTION('center_axis',(0.,-1.,0.));
#736=DIRECTION('ref_axis',(1.,0.,7.37257477290143E-15));
#737=DIRECTION('',(1.22464679914735E-16,-1.,9.17877607537445E-31));
#738=DIRECTION('center_axis',(0.,-1.,0.));
#739=DIRECTION('ref_axis',(-0.609206213317672,0.,0.793011847108947));
#740=DIRECTION('',(1.22464679914735E-16,-1.,9.17877607537445E-31));
#741=DIRECTION('center_axis',(0.,-1.,0.));
#742=DIRECTION('ref_axis',(1.,0.,7.37257477290143E-15));
#743=DIRECTION('center_axis',(0.,1.,0.));
#744=DIRECTION('ref_axis',(0.,0.,1.));
#745=DIRECTION('center_axis',(0.,1.,0.));
#746=DIRECTION('ref_axis',(0.,0.,1.));
#747=DIRECTION('center_axis',(0.,1.,0.));
#748=DIRECTION('ref_axis',(1.,0.,0.));
#749=DIRECTION('center_axis',(0.,-1.,0.));
#750=DIRECTION('ref_axis',(1.,0.,7.37257477290143E-15));
#751=DIRECTION('',(0.674293361625351,0.738463582357305,2.50570475229379E-15));
#752=DIRECTION('center_axis',(0.,-1.,0.));
#753=DIRECTION('ref_axis',(1.,0.,0.));
#754=DIRECTION('center_axis',(0.,1.,0.));
#755=DIRECTION('ref_axis',(1.,0.,0.));
#756=DIRECTION('center_axis',(0.,-1.,0.));
#757=DIRECTION('ref_axis',(1.,0.,0.));
#758=DIRECTION('',(-0.70710678118655,-0.707106781186545,8.65956056235496E-17));
#759=DIRECTION('center_axis',(0.,-1.,0.));
#760=DIRECTION('ref_axis',(1.,0.,0.));
#761=DIRECTION('center_axis',(0.,1.,0.));
#762=DIRECTION('ref_axis',(1.,0.,0.));
#763=DIRECTION('',(-1.,0.,0.));
#764=DIRECTION('',(0.,0.,-1.));
#765=DIRECTION('',(1.,0.,0.));
#766=DIRECTION('',(0.,0.,1.));
#767=DIRECTION('center_axis',(0.,0.,1.));
#768=DIRECTION('ref_axis',(1.,0.,0.));
#769=DIRECTION('center_axis',(0.,0.,1.));
#770=DIRECTION('ref_axis',(1.,0.,0.));
#771=DIRECTION('',(0.,0.,-1.));
#772=DIRECTION('center_axis',(0.,0.,1.));
#773=DIRECTION('ref_axis',(1.,0.,0.));
#774=DIRECTION('center_axis',(0.,0.,1.));
#775=DIRECTION('ref_axis',(0.380662936060715,0.924713863370522,0.));
#776=DIRECTION('center_axis',(0.,0.,1.));
#777=DIRECTION('ref_axis',(0.380662936060715,0.924713863370522,0.));
#778=DIRECTION('',(0.,0.,-1.));
#779=DIRECTION('center_axis',(0.,0.,-1.));
#780=DIRECTION('ref_axis',(0.380662936060715,0.924713863370522,0.));
#781=DIRECTION('center_axis',(0.,0.,-1.));
#782=DIRECTION('ref_axis',(-0.380662936060715,0.924713863370522,0.));
#783=DIRECTION('center_axis',(0.,0.,-1.));
#784=DIRECTION('ref_axis',(-0.380662936060715,0.924713863370522,0.));
#785=DIRECTION('',(0.,0.,1.));
#786=DIRECTION('center_axis',(0.,0.,1.));
#787=DIRECTION('ref_axis',(-0.380662936060715,0.924713863370522,0.));
#788=DIRECTION('center_axis',(0.,0.,1.));
#789=DIRECTION('ref_axis',(-1.,0.,0.));
#790=DIRECTION('center_axis',(0.,0.,1.));
#791=DIRECTION('ref_axis',(1.,0.,0.));
#792=DIRECTION('center_axis',(0.,0.,-1.));
#793=DIRECTION('ref_axis',(-1.,0.,0.));
#794=DIRECTION('center_axis',(0.,0.,1.));
#795=DIRECTION('ref_axis',(1.,0.,0.));
#796=DIRECTION('center_axis',(0.,0.,1.));
#797=DIRECTION('ref_axis',(-1.83697019872103E-16,1.,0.));
#798=DIRECTION('center_axis',(0.,0.,1.));
#799=DIRECTION('ref_axis',(1.,0.,0.));
#800=DIRECTION('center_axis',(0.,0.,1.));
#801=DIRECTION('ref_axis',(1.,0.,0.));
#802=DIRECTION('center_axis',(-3.82790404424493E-49,3.12572085838143E-33,
-1.));
#803=DIRECTION('ref_axis',(1.,1.22464679914735E-16,0.));
#804=DIRECTION('center_axis',(-3.82790404424493E-49,3.12572085838143E-33,
-1.));
#805=DIRECTION('ref_axis',(1.,1.22464679914735E-16,0.));
#806=DIRECTION('center_axis',(0.,1.,3.12572085838143E-33));
#807=DIRECTION('ref_axis',(-1.,0.,0.));
#808=DIRECTION('center_axis',(0.,0.,1.));
#809=DIRECTION('ref_axis',(1.,0.,0.));
#810=DIRECTION('center_axis',(0.,0.,1.));
#811=DIRECTION('ref_axis',(1.,0.,0.));
#812=DIRECTION('',(0.0712470617578265,8.7252486130376E-18,-0.997458698990027));
#813=DIRECTION('center_axis',(0.,0.,1.));
#814=DIRECTION('ref_axis',(1.,0.,0.));
#815=DIRECTION('center_axis',(1.22464679914735E-16,-1.,0.));
#816=DIRECTION('ref_axis',(-1.,-1.22464679914735E-16,0.));
#817=DIRECTION('center_axis',(0.,0.,1.));
#818=DIRECTION('ref_axis',(1.,0.,0.));
#819=DIRECTION('center_axis',(0.,0.,-1.));
#820=DIRECTION('ref_axis',(-1.,0.,0.));
#821=DIRECTION('center_axis',(0.,0.,1.));
#822=DIRECTION('ref_axis',(1.,0.,0.));
#823=DIRECTION('center_axis',(0.,0.,1.));
#824=DIRECTION('ref_axis',(1.,0.,0.));
#825=DIRECTION('center_axis',(0.,0.,1.));
#826=DIRECTION('ref_axis',(1.,0.,0.));
#827=DIRECTION('center_axis',(1.22464679914735E-16,-1.,0.));
#828=DIRECTION('ref_axis',(-1.,-1.22464679914735E-16,0.));
#829=DIRECTION('center_axis',(0.,0.,1.));
#830=DIRECTION('ref_axis',(1.,0.,0.));
#831=DIRECTION('',(0.0712470617578266,8.72524861303762E-18,-0.997458698990026));
#832=DIRECTION('center_axis',(0.,0.,1.));
#833=DIRECTION('ref_axis',(1.,0.,0.));
#834=DIRECTION('center_axis',(0.,0.,-1.));
#835=DIRECTION('ref_axis',(-1.,0.,0.));
#836=CARTESIAN_POINT('',(0.,0.,0.));
#837=CARTESIAN_POINT('Origin',(0.,-25.,6.00000008940697));
#838=CARTESIAN_POINT('',(-2.11648326377247,-25.9211486779826,5.99824070368132));
#839=CARTESIAN_POINT('',(-2.1177885206251,-25.6992612360276,5.99834389164292));
#840=CARTESIAN_POINT('',(-2.117,-25.,6.00000008940697));
#841=CARTESIAN_POINT('',(1.83463842742963,-25.2327762886211,4.94421431186842));
#842=CARTESIAN_POINT('Ctrl Pts',(-2.1177885206251,-25.6992612360276,5.99834389164292));
#843=CARTESIAN_POINT('Ctrl Pts',(-2.11299688584855,-25.6657786431271,6.55425595427186));
#844=CARTESIAN_POINT('Ctrl Pts',(-1.88727814241579,-25.6322960502266,7.11353276613476));
#845=CARTESIAN_POINT('Ctrl Pts',(-1.49391497777427,-25.5988134573261,7.5042967645243));
#846=CARTESIAN_POINT('Ctrl Pts',(-1.00604655526653,-25.5572866921174,7.98894157268994));
#847=CARTESIAN_POINT('Ctrl Pts',(-0.260304376982324,-25.5157599269087,8.21437684800319));
#848=CARTESIAN_POINT('Ctrl Pts',(0.414065867296215,-25.4742331617,8.07971613984164));
#849=CARTESIAN_POINT('Ctrl Pts',(1.08843611157475,-25.4327063964912,7.94505543168009));
#850=CARTESIAN_POINT('Ctrl Pts',(1.69143442184763,-25.3911796312825,7.45029874004374));
#851=CARTESIAN_POINT('Ctrl Pts',(1.95622871358188,-25.3496528660738,6.8169418396777));
#852=CARTESIAN_POINT('Ctrl Pts',(2.20464882200552,-25.3106940069229,6.22275006602082));
#853=CARTESIAN_POINT('Ctrl Pts',(2.15539896274331,-25.271735147772,5.50656944127904));
#854=CARTESIAN_POINT('Ctrl Pts',(1.83463842742963,-25.2327762886211,4.94421431186842));
#855=CARTESIAN_POINT('',(-0.401612374288426,-25.2968411642568,3.92112180917012));
#856=CARTESIAN_POINT('Ctrl Pts',(-0.402953577391287,-25.2968985461897,3.92033401637895));
#857=CARTESIAN_POINT('Ctrl Pts',(-0.113757750475884,-25.3016751056382,3.86143534251133));
#858=CARTESIAN_POINT('Ctrl Pts',(0.33557073101728,-25.3008718054718,3.87165515110724));
#859=CARTESIAN_POINT('Ctrl Pts',(0.939664193025604,-25.2838367873704,4.08123868432178));
#860=CARTESIAN_POINT('Ctrl Pts',(1.43216995554713,-25.2608940138303,4.40069554967743));
#861=CARTESIAN_POINT('Ctrl Pts',(1.70469202821738,-25.2423481191708,4.71742201890218));
#862=CARTESIAN_POINT('Ctrl Pts',(1.83393652016453,-25.2327946770943,4.94371716165367));
#863=CARTESIAN_POINT('Ctrl Pts',(-0.400607730646871,-25.2967981816587,3.92171191443966));
#864=CARTESIAN_POINT('Ctrl Pts',(-0.22474944931688,-25.3075818883046,3.88620415839781));
#865=CARTESIAN_POINT('Ctrl Pts',(-0.0449634053309846,-25.3183655949504,
3.87283707545122));
#866=CARTESIAN_POINT('Ctrl Pts',(0.133250294303187,-25.3291493015962,3.88408646351264));
#867=CARTESIAN_POINT('Ctrl Pts',(0.82131042012179,-25.3707838031342,3.9275189009785));
#868=CARTESIAN_POINT('Ctrl Pts',(1.48593266877512,-25.4124183046722,4.33789247515868));
#869=CARTESIAN_POINT('Ctrl Pts',(1.83254705107503,-25.4540528062102,4.93361815575156));
#870=CARTESIAN_POINT('Ctrl Pts',(2.17916143337494,-25.4956873077482,5.52934383634445));
#871=CARTESIAN_POINT('Ctrl Pts',(2.20776794932142,-25.5373218092863,6.31042162335003));
#872=CARTESIAN_POINT('Ctrl Pts',(1.90547403607146,-25.5789563108243,6.92993969707444));
#873=CARTESIAN_POINT('Ctrl Pts',(1.6031801228215,-25.6205908123623,7.54945777079885));
#874=CARTESIAN_POINT('Ctrl Pts',(0.969985780375114,-25.6622253139003,8.00741613124209));
#875=CARTESIAN_POINT('Ctrl Pts',(0.287002383861929,-25.7038598154383,8.10070958563854));
#876=CARTESIAN_POINT('Ctrl Pts',(-0.395981012651258,-25.7454943169763,8.19400304003499));
#877=CARTESIAN_POINT('Ctrl Pts',(-1.12875346323124,-25.7871288185143,7.92263158838465));
#878=CARTESIAN_POINT('Ctrl Pts',(-1.58616135707391,-25.8287633200524,7.40696054745325));
#879=CARTESIAN_POINT('Ctrl Pts',(-1.92448486627675,-25.8595584393624,7.02554247725659));
#880=CARTESIAN_POINT('Ctrl Pts',(-2.112159781473,-25.8903535586725,6.51047107825956));
#881=CARTESIAN_POINT('Ctrl Pts',(-2.11648326377247,-25.9211486779826,5.99824070368132));
#882=CARTESIAN_POINT('Origin',(0.,-25.,6.00000008940697));
#883=CARTESIAN_POINT('',(-2.11872413984058,-26.7211486779826,6.00145126063445));
#884=CARTESIAN_POINT('',(-2.11711896837225,-26.4992612360276,6.00174495419892));
#885=CARTESIAN_POINT('',(-2.117,-25.,6.00000008940697));
#886=CARTESIAN_POINT('Ctrl Pts',(-2.11711896837225,-26.4992612360276,6.00174495419892));
#887=CARTESIAN_POINT('Ctrl Pts',(-2.11847779338824,-26.4897993329215,6.15900661511542));
#888=CARTESIAN_POINT('Ctrl Pts',(-2.10237384409595,-26.4803374298154,6.31599269398358));
#889=CARTESIAN_POINT('Ctrl Pts',(-2.06773615340188,-26.4708755267092,6.46877676558004));
#890=CARTESIAN_POINT('Ctrl Pts',(-1.91571692083374,-26.4293487615005,7.13932139044748));
#891=CARTESIAN_POINT('Ctrl Pts',(-1.40670254227372,-26.3878219962918,7.72892735501434));
#892=CARTESIAN_POINT('Ctrl Pts',(-0.765521654987601,-26.3462952310831,7.97718145947572));
#893=CARTESIAN_POINT('Ctrl Pts',(-0.124340767701483,-26.3047684658744,8.2254355639371));
#894=CARTESIAN_POINT('Ctrl Pts',(0.649006628310727,-26.2632417006657,8.132337808293));
#895=CARTESIAN_POINT('Ctrl Pts',(1.21294130604,-26.2217149354569,7.73898698959295));
#896=CARTESIAN_POINT('Ctrl Pts',(1.77687598376927,-26.1801881702482,7.3456361708929));
#897=CARTESIAN_POINT('Ctrl Pts',(2.1313979432156,-26.1386614050395,6.6520322891369));
#898=CARTESIAN_POINT('Ctrl Pts',(2.11991351601453,-26.0971346398308,5.96457746694393));
#899=CARTESIAN_POINT('Ctrl Pts',(2.10842908881345,-26.055607874622,5.27712264475097));
#900=CARTESIAN_POINT('Ctrl Pts',(1.73093827496497,-26.0140811094133,4.59581688212103));
#901=CARTESIAN_POINT('Ctrl Pts',(1.1541839484216,-25.9725543442046,4.22150296969806));
#902=CARTESIAN_POINT('Ctrl Pts',(0.577429621878236,-25.9310275789959,3.8471890572751));
#903=CARTESIAN_POINT('Ctrl Pts',(-0.198588217360026,-25.8895008137872,3.7798669950591));
#904=CARTESIAN_POINT('Ctrl Pts',(-0.831124916503537,-25.8479740485784,4.04943902086435));
#905=CARTESIAN_POINT('Ctrl Pts',(-1.46366161564705,-25.8064472833697,4.3190110466696));
#906=CARTESIAN_POINT('Ctrl Pts',(-1.95271717469581,-25.764920518161,4.92547716049611));
#907=CARTESIAN_POINT('Ctrl Pts',(-2.08224762085455,-25.7233937529523,5.60063738791838));
#908=CARTESIAN_POINT('Ctrl Pts',(-2.10733903413528,-25.7153495806441,5.73142304333255));
#909=CARTESIAN_POINT('Ctrl Pts',(-2.11893970792697,-25.7073054083358,5.86478636121792));
#910=CARTESIAN_POINT('Ctrl Pts',(-2.1177885206251,-25.6992612360276,5.99834389164292));
#911=CARTESIAN_POINT('Ctrl Pts',(-2.11648326377247,-25.9211486779826,5.99824070368132));
#912=CARTESIAN_POINT('Ctrl Pts',(-2.11800505937676,-25.9319880602105,5.8179439247368));
#913=CARTESIAN_POINT('Ctrl Pts',(-2.09681097380075,-25.9428274424385,5.6379991276236));
#914=CARTESIAN_POINT('Ctrl Pts',(-2.05147489589624,-25.9536668246664,5.46435858209561));
#915=CARTESIAN_POINT('Ctrl Pts',(-1.87733720377054,-25.9953013262044,4.79739828788182));
#916=CARTESIAN_POINT('Ctrl Pts',(-1.34701848241379,-26.0369358277424,4.2234483296667));
#917=CARTESIAN_POINT('Ctrl Pts',(-0.695887085207631,-26.0785703292804,3.99720975793403));
#918=CARTESIAN_POINT('Ctrl Pts',(-0.0447556880014686,-26.1202048308185,
3.77097118620136));
#919=CARTESIAN_POINT('Ctrl Pts',(0.727188385054108,-26.1618393323565,3.89244400095114));
#920=CARTESIAN_POINT('Ctrl Pts',(1.27736312932222,-26.2034738338945,4.30772762740059));
#921=CARTESIAN_POINT('Ctrl Pts',(1.82753787359033,-26.2451083354325,4.72301125385004));
#922=CARTESIAN_POINT('Ctrl Pts',(2.15594328907099,-26.2867428369705,5.43210569199916));
#923=CARTESIAN_POINT('Ctrl Pts',(2.11682977636494,-26.3283773385085,6.12031040650652));
#924=CARTESIAN_POINT('Ctrl Pts',(2.07771626365889,-26.3700118400465,6.80851512101389));
#925=CARTESIAN_POINT('Ctrl Pts',(1.67108382276614,-26.4116463415846,7.4758301118795));
#926=CARTESIAN_POINT('Ctrl Pts',(1.07739753900093,-26.4532808431226,7.82610345718182));
#927=CARTESIAN_POINT('Ctrl Pts',(0.483711255235717,-26.4949153446606,8.17637680248415));
#928=CARTESIAN_POINT('Ctrl Pts',(-0.297028871401954,-26.5365498461986,8.20960850222318));
#929=CARTESIAN_POINT('Ctrl Pts',(-0.918331407036541,-26.5781843477366,7.91104915739399));
#930=CARTESIAN_POINT('Ctrl Pts',(-1.53963394267113,-26.6198188492746,7.61248981256481));
#931=CARTESIAN_POINT('Ctrl Pts',(-2.00149888730263,-26.6614533508127,6.9821394231674));
#932=CARTESIAN_POINT('Ctrl Pts',(-2.09895024421815,-26.7030878523507,6.29974794961316));
#933=CARTESIAN_POINT('Ctrl Pts',(-2.11304153789548,-26.7091081275613,6.20107535067651));
#934=CARTESIAN_POINT('Ctrl Pts',(-2.11951343614474,-26.7151284027719,6.10131464303024));
#935=CARTESIAN_POINT('Ctrl Pts',(-2.11872413984058,-26.7211486779826,6.00145126063445));
#936=CARTESIAN_POINT('Origin',(0.,-25.,6.00000008940697));
#937=CARTESIAN_POINT('',(-2.11393120168608,-27.5211486779826,5.99948136550542));
#938=CARTESIAN_POINT('',(-2.11495765471346,-27.2992612360276,5.99863126790777));
#939=CARTESIAN_POINT('',(-2.117,-25.,6.00000008940697));
#940=CARTESIAN_POINT('Ctrl Pts',(-2.11495765471346,-27.2992612360276,5.99863126790777));
#941=CARTESIAN_POINT('Ctrl Pts',(-2.1121677584707,-27.2722932575071,6.44802217165168));
#942=CARTESIAN_POINT('Ctrl Pts',(-1.97140427766986,-27.2453252789867,6.89901053660712));
#943=CARTESIAN_POINT('Ctrl Pts',(-1.7063936312294,-27.2183573004662,7.25837329386852));
#944=CARTESIAN_POINT('Ctrl Pts',(-1.29831577384767,-27.1768305352575,7.81173968112787));
#945=CARTESIAN_POINT('Ctrl Pts',(-0.59562898573427,-27.1353037700488,8.14784781407274));
#946=CARTESIAN_POINT('Ctrl Pts',(0.0912955995560367,-27.0937770048401,8.11824161521784));
#947=CARTESIAN_POINT('Ctrl Pts',(0.778220184846343,-27.0522502396313,8.08863541636294));
#948=CARTESIAN_POINT('Ctrl Pts',(1.44938256731355,-27.0107234744226,7.69331488570828));
#949=CARTESIAN_POINT('Ctrl Pts',(1.80833574456995,-26.9691967092139,7.10688955932805));
#950=CARTESIAN_POINT('Ctrl Pts',(2.16728892182635,-26.9276699440052,6.52046423294781));
#951=CARTESIAN_POINT('Ctrl Pts',(2.21403289387193,-26.8861431787964,5.74293411084201));
#952=CARTESIAN_POINT('Ctrl Pts',(1.92792115250261,-26.8446164135877,5.11772873771019));
#953=CARTESIAN_POINT('Ctrl Pts',(1.64180941113328,-26.803089648379,4.49252336457837));
#954=CARTESIAN_POINT('Ctrl Pts',(1.02284195634905,-26.7615628831703,4.01964274042052));
#955=CARTESIAN_POINT('Ctrl Pts',(0.344411885509046,-26.7200361179616,3.90795300402725));
#956=CARTESIAN_POINT('Ctrl Pts',(-0.334018185330961,-26.6785093527528,3.79626326763398));
#957=CARTESIAN_POINT('Ctrl Pts',(-1.07191087222674,-26.6369825875441,4.04576441900529));
#958=CARTESIAN_POINT('Ctrl Pts',(-1.5433451723865,-26.5954558223354,4.54625663727495));
#959=CARTESIAN_POINT('Ctrl Pts',(-1.90736283061453,-26.5633909602328,4.93271134622194));
#960=CARTESIAN_POINT('Ctrl Pts',(-2.11251412976096,-26.5313260981302,5.46881057358166));
#961=CARTESIAN_POINT('Ctrl Pts',(-2.11711896837225,-26.4992612360276,6.00174495419892));
#962=CARTESIAN_POINT('Ctrl Pts',(-2.11872413984058,-26.7211486779826,6.00145126063445));
#963=CARTESIAN_POINT('Ctrl Pts',(-2.11405488864653,-26.75676290431,5.4106880516407));
#964=CARTESIAN_POINT('Ctrl Pts',(-1.85527525387621,-26.7923771306373,4.816331670781));
#965=CARTESIAN_POINT('Ctrl Pts',(-1.41654155210079,-26.8279913569647,4.42239097977979));
#966=CARTESIAN_POINT('Ctrl Pts',(-0.903643733868374,-26.8696258585027,3.96185804121171));
#967=CARTESIAN_POINT('Ctrl Pts',(-0.144810328204014,-26.9112603600407,3.77522472178662));
#968=CARTESIAN_POINT('Ctrl Pts',(0.523188680042746,-26.9528948615787,3.94531900089539));
#969=CARTESIAN_POINT('Ctrl Pts',(1.1911876882895,-26.9945293631168,4.11541328000417));
#970=CARTESIAN_POINT('Ctrl Pts',(1.76835229911866,-27.0361638646548,4.64223515764681));
#971=CARTESIAN_POINT('Ctrl Pts',(1.99853692930065,-27.0777983661928,5.29198112346301));
#972=CARTESIAN_POINT('Ctrl Pts',(2.22872155948264,-27.1194328677308,5.94172708927921));
#973=CARTESIAN_POINT('Ctrl Pts',(2.11192620901747,-27.1610673692688,6.71439714326897));
#974=CARTESIAN_POINT('Ctrl Pts',(1.69998465739944,-27.2027018708068,7.26708052631227));
#975=CARTESIAN_POINT('Ctrl Pts',(1.28804310578142,-27.2443363723448,7.81976390935557));
#976=CARTESIAN_POINT('Ctrl Pts',(0.580955353010554,-27.2859708738828,8.15246062145241));
#977=CARTESIAN_POINT('Ctrl Pts',(-0.107473227647026,-27.3276053754209,8.11751991555848));
#978=CARTESIAN_POINT('Ctrl Pts',(-0.795901808304611,-27.3692398769589,8.08257920966455));
#979=CARTESIAN_POINT('Ctrl Pts',(-1.46567121684891,-27.4108743784969,7.68000108577984));
#980=CARTESIAN_POINT('Ctrl Pts',(-1.8195379309556,-27.4525088800349,7.08844963609269));
#981=CARTESIAN_POINT('Ctrl Pts',(-2.01400276868564,-27.4753888126841,6.7633669083691));
#982=CARTESIAN_POINT('Ctrl Pts',(-2.11306591499998,-27.4982687453334,6.38121478797667));
#983=CARTESIAN_POINT('Ctrl Pts',(-2.11393120168608,-27.5211486779826,5.99948136550542));
#984=CARTESIAN_POINT('Origin',(0.,-25.,6.00000008940697));
#985=CARTESIAN_POINT('',(-2.12006212099176,-28.3211486779826,5.9994644092601));
#986=CARTESIAN_POINT('',(-2.11978773289358,-28.0992612360276,6.00080298357277));
#987=CARTESIAN_POINT('',(-2.117,-25.,6.00000008940697));
#988=CARTESIAN_POINT('Ctrl Pts',(-2.11978773289358,-28.0992612360276,6.00080298357277));
#989=CARTESIAN_POINT('Ctrl Pts',(-2.12003045449224,-28.0963139473015,6.04962745236878));
#990=CARTESIAN_POINT('Ctrl Pts',(-2.11848386311767,-28.0933666585754,6.09843629793323));
#991=CARTESIAN_POINT('Ctrl Pts',(-2.11509782890737,-28.0904193698493,6.14711719976337));
#992=CARTESIAN_POINT('Ctrl Pts',(-2.06738921916202,-28.0488926046406,6.83302230385442));
#993=CARTESIAN_POINT('Ctrl Pts',(-1.65450889124782,-28.0073658394319,7.49352763341653));
#994=CARTESIAN_POINT('Ctrl Pts',(-1.05882277233447,-27.9658390742232,7.8368932840488));
#995=CARTESIAN_POINT('Ctrl Pts',(-0.463136653421119,-27.9243123090144,8.18025893468106));
#996=CARTESIAN_POINT('Ctrl Pts',(0.315355256491387,-27.8827855438057,8.20648490638349));
#997=CARTESIAN_POINT('Ctrl Pts',(0.932799327699972,-27.841258778597,7.90398740070186));
#998=CARTESIAN_POINT('Ctrl Pts',(1.55024339890856,-27.7997320133883,7.60148989502022));
#999=CARTESIAN_POINT('Ctrl Pts',(2.00663963141323,-27.7582052481796,6.9702689119545));
#1000=CARTESIAN_POINT('Ctrl Pts',(2.10040147250831,-27.7166784829708,6.28912968815535));
#1001=CARTESIAN_POINT('Ctrl Pts',(2.19416331360338,-27.6751517177621,5.60799046435621));
#1002=CARTESIAN_POINT('Ctrl Pts',(1.92529076328887,-27.6336249525534,4.87693299982363));
#1003=CARTESIAN_POINT('Ctrl Pts',(1.41254266813431,-27.5920981873447,4.41885952229352));
#1004=CARTESIAN_POINT('Ctrl Pts',(0.899794572979754,-27.550571422136,3.96078604476341));
#1005=CARTESIAN_POINT('Ctrl Pts',(0.143170932985155,-27.5090446569272,3.77569655423577));
#1006=CARTESIAN_POINT('Ctrl Pts',(-0.523133659495776,-27.4675178917185,
3.94534356893084));
#1007=CARTESIAN_POINT('Ctrl Pts',(-1.18943825197671,-27.4259911265098,4.1149905836259));
#1008=CARTESIAN_POINT('Ctrl Pts',(-1.76542379694398,-27.3844643613011,4.63937410354368));
#1009=CARTESIAN_POINT('Ctrl Pts',(-1.99668210610258,-27.3429375960924,5.28687818428949));
#1010=CARTESIAN_POINT('Ctrl Pts',(-2.07775850047153,-27.3283788094041,5.51388536252691));
#1011=CARTESIAN_POINT('Ctrl Pts',(-2.1164637929748,-27.3138200227158,5.75602553080026));
#1012=CARTESIAN_POINT('Ctrl Pts',(-2.11495765471346,-27.2992612360276,5.99863126790777));
#1013=CARTESIAN_POINT('Ctrl Pts',(-2.11393120168608,-27.5211486779826,5.99948136550542));
#1014=CARTESIAN_POINT('Ctrl Pts',(-2.11464047295064,-27.5399032468714,5.68657634613085));
#1015=CARTESIAN_POINT('Ctrl Pts',(-2.04937059527443,-27.5586578157601,5.3739526499196));
#1016=CARTESIAN_POINT('Ctrl Pts',(-1.91658157005911,-27.5774123846489,5.09327202688119));
#1017=CARTESIAN_POINT('Ctrl Pts',(-1.62179447538687,-27.619046886187,4.47017064284646));
#1018=CARTESIAN_POINT('Ctrl Pts',(-0.99425626637332,-27.660681387725,4.0044926502666));
#1019=CARTESIAN_POINT('Ctrl Pts',(-0.312468259416441,-27.702315889263,3.90290584130831));
#1020=CARTESIAN_POINT('Ctrl Pts',(0.369319747540438,-27.743950390801,3.80131903235002));
#1021=CARTESIAN_POINT('Ctrl Pts',(1.10535755244065,-27.785584892339,4.06382340701332));
#1022=CARTESIAN_POINT('Ctrl Pts',(1.5689917403525,-27.827219393877,4.57391958126569));
#1023=CARTESIAN_POINT('Ctrl Pts',(2.03262592826436,-27.868853895415,5.08401575551807));
#1024=CARTESIAN_POINT('Ctrl Pts',(2.22385649918786,-27.9104883969531,5.84170372935952));
#1025=CARTESIAN_POINT('Ctrl Pts',(2.05781536742048,-27.9521228984911,6.51072174761163));
#1026=CARTESIAN_POINT('Ctrl Pts',(1.8917742356531,-27.9937574000291,7.17973976586373));
#1027=CARTESIAN_POINT('Ctrl Pts',(1.36846140119483,-28.0353919015671,7.76008782852649));
#1028=CARTESIAN_POINT('Ctrl Pts',(0.720122986094073,-28.0770264031051,7.99420759590195));
#1029=CARTESIAN_POINT('Ctrl Pts',(0.0717845709933175,-28.1186609046431,
8.22832736327741));
#1030=CARTESIAN_POINT('Ctrl Pts',(-0.701579424749929,-28.1602954061812,
8.11621883536558));
#1031=CARTESIAN_POINT('Ctrl Pts',(-1.25675023597563,-28.2019299077192,7.70763574792482));
#1032=CARTESIAN_POINT('Ctrl Pts',(-1.78665355298011,-28.241669497807,7.31764850628873));
#1033=CARTESIAN_POINT('Ctrl Pts',(-2.11777296950006,-28.2814090878948,6.65755947633185));
#1034=CARTESIAN_POINT('Ctrl Pts',(-2.12006212099176,-28.3211486779826,5.9994644092601));
#1035=CARTESIAN_POINT('Origin',(0.,-25.,6.00000008940697));
#1036=CARTESIAN_POINT('',(-2.11480986222118,-29.1211486779826,6.00132663819307));
#1037=CARTESIAN_POINT('',(-2.11384035262929,-28.8992612360276,6.00007826034212));
#1038=CARTESIAN_POINT('',(-2.117,-25.,6.00000008940697));
#1039=CARTESIAN_POINT('Ctrl Pts',(-2.11384035262929,-28.8992612360276,6.00007826034212));
#1040=CARTESIAN_POINT('Ctrl Pts',(-2.11395710542886,-28.8788078718871,6.34136475038245));
#1041=CARTESIAN_POINT('Ctrl Pts',(-2.0356869116225,-28.8583545077467,6.6826007339223));
#1042=CARTESIAN_POINT('Ctrl Pts',(-1.87872949572148,-28.8379011436063,6.98267896182396));
#1043=CARTESIAN_POINT('Ctrl Pts',(-1.56005655208548,-28.7963743783976,7.59193218925221));
#1044=CARTESIAN_POINT('Ctrl Pts',(-0.917020900346736,-28.7548476131889,
8.03152583634635));
#1045=CARTESIAN_POINT('Ctrl Pts',(-0.233646216259253,-28.7133208479801,
8.10729496399387));
#1046=CARTESIAN_POINT('Ctrl Pts',(0.449728467828224,-28.6717940827714,8.18306409164139));
#1047=CARTESIAN_POINT('Ctrl Pts',(1.17344218426444,-28.6302673175627,7.89500869984229));
#1048=CARTESIAN_POINT('Ctrl Pts',(1.61783638647476,-28.588740552354,7.37036051968439));
#1049=CARTESIAN_POINT('Ctrl Pts',(2.06223058868508,-28.5472137871452,6.84571233952648));
#1050=CARTESIAN_POINT('Ctrl Pts',(2.2273052766695,-28.5056870219365,6.08447137100975));
#1051=CARTESIAN_POINT('Ctrl Pts',(2.04014828837526,-28.4641602567278,5.42287165307157));
#1052=CARTESIAN_POINT('Ctrl Pts',(1.85299130008103,-28.4226334915191,4.76127193513339));
#1053=CARTESIAN_POINT('Ctrl Pts',(1.31360263550814,-28.3811067263104,4.19931346777377));
#1054=CARTESIAN_POINT('Ctrl Pts',(0.660225937764865,-28.3395799611016,3.98520879043033));
#1055=CARTESIAN_POINT('Ctrl Pts',(0.00684924002158471,-28.2980531958929,
3.77110411308689));
#1056=CARTESIAN_POINT('Ctrl Pts',(-0.760515490892091,-28.2565264306842,
3.90485322575965));
#1057=CARTESIAN_POINT('Ctrl Pts',(-1.30292941056067,-28.2149996654755,4.32738022140601));
#1058=CARTESIAN_POINT('Ctrl Pts',(-1.80684646146825,-28.1764201889929,4.71991911071964));
#1059=CARTESIAN_POINT('Ctrl Pts',(-2.11661055105701,-28.1378407125102,5.36169951568897));
#1060=CARTESIAN_POINT('Ctrl Pts',(-2.11978773289358,-28.0992612360276,6.00080298357277));
#1061=CARTESIAN_POINT('Ctrl Pts',(-2.12006212099176,-28.3211486779826,5.9994644092601));
#1062=CARTESIAN_POINT('Ctrl Pts',(-2.12017127509635,-28.3230435894328,5.96808432015581));
#1063=CARTESIAN_POINT('Ctrl Pts',(-2.11953277142158,-28.324938500883,5.93670876470314));
#1064=CARTESIAN_POINT('Ctrl Pts',(-2.1181325107559,-28.3268334123332,5.90536724265451));
#1065=CARTESIAN_POINT('Ctrl Pts',(-2.0873663476023,-28.3684679138712,5.21673947179468));
#1066=CARTESIAN_POINT('Ctrl Pts',(-1.68885639458694,-28.4101024154092,4.54454157704471));
#1067=CARTESIAN_POINT('Ctrl Pts',(-1.09946129899714,-28.4517369169473,4.18709481858084));
#1068=CARTESIAN_POINT('Ctrl Pts',(-0.510066203407329,-28.4933714184853,
3.82964806011697));
#1069=CARTESIAN_POINT('Ctrl Pts',(0.270214034756927,-28.5350059200233,3.78695243793919));
#1070=CARTESIAN_POINT('Ctrl Pts',(0.895091255399455,-28.5766404215613,4.07795629218947));
#1071=CARTESIAN_POINT('Ctrl Pts',(1.51996847604198,-28.6182749230993,4.36896014643974));
#1072=CARTESIAN_POINT('Ctrl Pts',(1.98944267916278,-28.6599094246373,4.99366347711806));
#1073=CARTESIAN_POINT('Ctrl Pts',(2.09516124541186,-28.7015439261753,5.67482302051037));
#1074=CARTESIAN_POINT('Ctrl Pts',(2.20087981166094,-28.7431784277134,6.35598256390269));
#1075=CARTESIAN_POINT('Ctrl Pts',(1.94284274103831,-28.7848129292514,7.093598320009));
#1076=CARTESIAN_POINT('Ctrl Pts',(1.43556697049082,-28.8264474307894,7.56031670626476));
#1077=CARTESIAN_POINT('Ctrl Pts',(0.928291199943341,-28.8680819323274,8.02703509252052));
#1078=CARTESIAN_POINT('Ctrl Pts',(0.171776729471026,-28.9097164338654,8.22285610892573));
#1079=CARTESIAN_POINT('Ctrl Pts',(-0.498235767177647,-28.9513509354034,
8.06087418253021));
#1080=CARTESIAN_POINT('Ctrl Pts',(-1.16824826382632,-28.9929854369414,7.89889225613468));
#1081=CARTESIAN_POINT('Ctrl Pts',(-1.75175878665135,-29.0346199384794,7.37910738693842));
#1082=CARTESIAN_POINT('Ctrl Pts',(-1.98980494193381,-29.0762544400175,6.73220047622712));
#1083=CARTESIAN_POINT('Ctrl Pts',(-2.07536619800067,-29.0912191860058,6.49968183809532));
#1084=CARTESIAN_POINT('Ctrl Pts',(-2.11629659777632,-29.1061839319942,6.25074018763764));
#1085=CARTESIAN_POINT('Ctrl Pts',(-2.11480986222118,-29.1211486779826,6.00132663819307));
#1086=CARTESIAN_POINT('Origin',(0.,-25.,6.00000008940697));
#1087=CARTESIAN_POINT('',(-2.11694427577081,-29.9211486779826,5.99824825401557));
#1088=CARTESIAN_POINT('',(-2.11961015258027,-29.6992612360276,5.99904583813643));
#1089=CARTESIAN_POINT('',(-2.117,-25.,6.00000008940697));
#1090=CARTESIAN_POINT('Ctrl Pts',(-2.11961015258027,-29.6992612360276,5.99904583813643));
#1091=CARTESIAN_POINT('Ctrl Pts',(-2.11600454309859,-29.6613017964728,6.62801758836784));
#1092=CARTESIAN_POINT('Ctrl Pts',(-1.81734824955317,-29.623342356918,7.25997517768177));
#1093=CARTESIAN_POINT('Ctrl Pts',(-1.32722507937271,-29.5853829173632,7.65340806520409));
#1094=CARTESIAN_POINT('Ctrl Pts',(-0.791041456796621,-29.5438561521545,
8.08381471338321));
#1095=CARTESIAN_POINT('Ctrl Pts',(-0.0257128928913872,-29.5023293869458,
8.22875825818819));
#1096=CARTESIAN_POINT('Ctrl Pts',(0.630721792740873,-29.4608026217371,8.02422106906492));
#1097=CARTESIAN_POINT('Ctrl Pts',(1.28715647837314,-29.4192758565284,7.81968387994164));
#1098=CARTESIAN_POINT('Ctrl Pts',(1.83469728573243,-29.3777490913197,7.2656659568901));
#1099=CARTESIAN_POINT('Ctrl Pts',(2.03149949669089,-29.3362223261109,6.60687116569625));
#1100=CARTESIAN_POINT('Ctrl Pts',(2.22830170764935,-29.2946955609022,5.9480763745024));
#1101=CARTESIAN_POINT('Ctrl Pts',(2.07436532220698,-29.2531687956935,5.18450471516623));
#1102=CARTESIAN_POINT('Ctrl Pts',(1.63768297764918,-29.2116420304848,4.65342037456286));
#1103=CARTESIAN_POINT('Ctrl Pts',(1.20100063309137,-29.170115265276,4.12233603395948));
#1104=CARTESIAN_POINT('Ctrl Pts',(0.481572329418115,-29.1285885000673,3.8237390120889));
#1105=CARTESIAN_POINT('Ctrl Pts',(-0.202836311779994,-29.0870617348586,
3.88951685592906));
#1106=CARTESIAN_POINT('Ctrl Pts',(-0.887244952978093,-29.0455349696499,
3.95529469976922));
#1107=CARTESIAN_POINT('Ctrl Pts',(-1.53663393170105,-29.0040082044412,4.3854474093201));
#1108=CARTESIAN_POINT('Ctrl Pts',(-1.86417330329589,-28.9624814392324,4.98998016797672));
#1109=CARTESIAN_POINT('Ctrl Pts',(-2.03038823741326,-28.9414080381642,5.29675969241261));
#1110=CARTESIAN_POINT('Ctrl Pts',(-2.11372006050745,-28.9203346370959,5.64844578392256));
#1111=CARTESIAN_POINT('Ctrl Pts',(-2.11384035262929,-28.8992612360276,6.00007826034212));
#1112=CARTESIAN_POINT('Ctrl Pts',(-2.11480986222118,-29.1211486779826,6.00132663819307));
#1113=CARTESIAN_POINT('Ctrl Pts',(-2.11216024331996,-29.1478184335322,5.55682872291772));
#1114=CARTESIAN_POINT('Ctrl Pts',(-1.97478794680669,-29.1744881890819,5.11083199131309));
#1115=CARTESIAN_POINT('Ctrl Pts',(-1.71522357461429,-29.2011579446315,4.75362652745561));
#1116=CARTESIAN_POINT('Ctrl Pts',(-1.31001426427239,-29.2427924461695,4.19598844162172));
#1117=CARTESIAN_POINT('Ctrl Pts',(-0.607013855848708,-29.2844269477075,
3.85474122218028));
#1118=CARTESIAN_POINT('Ctrl Pts',(0.0817883760879377,-29.3260614492456,
3.88133222113626));
#1119=CARTESIAN_POINT('Ctrl Pts',(0.770590608024574,-29.3676959507836,3.90792322009224));
#1120=CARTESIAN_POINT('Ctrl Pts',(1.44519466347417,-29.4093304523216,4.30235243744562));
#1121=CARTESIAN_POINT('Ctrl Pts',(1.80620717095733,-29.4509649538596,4.88956850421168));
#1122=CARTESIAN_POINT('Ctrl Pts',(2.16721967844048,-29.4925994553976,5.47678457097775));
#1123=CARTESIAN_POINT('Ctrl Pts',(2.2146406379572,-29.5342339569356,6.25678748715651));
#1124=CARTESIAN_POINT('Ctrl Pts',(1.92743300183975,-29.5758684584736,6.88341956543139));
#1125=CARTESIAN_POINT('Ctrl Pts',(1.64022536572229,-29.6175029600117,7.51005164370628));
#1126=CARTESIAN_POINT('Ctrl Pts',(1.01838913397065,-29.6591374615497,7.9833128840773));
#1127=CARTESIAN_POINT('Ctrl Pts',(0.337878595496689,-29.7007719630877,8.09315539361936));
#1128=CARTESIAN_POINT('Ctrl Pts',(-0.342631942977262,-29.7424064646257,
8.20299790316141));
#1129=CARTESIAN_POINT('Ctrl Pts',(-1.08181678817353,-29.7840409661637,7.94942168187451));
#1130=CARTESIAN_POINT('Ctrl Pts',(-1.5515933462718,-29.8256754677017,7.44499270841422));
#1131=CARTESIAN_POINT('Ctrl Pts',(-1.91067915619303,-29.8574998711287,7.05941943243814));
#1132=CARTESIAN_POINT('Ctrl Pts',(-2.11235770797059,-29.8893242745556,6.52728034609763));
#1133=CARTESIAN_POINT('Ctrl Pts',(-2.11694427577081,-29.9211486779826,5.99824825401557));
#1134=CARTESIAN_POINT('Origin',(0.,-25.,6.00000008940697));
#1135=CARTESIAN_POINT('',(-2.117,-30.7,6.00000008940697));
#1136=CARTESIAN_POINT('',(-2.11516425343633,-30.4992612360276,6.00151933987845));
#1137=CARTESIAN_POINT('',(-2.117,-25.,6.00000008940697));
#1138=CARTESIAN_POINT('',(0.01282375096445,-30.7,3.87971295123));
#1139=CARTESIAN_POINT('Origin',(0.,-30.7,6.00000008940697));
#1140=CARTESIAN_POINT('Ctrl Pts',(0.0128270238520406,-30.7,3.87969283013073));
#1141=CARTESIAN_POINT('Ctrl Pts',(-0.638552122510789,-30.6606750941242,
3.87822922857544));
#1142=CARTESIAN_POINT('Ctrl Pts',(-1.29377263750131,-30.6213501882484,4.19852056693514));
#1143=CARTESIAN_POINT('Ctrl Pts',(-1.68778673636196,-30.5820252823725,4.71700890465627));
#1144=CARTESIAN_POINT('Ctrl Pts',(-1.96420359748676,-30.5544372669242,5.08074948971938));
#1145=CARTESIAN_POINT('Ctrl Pts',(-2.11206533866993,-30.5268492514759,5.54203453560581));
#1146=CARTESIAN_POINT('Ctrl Pts',(-2.11516425343633,-30.4992612360276,6.00151933987845));
#1147=CARTESIAN_POINT('Origin',(0.,-23.4434950667766,6.00000008940697));
#1148=CARTESIAN_POINT('',(-2.55993261500863,-30.1769148472336,5.99788166777163));
#1149=CARTESIAN_POINT('',(-2.55778010807606,-30.2434950667766,6.00183725577772));
#1150=CARTESIAN_POINT('',(-2.56,-23.4434950667766,6.00000008940695));
#1151=CARTESIAN_POINT('',(2.31201641827338,-30.7,7.09917254249807));
#1152=CARTESIAN_POINT('Ctrl Pts',(-2.55778010807606,-30.2434950667766,6.00183725577772));
#1153=CARTESIAN_POINT('Ctrl Pts',(-2.5540327194119,-30.2710830822249,5.44620140365778));
#1154=CARTESIAN_POINT('Ctrl Pts',(-2.10608699371771,-30.3401978628819,4.04874278469365));
#1155=CARTESIAN_POINT('Ctrl Pts',(0.17291402500928,-30.4508394087477,2.99677920629588));
#1156=CARTESIAN_POINT('Ctrl Pts',(2.58787574646822,-30.5754197043739,4.47151485049806));
#1157=CARTESIAN_POINT('Ctrl Pts',(2.67051200987002,-30.6584732347913,6.34510734434));
#1158=CARTESIAN_POINT('Ctrl Pts',(2.31201641827338,-30.7,7.09917254249809));
#1159=CARTESIAN_POINT('',(1.45598228668459,-30.7,8.11065045293255));
#1160=CARTESIAN_POINT('Origin',(0.,-30.7,6.00000008940697));
#1161=CARTESIAN_POINT('Ctrl Pts',(-2.55993261500863,-30.1769148472336,5.99788166777163));
#1162=CARTESIAN_POINT('Ctrl Pts',(-2.56164231537458,-30.1867249453446,5.80067835565961));
#1163=CARTESIAN_POINT('Ctrl Pts',(-2.45184519589106,-30.2381695449937,4.76840743805572));
#1164=CARTESIAN_POINT('Ctrl Pts',(-1.05641537156089,-30.3312486461808,3.1822583249691));
#1165=CARTESIAN_POINT('Ctrl Pts',(1.75440463005131,-30.4561521507948,3.55536118338892));
#1166=CARTESIAN_POINT('Ctrl Pts',(2.98689574094333,-30.5790692687346,6.05683185754675));
#1167=CARTESIAN_POINT('Ctrl Pts',(2.10807972885433,-30.6603518851363,7.65750919435107));
#1168=CARTESIAN_POINT('Ctrl Pts',(1.45599114627836,-30.7,8.1106680408104));
#1169=CARTESIAN_POINT('Origin',(0.,-23.4434950667766,6.00000008940697));
#1170=CARTESIAN_POINT('',(-2.55735155752773,-29.3769148472336,6.00160422964902));
#1171=CARTESIAN_POINT('',(-2.56315634889253,-29.4434950667766,5.99884615305712));
#1172=CARTESIAN_POINT('',(-2.56,-23.4434950667766,6.00000008940695));
#1173=CARTESIAN_POINT('Ctrl Pts',(-2.56315634889253,-29.4434950667766,5.99884615305712));
#1174=CARTESIAN_POINT('Ctrl Pts',(-2.5635661005884,-29.4470623924305,5.92736801805062));
#1175=CARTESIAN_POINT('Ctrl Pts',(-2.52891312782587,-29.4921564832932,5.02422548129128));
#1176=CARTESIAN_POINT('Ctrl Pts',(-1.46323343188935,-29.5787773393646,3.37357584868319));
#1177=CARTESIAN_POINT('Ctrl Pts',(1.36203840843197,-29.7033576349907,3.31965917652598));
#1178=CARTESIAN_POINT('Ctrl Pts',(2.98413193256201,-29.8279379306169,5.63361486305057));
#1179=CARTESIAN_POINT('Ctrl Pts',(1.97004278952098,-29.952518226243,8.27102783944032));
#1180=CARTESIAN_POINT('Ctrl Pts',(-0.784255072419032,-30.0770985218692,
8.90264873566151));
#1181=CARTESIAN_POINT('Ctrl Pts',(-2.38938694609401,-30.174090802047,7.39746106631125));
#1182=CARTESIAN_POINT('Ctrl Pts',(-2.55967346328831,-30.2295563170162,6.28257035581226));
#1183=CARTESIAN_POINT('Ctrl Pts',(-2.55778010807606,-30.2434950667766,6.00183725577772));
#1184=CARTESIAN_POINT('Ctrl Pts',(-2.55735155752773,-29.3769148472336,6.00160422964902));
#1185=CARTESIAN_POINT('Ctrl Pts',(-2.55414748365569,-29.4035846027832,5.46409139870669));
#1186=CARTESIAN_POINT('Ctrl Pts',(-2.12869897764862,-29.4718888598709,4.0828184058155));
#1187=CARTESIAN_POINT('Ctrl Pts',(0.116072543501138,-29.5818276184966,2.99317175597742));
#1188=CARTESIAN_POINT('Ctrl Pts',(2.56338437432444,-29.7067311231106,4.42407227051399));
#1189=CARTESIAN_POINT('Ctrl Pts',(2.73541695301523,-29.8316346277246,7.25374746949977));
#1190=CARTESIAN_POINT('Ctrl Pts',(0.479534921908674,-29.9565381323387,8.97063283844138));
#1191=CARTESIAN_POINT('Ctrl Pts',(-1.99144511385776,-30.0716315388417,8.12296694753872));
#1192=CARTESIAN_POINT('Ctrl Pts',(-2.55438626944011,-30.1450904438066,6.63761816079482));
#1193=CARTESIAN_POINT('Ctrl Pts',(-2.55993261500863,-30.1769148472336,5.99788166777163));
#1194=CARTESIAN_POINT('Origin',(0.,-23.4434950667766,6.00000008940697));
#1195=CARTESIAN_POINT('',(-2.56370289548366,-28.5769148472336,5.99935231369795));
#1196=CARTESIAN_POINT('',(-2.55617916992489,-28.6434950667766,6.0000946182657));
#1197=CARTESIAN_POINT('',(-2.56,-23.4434950667766,6.00000008940695));
#1198=CARTESIAN_POINT('Ctrl Pts',(-2.55617916992489,-28.6434950667766,6.0000946182657));
#1199=CARTESIAN_POINT('Ctrl Pts',(-2.55603370566796,-28.6645684678449,5.57488009789062));
#1200=CARTESIAN_POINT('Ctrl Pts',(-2.25668950789829,-28.7271686341219,4.31155491165538));
#1201=CARTESIAN_POINT('Ctrl Pts',(-0.287629331172951,-28.8312955656076,
3.0072571824996));
#1202=CARTESIAN_POINT('Ctrl Pts',(2.32229479363128,-28.9558758612338,4.09050003935647));
#1203=CARTESIAN_POINT('Ctrl Pts',(2.88074138796163,-29.0804561568599,6.86056633302762));
#1204=CARTESIAN_POINT('Ctrl Pts',(0.894386451485814,-29.2050364524861,8.87041878887823));
#1205=CARTESIAN_POINT('Ctrl Pts',(-1.80255083236274,-29.3260494224583,8.35965299693777));
#1206=CARTESIAN_POINT('Ctrl Pts',(-2.55879623539557,-29.4055356272218,6.75943551564212));
#1207=CARTESIAN_POINT('Ctrl Pts',(-2.56315634889253,-29.4434950667766,5.99884615305712));
#1208=CARTESIAN_POINT('Ctrl Pts',(-2.56370289548366,-28.5769148472336,5.99935231369795));
#1209=CARTESIAN_POINT('Ctrl Pts',(-2.56383489099984,-28.5788097586838,5.96140567784204));
#1210=CARTESIAN_POINT('Ctrl Pts',(-2.54609804485292,-28.622339171672,5.08983136773284));
#1211=CARTESIAN_POINT('Ctrl Pts',(-1.56036225338842,-28.7075030861982,3.42711373975779));
#1212=CARTESIAN_POINT('Ctrl Pts',(1.27031900740588,-28.8324065908123,3.27222362245724));
#1213=CARTESIAN_POINT('Ctrl Pts',(2.9734658567057,-28.9573100954263,5.53850684381267));
#1214=CARTESIAN_POINT('Ctrl Pts',(2.03736538321404,-29.0822136000404,8.21441095665937));
#1215=CARTESIAN_POINT('Ctrl Pts',(-0.707099016043122,-29.2071171046544,
8.92480557451107));
#1216=CARTESIAN_POINT('Ctrl Pts',(-2.37194916475926,-29.3053508537188,7.44177504989912));
#1217=CARTESIAN_POINT('Ctrl Pts',(-2.55914940496334,-29.3619501012452,6.30320965552435));
#1218=CARTESIAN_POINT('Ctrl Pts',(-2.55735155752773,-29.3769148472336,6.00160422964902));
#1219=CARTESIAN_POINT('Origin',(0.,-23.4434950667766,6.00000008940697));
#1220=CARTESIAN_POINT('',(-2.55628902990854,-27.7769148472336,5.99937281817986));
#1221=CARTESIAN_POINT('',(-2.56337108937532,-27.8434950667766,6.00097099590889));
#1222=CARTESIAN_POINT('',(-2.56,-23.4434950667766,6.00000008940695));
#1223=CARTESIAN_POINT('Ctrl Pts',(-2.56337108937532,-27.8434950667766,6.00097099590888));
#1224=CARTESIAN_POINT('Ctrl Pts',(-2.55952905560037,-27.8820745432592,5.22812976880329));
#1225=CARTESIAN_POINT('Ctrl Pts',(-1.78174290956637,-27.9621807849506,3.61668439938059));
#1226=CARTESIAN_POINT('Ctrl Pts',(0.936224735755438,-28.0838137918506,3.14295170592958));
#1227=CARTESIAN_POINT('Ctrl Pts',(2.89300553118282,-28.2083940874768,5.18161067112651));
#1228=CARTESIAN_POINT('Ctrl Pts',(2.29415167963803,-28.332974383103,7.94322174255233));
#1229=CARTESIAN_POINT('Ctrl Pts',(-0.331318959110278,-28.4575546787291,
8.98822193575832));
#1230=CARTESIAN_POINT('Ctrl Pts',(-2.26950444032689,-28.561061573287,7.66323470973266));
#1231=CARTESIAN_POINT('Ctrl Pts',(-2.55632035422668,-28.6230417026361,6.41279816786573));
#1232=CARTESIAN_POINT('Ctrl Pts',(-2.55617916992489,-28.6434950667766,6.0000946182657));
#1233=CARTESIAN_POINT('Ctrl Pts',(-2.55628902990854,-27.7769148472336,5.99937281817986));
#1234=CARTESIAN_POINT('Ctrl Pts',(-2.5571467221321,-27.7956694161224,5.62098979994699));
#1235=CARTESIAN_POINT('Ctrl Pts',(-2.303000788617,-27.8560584865492,4.40370482958597));
#1236=CARTESIAN_POINT('Ctrl Pts',(-0.443456885612191,-27.958082058514,3.02379097027432));
#1237=CARTESIAN_POINT('Ctrl Pts',(2.22672277505555,-28.0829855631281,3.9760978183679));
#1238=CARTESIAN_POINT('Ctrl Pts',(2.92046428884511,-28.2078890677421,6.72481942399019));
#1239=CARTESIAN_POINT('Ctrl Pts',(1.02200299047974,-28.3327925723561,8.83019170611108));
#1240=CARTESIAN_POINT('Ctrl Pts',(-1.74102407299636,-28.4558011655199,8.42965728975369));
#1241=CARTESIAN_POINT('Ctrl Pts',(-2.56093471984891,-28.5371752571458,6.79515929135676));
#1242=CARTESIAN_POINT('Ctrl Pts',(-2.56370289548366,-28.5769148472336,5.99935231369795));
#1243=CARTESIAN_POINT('Origin',(0.,-23.4434950667766,6.00000008940697));
#1244=CARTESIAN_POINT('',(-2.56208493055828,-26.9769148472336,6.00175493038116));
#1245=CARTESIAN_POINT('',(-2.55753027683819,-27.0434950667766,5.99834483053216));
#1246=CARTESIAN_POINT('',(-2.56,-23.4434950667766,6.00000008940695));
#1247=CARTESIAN_POINT('Ctrl Pts',(-2.55753027683819,-27.0434950667766,5.99834483053216));
#1248=CARTESIAN_POINT('Ctrl Pts',(-2.55935158715894,-27.0580538534648,5.70497180880556));
#1249=CARTESIAN_POINT('Ctrl Pts',(-2.37904347095666,-27.1141394053618,4.57696489361201));
#1250=CARTESIAN_POINT('Ctrl Pts',(-0.741822829449301,-27.2117517224675,
3.08642137150946));
#1251=CARTESIAN_POINT('Ctrl Pts',(2.0030376122883,-27.3363320180937,3.75788442642316));
#1252=CARTESIAN_POINT('Ctrl Pts',(2.97844676978263,-27.4609123137198,6.40999653204913));
#1253=CARTESIAN_POINT('Ctrl Pts',(1.32274385734245,-27.585492609346,8.69992433079484));
#1254=CARTESIAN_POINT('Ctrl Pts',(-1.5014497506538,-27.7100729049722,8.60478240227586));
#1255=CARTESIAN_POINT('Ctrl Pts',(-2.53544319130702,-27.7960737241157,6.95065133302898));
#1256=CARTESIAN_POINT('Ctrl Pts',(-2.56366460250361,-27.8405477780505,6.06001239416952));
#1257=CARTESIAN_POINT('Ctrl Pts',(-2.56337108937532,-27.8434950667766,6.00097099590888));
#1258=CARTESIAN_POINT('Ctrl Pts',(-2.56208493055828,-26.9769148472336,6.00175493038116));
#1259=CARTESIAN_POINT('Ctrl Pts',(-2.55643859940251,-27.0125290735609,5.28736956664757));
#1260=CARTESIAN_POINT('Ctrl Pts',(-1.87767737445757,-27.0897778014263,3.72841356346661));
#1261=CARTESIAN_POINT('Ctrl Pts',(0.742512554699325,-27.2086610308297,3.08398391612576));
#1262=CARTESIAN_POINT('Ctrl Pts',(2.83633598935589,-27.3335645354438,4.99517523416802));
#1263=CARTESIAN_POINT('Ctrl Pts',(2.41262871889176,-27.4584680400578,7.79824845790036));
#1264=CARTESIAN_POINT('Ctrl Pts',(-0.152526661968073,-27.5833715446719,
9.00519732370278));
#1265=CARTESIAN_POINT('Ctrl Pts',(-2.21746310692844,-27.6895204803971,7.76402651275149));
#1266=CARTESIAN_POINT('Ctrl Pts',(-2.55524267472835,-27.7540349145843,6.4609871599495));
#1267=CARTESIAN_POINT('Ctrl Pts',(-2.55628902990854,-27.7769148472336,5.99937281817986));
#1268=CARTESIAN_POINT('Origin',(0.,-23.4434950667766,6.00000008940697));
#1269=CARTESIAN_POINT('',(-2.55937513238428,-26.1769148472336,5.99787253746665));
#1270=CARTESIAN_POINT('',(-2.56014386350164,-26.2434950667766,6.00211008178654));
#1271=CARTESIAN_POINT('',(-2.56,-23.4434950667766,6.00000008940695));
#1272=CARTESIAN_POINT('Ctrl Pts',(-2.56014386350164,-26.2434950667766,6.00211008178654));
#1273=CARTESIAN_POINT('Ctrl Pts',(-2.55457542380166,-26.2755599288792,5.35765471363339));
#1274=CARTESIAN_POINT('Ctrl Pts',(-1.98520827102652,-26.3491515561905,3.86979043026418));
#1275=CARTESIAN_POINT('Ctrl Pts',(0.488388627305586,-26.4642699487105,3.0334015011928));
#1276=CARTESIAN_POINT('Ctrl Pts',(2.73386338060881,-26.5888502443368,4.74890608009326));
#1277=CARTESIAN_POINT('Ctrl Pts',(2.56428676024504,-26.7134305399629,7.56961053818137));
#1278=CARTESIAN_POINT('Ctrl Pts',(0.129460545153791,-26.8380108355891,9.00374453696636));
#1279=CARTESIAN_POINT('Ctrl Pts',(-2.12182399965548,-26.9480323445269,7.92691335430669));
#1280=CARTESIAN_POINT('Ctrl Pts',(-2.55415657141474,-27.0165270882561,6.54177454880538));
#1281=CARTESIAN_POINT('Ctrl Pts',(-2.55753027683819,-27.0434950667766,5.99834483053216));
#1282=CARTESIAN_POINT('Ctrl Pts',(-2.55937513238428,-26.1769148472336,5.99787253746665));
#1283=CARTESIAN_POINT('Ctrl Pts',(-2.56121537647827,-26.1877542294615,5.77984714582849));
#1284=CARTESIAN_POINT('Ctrl Pts',(-2.43714375192234,-26.2402281132275,4.72643801297617));
#1285=CARTESIAN_POINT('Ctrl Pts',(-0.987601033682581,-26.3343364985314,
3.15763617917277));
#1286=CARTESIAN_POINT('Ctrl Pts',(1.81283849445478,-26.4592400031455,3.59831223835006));
#1287=CARTESIAN_POINT('Ctrl Pts',(3.00421950101663,-26.5841435077595,6.17074742256602));
#1288=CARTESIAN_POINT('Ctrl Pts',(1.52904843533107,-26.7090470123736,8.59161616599917));
#1289=CARTESIAN_POINT('Ctrl Pts',(-1.30330119744046,-26.8339505169876,8.7121733006216));
#1290=CARTESIAN_POINT('Ctrl Pts',(-2.50108945484429,-26.9232397952743,7.07743937407837));
#1291=CARTESIAN_POINT('Ctrl Pts',(-2.56303939373195,-26.9708945720229,6.12251556284843));
#1292=CARTESIAN_POINT('Ctrl Pts',(-2.56208493055828,-26.9769148472336,6.00175493038116));
#1293=CARTESIAN_POINT('Origin',(0.,-23.4434950667766,6.00000008940697));
#1294=CARTESIAN_POINT('',(-2.55720160040443,-25.3769148472336,6.00257961570123));
#1295=CARTESIAN_POINT('',(-2.56095352517726,-25.4434950667766,5.99799731837446));
#1296=CARTESIAN_POINT('',(-2.56,-23.4434950667766,6.00000008940695));
#1297=CARTESIAN_POINT('',(-0.661737268568591,-25.2102049570051,8.47299499182536));
#1298=CARTESIAN_POINT('Ctrl Pts',(-0.661737268568591,-25.2102049570051,
8.47299499182536));
#1299=CARTESIAN_POINT('Ctrl Pts',(-1.47039821924348,-25.2518394585431,8.25660914801535));
#1300=CARTESIAN_POINT('Ctrl Pts',(-2.38856209747482,-25.3074094219526,7.40023270708919));
#1301=CARTESIAN_POINT('Ctrl Pts',(-2.55902659098019,-25.3629793853621,6.28337731015671));
#1302=CARTESIAN_POINT('Ctrl Pts',(-2.55720160040443,-25.3769148472336,6.00257961570123));
#1303=CARTESIAN_POINT('',(0.661726634231165,-25.2102049570051,8.47684864901673));
#1304=CARTESIAN_POINT('Origin',(0.,-25.2102049570051,6.00000008940697));
#1305=CARTESIAN_POINT('Ctrl Pts',(0.661726634231166,-25.2102049570051,8.47684864901673));
#1306=CARTESIAN_POINT('Ctrl Pts',(0.608497638018817,-25.2129589688197,8.49140026271763));
#1307=CARTESIAN_POINT('Ctrl Pts',(-0.254969146502481,-25.257239745843,8.69583292907736));
#1308=CARTESIAN_POINT('Ctrl Pts',(-1.94367801680299,-25.3350031157669,8.18534209164609));
#1309=CARTESIAN_POINT('Ctrl Pts',(-2.5551592006482,-25.4100124738761,6.67023864115672));
#1310=CARTESIAN_POINT('Ctrl Pts',(-2.56095352517726,-25.4434950667766,5.99799731837446));
#1311=CARTESIAN_POINT('Ctrl Pts',(-0.661737268568591,-25.2102049570051,
8.47299499182536));
#1312=CARTESIAN_POINT('Ctrl Pts',(-1.47039821924348,-25.2518394585431,8.25660914801535));
#1313=CARTESIAN_POINT('Ctrl Pts',(-2.84622404510095,-25.3351084616191,6.97336892040835));
#1314=CARTESIAN_POINT('Ctrl Pts',(-2.39167829190218,-25.4600119662332,4.17120397129173));
#1315=CARTESIAN_POINT('Ctrl Pts',(0.189476485101205,-25.5849154708472,2.99758715021087));
#1316=CARTESIAN_POINT('Ctrl Pts',(2.60057656524178,-25.7098189754612,4.48633020628257));
#1317=CARTESIAN_POINT('Ctrl Pts',(2.70435457302117,-25.8347224800753,7.31990479494713));
#1318=CARTESIAN_POINT('Ctrl Pts',(0.407267870145265,-25.9596259846894,8.98127475630948));
#1319=CARTESIAN_POINT('Ctrl Pts',(-2.25106581925212,-26.0845294893033,7.99680014663794));
#1320=CARTESIAN_POINT('Ctrl Pts',(-2.91147811446663,-26.2094329939175,5.23979757694892));
#1321=CARTESIAN_POINT('Ctrl Pts',(-0.987601033682581,-26.3343364985314,
3.15763617917277));
#1322=CARTESIAN_POINT('Ctrl Pts',(1.81283849445478,-26.4592400031455,3.59831223835006));
#1323=CARTESIAN_POINT('Ctrl Pts',(3.00421950101663,-26.5841435077595,6.17074742256602));
#1324=CARTESIAN_POINT('Ctrl Pts',(1.52904843533107,-26.7090470123736,8.59161616599917));
#1325=CARTESIAN_POINT('Ctrl Pts',(-1.30330119744046,-26.8339505169876,8.7121733006216));
#1326=CARTESIAN_POINT('Ctrl Pts',(-2.97884336785611,-26.9588540216017,6.42540381995463));
#1327=CARTESIAN_POINT('Ctrl Pts',(-2.01036442003013,-27.0837575262157,3.76104763515489));
#1328=CARTESIAN_POINT('Ctrl Pts',(0.742512554699325,-27.2086610308297,3.08398391612576));
#1329=CARTESIAN_POINT('Ctrl Pts',(2.83633598935589,-27.3335645354438,4.99517523416802));
#1330=CARTESIAN_POINT('Ctrl Pts',(2.41262871889176,-27.4584680400578,7.79824845790036));
#1331=CARTESIAN_POINT('Ctrl Pts',(-0.152526661968073,-27.5833715446719,
9.00519732370278));
#1332=CARTESIAN_POINT('Ctrl Pts',(-2.58229948087228,-27.7082750492859,7.54473440852351));
#1333=CARTESIAN_POINT('Ctrl Pts',(-2.72002440815545,-27.8331785539,4.71316602129623));
#1334=CARTESIAN_POINT('Ctrl Pts',(-0.443456885612191,-27.958082058514,3.02379097027432));
#1335=CARTESIAN_POINT('Ctrl Pts',(2.22672277505555,-28.0829855631281,3.9760978183679));
#1336=CARTESIAN_POINT('Ctrl Pts',(2.92046428884511,-28.2078890677421,6.72481942399019));
#1337=CARTESIAN_POINT('Ctrl Pts',(1.02200299047974,-28.3327925723561,8.83019170611108));
#1338=CARTESIAN_POINT('Ctrl Pts',(-1.78358769790389,-28.4576960769702,8.42348717405495));
#1339=CARTESIAN_POINT('Ctrl Pts',(-3.0060667593676,-28.5825995815842,5.86569656057963));
#1340=CARTESIAN_POINT('Ctrl Pts',(-1.56036225338842,-28.7075030861982,3.42711373975779));
#1341=CARTESIAN_POINT('Ctrl Pts',(1.27031900740588,-28.8324065908123,3.27222362245724));
#1342=CARTESIAN_POINT('Ctrl Pts',(2.9734658567057,-28.9573100954263,5.53850684381267));
#1343=CARTESIAN_POINT('Ctrl Pts',(2.03736538321404,-29.0822136000404,8.21441095665937));
#1344=CARTESIAN_POINT('Ctrl Pts',(-0.707099016043122,-29.2071171046544,
8.92480557451107));
#1345=CARTESIAN_POINT('Ctrl Pts',(-2.82394399256473,-29.3320206092685,7.03914294086567));
#1346=CARTESIAN_POINT('Ctrl Pts',(-2.43425487109208,-29.4569241138825,4.23113993987453));
#1347=CARTESIAN_POINT('Ctrl Pts',(0.116072543501138,-29.5818276184966,2.99317175597742));
#1348=CARTESIAN_POINT('Ctrl Pts',(2.56338437432444,-29.7067311231106,4.42407227051399));
#1349=CARTESIAN_POINT('Ctrl Pts',(2.73541695301523,-29.8316346277246,7.25374746949977));
#1350=CARTESIAN_POINT('Ctrl Pts',(0.479534921908674,-29.9565381323387,8.97063283844138));
#1351=CARTESIAN_POINT('Ctrl Pts',(-2.20206149335223,-30.0814416369527,8.05071532333347));
#1352=CARTESIAN_POINT('Ctrl Pts',(-2.92895252844064,-30.2063451415667,5.31072304517262));
#1353=CARTESIAN_POINT('Ctrl Pts',(-1.05641537156089,-30.3312486461808,3.1822583249691));
#1354=CARTESIAN_POINT('Ctrl Pts',(1.75440463005131,-30.4561521507948,3.55536118338892));
#1355=CARTESIAN_POINT('Ctrl Pts',(3.00681325902311,-30.5810556554089,6.09725656076631));
#1356=CARTESIAN_POINT('Ctrl Pts',(1.59276599555731,-30.7059591600229,8.55493977107967));
#1357=CARTESIAN_POINT('Ctrl Pts',(-1.23994737632125,-30.830862664637,8.74061474674752));
#1358=CARTESIAN_POINT('Ctrl Pts',(-2.3863595495496,-30.914131667713,7.2488569534315));
#1359=CARTESIAN_POINT('Ctrl Pts',(-2.52476636516135,-30.955766169251,6.42326690992322));
#1360=CARTESIAN_POINT('Ctrl Pts',(-0.623566746436314,-25.1249495672547,
8.33034697857389));
#1361=CARTESIAN_POINT('Ctrl Pts',(-1.38558228029493,-25.1665840687928,8.12644276611906));
#1362=CARTESIAN_POINT('Ctrl Pts',(-2.68204731958276,-25.2498530718688,6.91722277559929));
#1363=CARTESIAN_POINT('Ctrl Pts',(-2.25372080709584,-25.3747565764828,4.27669312237571));
#1364=CARTESIAN_POINT('Ctrl Pts',(0.178547047223622,-25.4996600810969,3.17077320907335));
#1365=CARTESIAN_POINT('Ctrl Pts',(2.45056934930401,-25.6245635857109,4.573642153968));
#1366=CARTESIAN_POINT('Ctrl Pts',(2.54836120377007,-25.749467090325,7.24376966674996));
#1367=CARTESIAN_POINT('Ctrl Pts',(0.383775726073085,-25.874370594939,8.80930800143476));
#1368=CARTESIAN_POINT('Ctrl Pts',(-2.12121918410516,-25.999274099553,7.88162014333674));
#1369=CARTESIAN_POINT('Ctrl Pts',(-2.74353738468685,-26.1241776041671,5.28364779999826));
#1370=CARTESIAN_POINT('Ctrl Pts',(-0.930633942807401,-26.2490811087811,
3.32159024326572));
#1371=CARTESIAN_POINT('Ctrl Pts',(1.70826981567307,-26.3739846133952,3.736847097467));
#1372=CARTESIAN_POINT('Ctrl Pts',(2.83092923552831,-26.4988881180092,6.16089832509345));
#1373=CARTESIAN_POINT('Ctrl Pts',(1.44084941751184,-26.6237916226233,8.44212581158114));
#1374=CARTESIAN_POINT('Ctrl Pts',(-1.22812379764018,-26.7486951272373,8.55572893440183));
#1375=CARTESIAN_POINT('Ctrl Pts',(-2.80701685588212,-26.8735986318514,6.40086555789307));
#1376=CARTESIAN_POINT('Ctrl Pts',(-1.89440199319766,-26.9985021364654,3.89019554364887));
#1377=CARTESIAN_POINT('Ctrl Pts',(0.699682728952998,-27.1234056410794,3.25218641153768));
#1378=CARTESIAN_POINT('Ctrl Pts',(2.6727296295532,-27.2483091456935,5.05313583454183));
#1379=CARTESIAN_POINT('Ctrl Pts',(2.27346276544527,-27.3732126503075,7.69452137101981));
#1380=CARTESIAN_POINT('Ctrl Pts',(-0.14372857456549,-27.4981161549215,8.83185066031827));
#1381=CARTESIAN_POINT('Ctrl Pts',(-2.43334652904592,-27.6230196595356,7.45563059298072));
#1382=CARTESIAN_POINT('Ctrl Pts',(-2.56312716690378,-27.7479231641496,4.7873935593396));
#1383=CARTESIAN_POINT('Ctrl Pts',(-0.417877276194716,-27.8728266687637,
3.19546553274512));
#1384=CARTESIAN_POINT('Ctrl Pts',(2.09828030248398,-27.9977301733777,4.09284113947081));
#1385=CARTESIAN_POINT('Ctrl Pts',(2.75200521593387,-28.1226336779918,6.68301018372711));
#1386=CARTESIAN_POINT('Ctrl Pts',(0.963051515898686,-28.2475371826058,8.6669397678038));
#1387=CARTESIAN_POINT('Ctrl Pts',(-1.68070627210032,-28.3724406872199,8.28369488518788));
#1388=CARTESIAN_POINT('Ctrl Pts',(-2.83266993978429,-28.4973441918339,5.87344349590131));
#1389=CARTESIAN_POINT('Ctrl Pts',(-1.47035698278281,-28.6222476964479,3.57552372060344));
#1390=CARTESIAN_POINT('Ctrl Pts',(1.19704409591098,-28.747151201062,3.4295680202253));
#1391=CARTESIAN_POINT('Ctrl Pts',(2.80194953189832,-28.872054705676,5.56512683180725));
#1392=CARTESIAN_POINT('Ctrl Pts',(1.91984547894792,-28.9969582102901,8.08667866314467));
#1393=CARTESIAN_POINT('Ctrl Pts',(-0.666311924362512,-29.1218617149041,
8.75609609145103));
#1394=CARTESIAN_POINT('Ctrl Pts',(-2.66105243153528,-29.2467652195181,6.9792027998245));
#1395=CARTESIAN_POINT('Ctrl Pts',(-2.29384147162674,-29.3716687241322,4.33317184693741));
#1396=CARTESIAN_POINT('Ctrl Pts',(0.109377213192415,-29.4965722287462,3.16661250489789));
#1397=CARTESIAN_POINT('Ctrl Pts',(2.41552248919088,-29.6214757333602,4.51497539860899));
#1398=CARTESIAN_POINT('Ctrl Pts',(2.57763183450146,-29.7463792379743,7.18142844744493));
#1399=CARTESIAN_POINT('Ctrl Pts',(0.451874248678785,-29.8712827425883,8.79927993377703));
#1400=CARTESIAN_POINT('Ctrl Pts',(-2.07504154002476,-29.9961862472024,7.93242536908485));
#1401=CARTESIAN_POINT('Ctrl Pts',(-2.76000383441731,-30.1210897518164,5.35048212467728));
#1402=CARTESIAN_POINT('Ctrl Pts',(-0.995478911977368,-30.2459932564304,
3.34479212726675));
#1403=CARTESIAN_POINT('Ctrl Pts',(1.65320655047934,-30.3708967610445,3.69637355778553));
#1404=CARTESIAN_POINT('Ctrl Pts',(2.83337337962894,-30.4958002656585,6.0916465846189));
#1405=CARTESIAN_POINT('Ctrl Pts',(1.50089160284482,-30.6207037702726,8.40756499517069));
#1406=CARTESIAN_POINT('Ctrl Pts',(-1.16842437010897,-30.7456072748866,8.58252981273686));
#1407=CARTESIAN_POINT('Ctrl Pts',(-2.24870886199095,-30.8288762779627,7.17682002755092));
#1408=CARTESIAN_POINT('Ctrl Pts',(-2.37913205529592,-30.8705107795007,6.39885190972938));
#1409=CARTESIAN_POINT('Ctrl Pts',(-0.585396224304037,-25.0396941775044,
8.18769896532241));
#1410=CARTESIAN_POINT('Ctrl Pts',(-1.30076634134638,-25.0813286790424,7.99627638422276));
#1411=CARTESIAN_POINT('Ctrl Pts',(-2.51787059406456,-25.1645976821184,6.86107663079023));
#1412=CARTESIAN_POINT('Ctrl Pts',(-2.1157633222895,-25.2895011867325,4.3821822734597));
#1413=CARTESIAN_POINT('Ctrl Pts',(0.167617609346041,-25.4144046913465,3.34395926793584));
#1414=CARTESIAN_POINT('Ctrl Pts',(2.30056213336623,-25.5393081959606,4.66095410165342));
#1415=CARTESIAN_POINT('Ctrl Pts',(2.39236783451898,-25.6642117005746,7.16763453855279));
#1416=CARTESIAN_POINT('Ctrl Pts',(0.360283582000901,-25.7891152051887,8.63734124656004));
#1417=CARTESIAN_POINT('Ctrl Pts',(-1.99137254895819,-25.9140187098027,7.76644014003552));
#1418=CARTESIAN_POINT('Ctrl Pts',(-2.57559665490707,-26.0389222144168,5.32749802304759));
#1419=CARTESIAN_POINT('Ctrl Pts',(-0.873666851932221,-26.1638257190308,
3.48554430735865));
#1420=CARTESIAN_POINT('Ctrl Pts',(1.60370113689137,-26.2887292236449,3.87538195658395));
#1421=CARTESIAN_POINT('Ctrl Pts',(2.65763897003997,-26.4136327282588,6.15104922762086));
#1422=CARTESIAN_POINT('Ctrl Pts',(1.35265039969262,-26.538536232873,8.29263545716313));
#1423=CARTESIAN_POINT('Ctrl Pts',(-1.1529463978399,-26.6634397374869,8.39928456818201));
#1424=CARTESIAN_POINT('Ctrl Pts',(-2.63519034390813,-26.788343242101,6.37632729583155));
#1425=CARTESIAN_POINT('Ctrl Pts',(-1.77843956636519,-26.913246746715,4.01934345214283));
#1426=CARTESIAN_POINT('Ctrl Pts',(0.65685290320667,-27.0381502513291,3.42038890694961));
#1427=CARTESIAN_POINT('Ctrl Pts',(2.50912326975051,-27.1630537559431,5.11109643491564));
#1428=CARTESIAN_POINT('Ctrl Pts',(2.13429681199878,-27.2879572605572,7.59079428413927));
#1429=CARTESIAN_POINT('Ctrl Pts',(-0.134930487162903,-27.4128607651712,
8.65850399693376));
#1430=CARTESIAN_POINT('Ctrl Pts',(-2.28439357721957,-27.5377642697852,7.36652677743793));
#1431=CARTESIAN_POINT('Ctrl Pts',(-2.4062299256521,-27.6626677743993,4.86162109738297));
#1432=CARTESIAN_POINT('Ctrl Pts',(-0.392297666777242,-27.7875712790133,
3.36714009521593));
#1433=CARTESIAN_POINT('Ctrl Pts',(1.96983782991242,-27.9124747836274,4.20958446057372));
#1434=CARTESIAN_POINT('Ctrl Pts',(2.58354614302262,-28.0373782882414,6.64120094346404));
#1435=CARTESIAN_POINT('Ctrl Pts',(0.904100041317628,-28.1622817928555,8.50368782949652));
#1436=CARTESIAN_POINT('Ctrl Pts',(-1.57782484629676,-28.2871852974695,8.14390259632081));
#1437=CARTESIAN_POINT('Ctrl Pts',(-2.65927312020098,-28.4120888020836,5.881190431223));
#1438=CARTESIAN_POINT('Ctrl Pts',(-1.3803517121772,-28.5369923066976,3.72393370144908));
#1439=CARTESIAN_POINT('Ctrl Pts',(1.12376918441608,-28.6618958113116,3.58691241799337));
#1440=CARTESIAN_POINT('Ctrl Pts',(2.63043320709095,-28.7867993159256,5.59174681980181));
#1441=CARTESIAN_POINT('Ctrl Pts',(1.8023255746818,-28.9117028205397,7.95894636962999));
#1442=CARTESIAN_POINT('Ctrl Pts',(-0.625524832681898,-29.0366063251537,
8.58738660839099));
#1443=CARTESIAN_POINT('Ctrl Pts',(-2.49816087050583,-29.1615098297678,6.91926265878332));
#1444=CARTESIAN_POINT('Ctrl Pts',(-2.15342807216141,-29.2864133343819,4.43520375400028));
#1445=CARTESIAN_POINT('Ctrl Pts',(0.10268188288369,-29.4113168389959,3.34005325381837));
#1446=CARTESIAN_POINT('Ctrl Pts',(2.26766060405733,-29.53622034361,4.605878526704));
#1447=CARTESIAN_POINT('Ctrl Pts',(2.41984671598769,-29.6611238482239,7.10910942539009));
#1448=CARTESIAN_POINT('Ctrl Pts',(0.424213575448899,-29.786027352838,8.62792702911268));
#1449=CARTESIAN_POINT('Ctrl Pts',(-1.94802158669728,-29.910930857452,7.81413541483621));
#1450=CARTESIAN_POINT('Ctrl Pts',(-2.59105514039397,-30.0358343620661,5.39024120418195));
#1451=CARTESIAN_POINT('Ctrl Pts',(-0.934542452393843,-30.1607378666801,
3.50732592956441));
#1452=CARTESIAN_POINT('Ctrl Pts',(1.55200847090737,-30.2856413712942,3.83738593218215));
#1453=CARTESIAN_POINT('Ctrl Pts',(2.65993350023477,-30.4105448759082,6.08603660847147));
#1454=CARTESIAN_POINT('Ctrl Pts',(1.40901721013234,-30.5354483805223,8.26019021926171));
#1455=CARTESIAN_POINT('Ctrl Pts',(-1.09690136389669,-30.6603518851363,8.4244448787262));
#1456=CARTESIAN_POINT('Ctrl Pts',(-2.11105817443229,-30.7436208882123,7.10478310167034));
#1457=CARTESIAN_POINT('Ctrl Pts',(-2.2334977454305,-30.7852553897503,6.37443690953554));
#1458=CARTESIAN_POINT('Ctrl Pts',(-0.547225702171761,-24.9544387877541,
8.04505095207093));
#1459=CARTESIAN_POINT('Ctrl Pts',(-1.21595040239783,-24.9960732892921,7.86611000232647));
#1460=CARTESIAN_POINT('Ctrl Pts',(-2.35369386854637,-25.0793422923681,6.80493048598116));
#1461=CARTESIAN_POINT('Ctrl Pts',(-1.97780583748317,-25.2042457969821,4.4876714245437));
#1462=CARTESIAN_POINT('Ctrl Pts',(0.156688171468458,-25.3291493015962,3.51714532679832));
#1463=CARTESIAN_POINT('Ctrl Pts',(2.15055491742846,-25.4540528062102,4.74826604933886));
#1464=CARTESIAN_POINT('Ctrl Pts',(2.23637446526789,-25.5789563108243,7.09149941035561));
#1465=CARTESIAN_POINT('Ctrl Pts',(0.336791437928721,-25.7038598154383,8.46537449168533));
#1466=CARTESIAN_POINT('Ctrl Pts',(-1.86152591381123,-25.8287633200523,7.6512601367343));
#1467=CARTESIAN_POINT('Ctrl Pts',(-2.40765592512729,-25.9536668246664,5.37134824609694));
#1468=CARTESIAN_POINT('Ctrl Pts',(-0.816699761057042,-26.0785703292804,
3.64949837145158));
#1469=CARTESIAN_POINT('Ctrl Pts',(1.49913245810967,-26.2034738338945,4.01391681570091));
#1470=CARTESIAN_POINT('Ctrl Pts',(2.48434870455165,-26.3283773385085,6.14120013014828));
#1471=CARTESIAN_POINT('Ctrl Pts',(1.26445138187339,-26.4532808431226,8.14314510274511));
#1472=CARTESIAN_POINT('Ctrl Pts',(-1.07776899803963,-26.5781843477366,8.24284020196221));
#1473=CARTESIAN_POINT('Ctrl Pts',(-2.46336383193413,-26.7030878523507,6.35178903377));
#1474=CARTESIAN_POINT('Ctrl Pts',(-1.66247713953273,-26.8279913569647,4.1484913606368));
#1475=CARTESIAN_POINT('Ctrl Pts',(0.614023077460342,-26.9528948615787,3.58859140236152));
#1476=CARTESIAN_POINT('Ctrl Pts',(2.34551690994782,-27.0777983661928,5.16905703528946));
#1477=CARTESIAN_POINT('Ctrl Pts',(1.99513085855229,-27.2027018708068,7.48706719725872));
#1478=CARTESIAN_POINT('Ctrl Pts',(-0.126132399760317,-27.3276053754209,
8.48515733354926));
#1479=CARTESIAN_POINT('Ctrl Pts',(-2.13544062539321,-27.4525088800349,7.27742296189513));
#1480=CARTESIAN_POINT('Ctrl Pts',(-2.24933268440042,-27.5774123846489,4.93584863542633));
#1481=CARTESIAN_POINT('Ctrl Pts',(-0.366718057359769,-27.702315889263,3.53881465768673));
#1482=CARTESIAN_POINT('Ctrl Pts',(1.84139535734086,-27.827219393877,4.32632778167662));
#1483=CARTESIAN_POINT('Ctrl Pts',(2.41508707011137,-27.9521228984911,6.59939170320098));
#1484=CARTESIAN_POINT('Ctrl Pts',(0.84514856673657,-28.0770264031051,8.34043589118924));
#1485=CARTESIAN_POINT('Ctrl Pts',(-1.47494342049318,-28.2019299077192,8.00411030745376));
#1486=CARTESIAN_POINT('Ctrl Pts',(-2.48587630061766,-28.3268334123332,5.88893736654467));
#1487=CARTESIAN_POINT('Ctrl Pts',(-1.29034644157159,-28.4517369169473,3.87234368229474));
#1488=CARTESIAN_POINT('Ctrl Pts',(1.05049427292119,-28.5766404215613,3.74425681576142));
#1489=CARTESIAN_POINT('Ctrl Pts',(2.45891688228358,-28.7015439261753,5.61836680779638));
#1490=CARTESIAN_POINT('Ctrl Pts',(1.68480567041567,-28.8264474307894,7.8312140761153));
#1491=CARTESIAN_POINT('Ctrl Pts',(-0.584737741001285,-28.9513509354034,
8.41867712533095));
#1492=CARTESIAN_POINT('Ctrl Pts',(-2.33526930947638,-29.0762544400175,6.85932251774215));
#1493=CARTESIAN_POINT('Ctrl Pts',(-2.01301467269607,-29.2011579446315,4.53723566106315));
#1494=CARTESIAN_POINT('Ctrl Pts',(0.0959865525749662,-29.3260614492456,
3.51349400273885));
#1495=CARTESIAN_POINT('Ctrl Pts',(2.11979871892377,-29.4509649538596,4.69678165479899));
#1496=CARTESIAN_POINT('Ctrl Pts',(2.26206159747392,-29.5758684584736,7.03679040333527));
#1497=CARTESIAN_POINT('Ctrl Pts',(0.396552902219009,-29.7007719630877,8.45657412444832));
#1498=CARTESIAN_POINT('Ctrl Pts',(-1.8210016333698,-29.8256754677017,7.6958454605876));
#1499=CARTESIAN_POINT('Ctrl Pts',(-2.42210644637064,-29.9505789723158,5.4300002836866));
#1500=CARTESIAN_POINT('Ctrl Pts',(-0.873605992810317,-30.0754824769298,
3.66985973186206));
#1501=CARTESIAN_POINT('Ctrl Pts',(1.4508103913354,-30.2003859815438,3.97839830657876));
#1502=CARTESIAN_POINT('Ctrl Pts',(2.48649362084059,-30.3252894861579,6.08042663232405));
#1503=CARTESIAN_POINT('Ctrl Pts',(1.31714281741985,-30.4501929907719,8.11281544335273));
#1504=CARTESIAN_POINT('Ctrl Pts',(-1.02537835768441,-30.5750964953859,8.26635994471553));
#1505=CARTESIAN_POINT('Ctrl Pts',(-1.97340748687364,-30.658365498462,7.03274617578975));
#1506=CARTESIAN_POINT('Ctrl Pts',(-2.08786343556507,-30.7,6.3500219093417));
#1507=CARTESIAN_POINT('',(-1.78918228981717,-25.2102049570051,4.82092818271516));
#1508=CARTESIAN_POINT('Ctrl Pts',(-1.78918228981717,-25.2102049570051,4.82092818271516));
#1509=CARTESIAN_POINT('Ctrl Pts',(-1.77605665868715,-25.211435389368,4.8015196964563));
#1510=CARTESIAN_POINT('Ctrl Pts',(-1.76261202809476,-25.2126708787579,4.78231260641449));
#1511=CARTESIAN_POINT('Ctrl Pts',(-1.58732121099779,-25.2284667325655,4.5403214706422));
#1512=CARTESIAN_POINT('Ctrl Pts',(-1.38496046514329,-25.2433896355455,4.35005863967861));
#1513=CARTESIAN_POINT('Ctrl Pts',(-0.922547735465533,-25.2717900846986,
4.0619908765381));
#1514=CARTESIAN_POINT('Ctrl Pts',(-0.668418453827233,-25.2849718805587,
3.96537177618567));
#1515=CARTESIAN_POINT('Ctrl Pts',(-0.402409168859826,-25.2967981816587,
3.92159785191357));
#1516=CARTESIAN_POINT('Ctrl Pts',(-0.6617372685686,-25.2102049570051,8.47299499182536));
#1517=CARTESIAN_POINT('Ctrl Pts',(-0.744602914709432,-25.2102049570051,
8.44299126279405));
#1518=CARTESIAN_POINT('Ctrl Pts',(-0.825623240815148,-25.2102049570051,
8.40842981263363));
#1519=CARTESIAN_POINT('Ctrl Pts',(-0.904564721954861,-25.2102049570051,
8.36961315211603));
#1520=CARTESIAN_POINT('Ctrl Pts',(-0.985064749085714,-25.2102049570051,
8.3300301321412));
#1521=CARTESIAN_POINT('Ctrl Pts',(-1.0634037846318,-25.2102049570051,8.28602152085677));
#1522=CARTESIAN_POINT('Ctrl Pts',(-1.13929950155963,-25.2102049570051,8.23786682720791));
#1523=CARTESIAN_POINT('Ctrl Pts',(-1.15601309322147,-25.2102049570051,8.22726230406976));
#1524=CARTESIAN_POINT('Ctrl Pts',(-1.17260803772348,-25.2102049570051,8.21645658066179));
#1525=CARTESIAN_POINT('Ctrl Pts',(-1.18908104302603,-25.2102049570051,8.2054524335936));
#1526=CARTESIAN_POINT('Ctrl Pts',(-1.20290555498222,-25.2102049570051,8.1962175089446));
#1527=CARTESIAN_POINT('Ctrl Pts',(-1.21663611214391,-25.2102049570051,8.1868482278104));
#1528=CARTESIAN_POINT('Ctrl Pts',(-1.23027111792484,-25.2102049570051,8.17734660756515));
#1529=CARTESIAN_POINT('Ctrl Pts',(-1.30258599523409,-25.2102049570051,8.12695363279754));
#1530=CARTESIAN_POINT('Ctrl Pts',(-1.37221631443916,-25.2102049570051,8.07284096564945));
#1531=CARTESIAN_POINT('Ctrl Pts',(-1.4389017708558,-25.2102049570051,8.01528749086858));
#1532=CARTESIAN_POINT('Ctrl Pts',(-1.48665179296461,-25.2102049570051,7.97407641065861));
#1533=CARTESIAN_POINT('Ctrl Pts',(-1.5328911979257,-25.2102049570051,7.93110027921489));
#1534=CARTESIAN_POINT('Ctrl Pts',(-1.57751068934615,-25.2102049570051,7.8864524482928));
#1535=CARTESIAN_POINT('Ctrl Pts',(-1.59466762365447,-25.2102049570051,7.86928461697619));
#1536=CARTESIAN_POINT('Ctrl Pts',(-1.61158491740279,-25.2102049570051,7.85186955570136));
#1537=CARTESIAN_POINT('Ctrl Pts',(-1.62825584312058,-25.2102049570051,7.83421235890218));
#1538=CARTESIAN_POINT('Ctrl Pts',(-1.63917625942946,-25.2102049570051,7.82264587824243));
#1539=CARTESIAN_POINT('Ctrl Pts',(-1.64998590979885,-25.2102049570051,7.81098076876406));
#1540=CARTESIAN_POINT('Ctrl Pts',(-1.66067821081414,-25.2102049570051,7.79922433690226));
#1541=CARTESIAN_POINT('Ctrl Pts',(-1.71861721819742,-25.2102049570051,7.73551906041707));
#1542=CARTESIAN_POINT('Ctrl Pts',(-1.77316188094173,-25.2102049570051,7.66908404758046));
#1543=CARTESIAN_POINT('Ctrl Pts',(-1.8240736527307,-25.2102049570051,7.60018231870724));
#1544=CARTESIAN_POINT('Ctrl Pts',(-1.87399755750497,-25.2102049570051,7.53261752514029));
#1545=CARTESIAN_POINT('Ctrl Pts',(-1.92042855811128,-25.2102049570051,7.46267999806321));
#1546=CARTESIAN_POINT('Ctrl Pts',(-1.96309746981859,-25.2102049570051,7.39059619449543));
#1547=CARTESIAN_POINT('Ctrl Pts',(-2.0048973468228,-25.2102049570051,7.3199805166502));
#1548=CARTESIAN_POINT('Ctrl Pts',(-2.04308711745634,-25.2102049570051,7.24730441196976));
#1549=CARTESIAN_POINT('Ctrl Pts',(-2.07736594109908,-25.2102049570051,7.17277083878067));
#1550=CARTESIAN_POINT('Ctrl Pts',(-2.09493409486259,-25.2102049570051,7.13457182448611));
#1551=CARTESIAN_POINT('Ctrl Pts',(-2.11147417835308,-25.2102049570051,7.09588482121339));
#1552=CARTESIAN_POINT('Ctrl Pts',(-2.12694028934517,-25.2102049570051,7.05673697311088));
#1553=CARTESIAN_POINT('Ctrl Pts',(-2.13168062949058,-25.2102049570051,7.04473821556531));
#1554=CARTESIAN_POINT('Ctrl Pts',(-2.13631952745015,-25.2102049570051,7.03269729939463));
#1555=CARTESIAN_POINT('Ctrl Pts',(-2.14085145389337,-25.2102049570051,7.02062681326047));
#1556=CARTESIAN_POINT('Ctrl Pts',(-2.16947947958472,-25.2102049570051,6.94437796158888));
#1557=CARTESIAN_POINT('Ctrl Pts',(-2.19389319971632,-25.2102049570051,6.86682451390548));
#1558=CARTESIAN_POINT('Ctrl Pts',(-2.21384814139504,-25.2102049570051,6.78817913808387));
#1559=CARTESIAN_POINT('Ctrl Pts',(-2.21645926616083,-25.2102049570051,6.77788830928423));
#1560=CARTESIAN_POINT('Ctrl Pts',(-2.21899397601319,-25.2102049570051,6.76757876960643));
#1561=CARTESIAN_POINT('Ctrl Pts',(-2.22145165719769,-25.2102049570051,6.75725098397978));
#1562=CARTESIAN_POINT('Ctrl Pts',(-2.24114593903305,-25.2102049570051,6.67449072925288));
#1563=CARTESIAN_POINT('Ctrl Pts',(-2.25589880598187,-25.2102049570051,6.59055860791695));
#1564=CARTESIAN_POINT('Ctrl Pts',(-2.26581806786567,-25.2102049570051,6.50586810234197));
#1565=CARTESIAN_POINT('Ctrl Pts',(-2.274497422014,-25.2102049570051,6.43176390996385));
#1566=CARTESIAN_POINT('Ctrl Pts',(-2.27947495035393,-25.2102049570051,6.35707851552697));
#1567=CARTESIAN_POINT('Ctrl Pts',(-2.28078747563574,-25.2102049570051,6.28209689309916));
#1568=CARTESIAN_POINT('Ctrl Pts',(-2.28119272603832,-25.2102049570051,6.25894584748026));
#1569=CARTESIAN_POINT('Ctrl Pts',(-2.28124836564886,-25.2102049570051,6.23576665452456));
#1570=CARTESIAN_POINT('Ctrl Pts',(-2.28095489110297,-25.2102049570051,6.21256799267452));
#1571=CARTESIAN_POINT('Ctrl Pts',(-2.28075896259132,-25.2102049570051,6.1970801783065));
#1572=CARTESIAN_POINT('Ctrl Pts',(-2.28040742410869,-25.2102049570051,6.1815836896263));
#1573=CARTESIAN_POINT('Ctrl Pts',(-2.27990035797849,-25.2102049570051,6.16608115299701));
#1574=CARTESIAN_POINT('Ctrl Pts',(-2.27949484992152,-25.2102049570051,6.15368355210795));
#1575=CARTESIAN_POINT('Ctrl Pts',(-2.27899018639692,-25.2102049570051,6.14129168677617));
#1576=CARTESIAN_POINT('Ctrl Pts',(-2.27838687150467,-25.2102049570051,6.12890729726741));
#1577=CARTESIAN_POINT('Ctrl Pts',(-2.27442000843579,-25.2102049570051,6.04747854753049));
#1578=CARTESIAN_POINT('Ctrl Pts',(-2.26619226893493,-25.2102049570051,5.96636530031573));
#1579=CARTESIAN_POINT('Ctrl Pts',(-2.25381173173435,-25.2102049570051,5.88592647654248));
#1580=CARTESIAN_POINT('Ctrl Pts',(-2.2414535774505,-25.2102049570051,5.80563307905123));
#1581=CARTESIAN_POINT('Ctrl Pts',(-2.22495723495239,-25.2102049570051,5.72601067635412));
#1582=CARTESIAN_POINT('Ctrl Pts',(-2.20438159728218,-25.2102049570051,5.64743329969359));
#1583=CARTESIAN_POINT('Ctrl Pts',(-2.18462948559674,-25.2102049570051,5.57200092940089));
#1584=CARTESIAN_POINT('Ctrl Pts',(-2.16111751440178,-25.2102049570051,5.4975309554256));
#1585=CARTESIAN_POINT('Ctrl Pts',(-2.13386041542741,-25.2102049570051,5.42438165840648));
#1586=CARTESIAN_POINT('Ctrl Pts',(-2.12172488440653,-25.2102049570051,5.39181379181269));
#1587=CARTESIAN_POINT('Ctrl Pts',(-2.10884651809467,-25.2102049570051,5.35950814531691));
#1588=CARTESIAN_POINT('Ctrl Pts',(-2.09522451688774,-25.2102049570051,5.32749868626273));
#1589=CARTESIAN_POINT('Ctrl Pts',(-2.09037286883958,-25.2102049570051,5.31609811250091));
#1590=CARTESIAN_POINT('Ctrl Pts',(-2.08542718562249,-25.2102049570051,5.30473602640969));
#1591=CARTESIAN_POINT('Ctrl Pts',(-2.08039278244511,-25.2102049570051,5.29342549082289));
#1592=CARTESIAN_POINT('Ctrl Pts',(-2.04846837896843,-25.2102049570051,5.22170256977582));
#1593=CARTESIAN_POINT('Ctrl Pts',(-2.01292649675847,-25.2102049570051,5.15192330609614));
#1594=CARTESIAN_POINT('Ctrl Pts',(-1.97382873220252,-25.2102049570051,5.08442670822083));
#1595=CARTESIAN_POINT('Ctrl Pts',(-1.93571270702857,-25.2102049570051,5.01862494044739));
#1596=CARTESIAN_POINT('Ctrl Pts',(-1.89421663807637,-25.2102049570051,4.95499198233057));
#1597=CARTESIAN_POINT('Ctrl Pts',(-1.84936106421653,-25.2102049570051,4.89387480130348));
#1598=CARTESIAN_POINT('Ctrl Pts',(-1.83058425760348,-25.2102049570051,4.86829079044084));
#1599=CARTESIAN_POINT('Ctrl Pts',(-1.81121835610596,-25.2102049570051,4.84314807983799));
#1600=CARTESIAN_POINT('Ctrl Pts',(-1.79126319789634,-25.2102049570051,4.81847430483404));
#1601=CARTESIAN_POINT('Ctrl Pts',(-2.55720160040443,-25.3769148472336,6.00257961570123));
#1602=CARTESIAN_POINT('Ctrl Pts',(-2.55357412922226,-25.4046138869001,5.44444766796097));
#1603=CARTESIAN_POINT('Ctrl Pts',(-2.10369931092418,-25.4739474281046,4.0402637505794));
#1604=CARTESIAN_POINT('Ctrl Pts',(0.189476485101205,-25.5849154708472,2.99758715021087));
#1605=CARTESIAN_POINT('Ctrl Pts',(2.60057656524178,-25.7098189754612,4.48633020628257));
#1606=CARTESIAN_POINT('Ctrl Pts',(2.70435457302117,-25.8347224800753,7.31990479494713));
#1607=CARTESIAN_POINT('Ctrl Pts',(0.407267870145265,-25.9596259846894,8.98127475630948));
#1608=CARTESIAN_POINT('Ctrl Pts',(-2.02037017113685,-26.0736901070754,8.08223487179568));
#1609=CARTESIAN_POINT('Ctrl Pts',(-2.55414692516338,-26.1461197279235,6.61729141272423));
#1610=CARTESIAN_POINT('Ctrl Pts',(-2.55937513238428,-26.1769148472336,5.99787253746665));
#1611=CARTESIAN_POINT('',(-2.08786343556506,-30.7,6.35002190934174));
#1612=CARTESIAN_POINT('Ctrl Pts',(-2.08786343556507,-30.7,6.3500219093417));
#1613=CARTESIAN_POINT('Ctrl Pts',(-2.08319348142438,-30.7,6.42487925014713));
#1614=CARTESIAN_POINT('Ctrl Pts',(-2.07424880994506,-30.7,6.49926294487911));
#1615=CARTESIAN_POINT('Ctrl Pts',(-2.06129480375029,-30.7,6.57293132595818));
#1616=CARTESIAN_POINT('Ctrl Pts',(-2.04800502370395,-30.7,6.6485092256588));
#1617=CARTESIAN_POINT('Ctrl Pts',(-2.03049527832981,-30.7,6.72333496949725));
#1618=CARTESIAN_POINT('Ctrl Pts',(-2.00899796172257,-30.7,6.79715361568421));
#1619=CARTESIAN_POINT('Ctrl Pts',(-2.00435678769452,-30.7,6.81309072959139));
#1620=CARTESIAN_POINT('Ctrl Pts',(-1.99952891256008,-30.7,6.82898292502174));
#1621=CARTESIAN_POINT('Ctrl Pts',(-1.99451842828073,-30.7,6.84482112250988));
#1622=CARTESIAN_POINT('Ctrl Pts',(-1.97076745380834,-30.7,6.91989822150003));
#1623=CARTESIAN_POINT('Ctrl Pts',(-1.94296282742891,-30.7,6.99362268562452));
#1624=CARTESIAN_POINT('Ctrl Pts',(-1.9113707432154,-30.7,7.06572744367664));
#1625=CARTESIAN_POINT('Ctrl Pts',(-1.88704792020392,-30.7,7.12124107350031));
#1626=CARTESIAN_POINT('Ctrl Pts',(-1.86047888462543,-30.7,7.17579488823237));
#1627=CARTESIAN_POINT('Ctrl Pts',(-1.8317641871769,-30.7,7.22926551490488));
#1628=CARTESIAN_POINT('Ctrl Pts',(-1.82156746575642,-30.7,7.2482531809019));
#1629=CARTESIAN_POINT('Ctrl Pts',(-1.81110001932314,-30.7,7.26710422683914));
#1630=CARTESIAN_POINT('Ctrl Pts',(-1.8003658398165,-30.7,7.28581299685984));
#1631=CARTESIAN_POINT('Ctrl Pts',(-1.79141228216251,-30.7,7.30141829309248));
#1632=CARTESIAN_POINT('Ctrl Pts',(-1.78227157861354,-30.7,7.31692693833779));
#1633=CARTESIAN_POINT('Ctrl Pts',(-1.77295892609541,-30.7,7.33231481590808));
#1634=CARTESIAN_POINT('Ctrl Pts',(-1.73108717121708,-30.7,7.40150213246116));
#1635=CARTESIAN_POINT('Ctrl Pts',(-1.68569431633539,-30.7,7.46833693887812));
#1636=CARTESIAN_POINT('Ctrl Pts',(-1.63704787622069,-30.7,7.53254928774003));
#1637=CARTESIAN_POINT('Ctrl Pts',(-1.58769737383521,-30.7,7.59769098501972));
#1638=CARTESIAN_POINT('Ctrl Pts',(-1.53499809771372,-30.7,7.66013470307665));
#1639=CARTESIAN_POINT('Ctrl Pts',(-1.47917768445693,-30.7,7.71958649430698));
#1640=CARTESIAN_POINT('Ctrl Pts',(-1.42388143907991,-30.7,7.77848001809463));
#1641=CARTESIAN_POINT('Ctrl Pts',(-1.36552187880504,-30.7,7.83443842430316));
#1642=CARTESIAN_POINT('Ctrl Pts',(-1.30427661282591,-30.7,7.88715062015261));
#1643=CARTESIAN_POINT('Ctrl Pts',(-1.28433041809414,-30.7,7.90431778738331));
#1644=CARTESIAN_POINT('Ctrl Pts',(-1.26407783389476,-30.7,7.92114038505972));
#1645=CARTESIAN_POINT('Ctrl Pts',(-1.24352412289521,-30.7,7.93760683546446));
#1646=CARTESIAN_POINT('Ctrl Pts',(-1.23289890073558,-30.7,7.94611915198652));
#1647=CARTESIAN_POINT('Ctrl Pts',(-1.22219191565148,-30.7,7.95453727462063));
#1648=CARTESIAN_POINT('Ctrl Pts',(-1.21140787294024,-30.7,7.96285645726249));
#1649=CARTESIAN_POINT('Ctrl Pts',(-1.14505198964731,-30.7,8.01404567518918));
#1650=CARTESIAN_POINT('Ctrl Pts',(-1.07603848504285,-30.7,8.06129458312198));
#1651=CARTESIAN_POINT('Ctrl Pts',(-1.00461527014447,-30.7,8.10430987400616));
#1652=CARTESIAN_POINT('Ctrl Pts',(-0.990198840642376,-30.7,8.11299230183339));
#1653=CARTESIAN_POINT('Ctrl Pts',(-0.975684085693768,-30.7,8.1215021669931));
#1654=CARTESIAN_POINT('Ctrl Pts',(-0.96107282277668,-30.7,8.12983692495122));
#1655=CARTESIAN_POINT('Ctrl Pts',(-0.891442563115481,-30.7,8.1695563772758));
#1656=CARTESIAN_POINT('Ctrl Pts',(-0.819623460231358,-30.7,8.20530230752688));
#1657=CARTESIAN_POINT('Ctrl Pts',(-0.745973149536476,-30.7,8.2371475932792));
#1658=CARTESIAN_POINT('Ctrl Pts',(-0.670588999766974,-30.7,8.26974256494946));
#1659=CARTESIAN_POINT('Ctrl Pts',(-0.593285695613789,-30.7,8.29825138326493));
#1660=CARTESIAN_POINT('Ctrl Pts',(-0.514415204562365,-30.7,8.32270807546064));
#1661=CARTESIAN_POINT('Ctrl Pts',(-0.478874075888469,-30.7,8.33372890762078));
#1662=CARTESIAN_POINT('Ctrl Pts',(-0.443014355262247,-30.7,8.34392628334002));
#1663=CARTESIAN_POINT('Ctrl Pts',(-0.4068668527144,-30.7,8.35330023249537));
#1664=CARTESIAN_POINT('Ctrl Pts',(-0.393803460796825,-30.7,8.35668789590226));
#1665=CARTESIAN_POINT('Ctrl Pts',(-0.380710488026294,-30.7,8.3599658952959));
#1666=CARTESIAN_POINT('Ctrl Pts',(-0.367593891045586,-30.7,8.36313358249565));
#1667=CARTESIAN_POINT('Ctrl Pts',(-0.285544577182965,-30.7,8.38294867338033));
#1668=CARTESIAN_POINT('Ctrl Pts',(-0.202520132792246,-30.7,8.3984646841322));
#1669=CARTESIAN_POINT('Ctrl Pts',(-0.118914211324769,-30.7,8.40976935019093));
#1670=CARTESIAN_POINT('Ctrl Pts',(-0.033671358672914,-30.7,8.42129535177322));
#1671=CARTESIAN_POINT('Ctrl Pts',(0.0521768167125677,-30.7,8.42844375197663));
#1672=CARTESIAN_POINT('Ctrl Pts',(0.138241351462292,-30.7,8.43126037572013));
#1673=CARTESIAN_POINT('Ctrl Pts',(0.224807841606859,-30.7,8.43409342689785));
#1674=CARTESIAN_POINT('Ctrl Pts',(0.311594217827482,-30.7,8.43254420742247));
#1675=CARTESIAN_POINT('Ctrl Pts',(0.398218870590441,-30.7,8.42660885061633));
#1676=CARTESIAN_POINT('Ctrl Pts',(0.425821032718758,-30.7,8.42471760285224));
#1677=CARTESIAN_POINT('Ctrl Pts',(0.45340682019972,-30.7,8.42238062816645));
#1678=CARTESIAN_POINT('Ctrl Pts',(0.480963929470965,-30.7,8.41959668574709));
#1679=CARTESIAN_POINT('Ctrl Pts',(0.497649215494555,-30.7,8.41791106353312));
#1680=CARTESIAN_POINT('Ctrl Pts',(0.514323987435868,-30.7,8.41606156955019));
#1681=CARTESIAN_POINT('Ctrl Pts',(0.53098550380911,-30.7,8.41404783028251));
#1682=CARTESIAN_POINT('Ctrl Pts',(0.544914526281339,-30.7,8.41236434488513));
#1683=CARTESIAN_POINT('Ctrl Pts',(0.558826702464925,-30.7,8.41056695068246));
#1684=CARTESIAN_POINT('Ctrl Pts',(0.572714475039749,-30.7,8.40865668816189));
#1685=CARTESIAN_POINT('Ctrl Pts',(0.660918353709979,-30.7,8.39652424844307));
#1686=CARTESIAN_POINT('Ctrl Pts',(0.74821205195846,-30.7,8.37983400513702));
#1687=CARTESIAN_POINT('Ctrl Pts',(0.834188607724439,-30.7,8.3586412982007));
#1688=CARTESIAN_POINT('Ctrl Pts',(0.923759910592942,-30.7,8.33656250759686));
#1689=CARTESIAN_POINT('Ctrl Pts',(1.01190279189018,-30.7,8.30959739293948));
#1690=CARTESIAN_POINT('Ctrl Pts',(1.09816534840887,-30.7,8.27774928449502));
#1691=CARTESIAN_POINT('Ctrl Pts',(1.17921187079987,-30.7,8.24782693419237));
#1692=CARTESIAN_POINT('Ctrl Pts',(1.25859956413682,-30.7,8.21359383205165));
#1693=CARTESIAN_POINT('Ctrl Pts',(1.33594510679907,-30.7,8.17500256087006));
#1694=CARTESIAN_POINT('Ctrl Pts',(1.34092295135363,-30.7,8.17251888382168));
#1695=CARTESIAN_POINT('Ctrl Pts',(1.34589233132565,-30.7,8.17001713810276));
#1696=CARTESIAN_POINT('Ctrl Pts',(1.35085314181719,-30.7,8.16749730400601));
#1697=CARTESIAN_POINT('Ctrl Pts',(1.38634290918559,-30.7,8.14947034529569));
#1698=CARTESIAN_POINT('Ctrl Pts',(1.42139417834001,-30.7,8.13051779036417));
#1699=CARTESIAN_POINT('Ctrl Pts',(1.45599114627838,-30.7,8.11066804081039));
#1700=CARTESIAN_POINT('Ctrl Pts',(-2.11694427577081,-29.9211486779826,5.99824825401557));
#1701=CARTESIAN_POINT('Ctrl Pts',(-2.11835811783124,-29.9309587760936,5.83517035880418));
#1702=CARTESIAN_POINT('Ctrl Pts',(-2.10104379948689,-29.9407688742047,5.67238769775541));
#1703=CARTESIAN_POINT('Ctrl Pts',(-2.06383890194378,-29.9505789723158,5.51428438786601));
#1704=CARTESIAN_POINT('Ctrl Pts',(-1.9059396285172,-29.9922134738538,4.84328676641176));
#1705=CARTESIAN_POINT('Ctrl Pts',(-1.38977281066376,-30.0338479753918,4.25657324913691));
#1706=CARTESIAN_POINT('Ctrl Pts',(-0.74428667104609,-30.0754824769298,4.0146395862856));
#1707=CARTESIAN_POINT('Ctrl Pts',(-0.0988005314284174,-30.1171169784678,
3.77270592343429));
#1708=CARTESIAN_POINT('Ctrl Pts',(0.676004929953477,-30.1587514800058,3.87555211500652));
#1709=CARTESIAN_POINT('Ctrl Pts',(1.23602153222863,-30.2003859815438,4.27731326508352));
#1710=CARTESIAN_POINT('Ctrl Pts',(1.79603813450379,-30.2420204830819,4.67907441516051));
#1711=CARTESIAN_POINT('Ctrl Pts',(2.1412658776722,-30.2836549846199,5.37975052374228));
#1712=CARTESIAN_POINT('Ctrl Pts',(2.11898794868627,-30.3252894861579,6.06882004653795));
#1713=CARTESIAN_POINT('Ctrl Pts',(2.09671001970035,-30.3669239876959,6.75788956933361));
#1714=CARTESIAN_POINT('Ctrl Pts',(1.7069264185601,-30.4085584892339,7.43535250634316));
#1715=CARTESIAN_POINT('Ctrl Pts',(1.12161442213927,-30.4501929907719,7.79967472507508));
#1716=CARTESIAN_POINT('Ctrl Pts',(0.536302425718434,-30.4918274923099,8.163996943807));
#1717=CARTESIAN_POINT('Ctrl Pts',(-0.244537965982978,-30.5334619938479,
8.21517844426127));
#1718=CARTESIAN_POINT('Ctrl Pts',(-0.871965444130998,-30.575096495386,7.93236575225696));
#1719=CARTESIAN_POINT('Ctrl Pts',(-1.49939292227902,-30.616730996924,7.64955306025265));
#1720=CARTESIAN_POINT('Ctrl Pts',(-1.97340748687364,-30.658365498462,7.03274617578976));
#1721=CARTESIAN_POINT('Ctrl Pts',(-2.08786343556507,-30.7,6.3500219093417));
#1722=CARTESIAN_POINT('Origin',(-3.86022869314378E-16,-25.2102049570051,
6.00000008940697));
#1723=CARTESIAN_POINT('',(-2.117,-25.2102049570051,6.00000009199721));
#1724=CARTESIAN_POINT('Ctrl Pts',(-2.117,-25.2102049570051,6.00000009199721));
#1725=CARTESIAN_POINT('Ctrl Pts',(-2.1170000000782,-25.2102049570051,5.93063604416611));
#1726=CARTESIAN_POINT('Ctrl Pts',(-2.11385867544984,-25.2102049570051,5.86129272839756));
#1727=CARTESIAN_POINT('Ctrl Pts',(-2.09740172397659,-25.2102049570051,5.68014777873479));
#1728=CARTESIAN_POINT('Ctrl Pts',(-2.07899302951456,-25.2102049570051,5.56896087180704));
#1729=CARTESIAN_POINT('Ctrl Pts',(-1.99779905767218,-25.2102049570051,5.23422708080803));
#1730=CARTESIAN_POINT('Ctrl Pts',(-1.90910401829731,-25.2102049570051,5.01856711333443));
#1731=CARTESIAN_POINT('Ctrl Pts',(-1.78918228981717,-25.2102049570051,4.82092818271516));
#1732=CARTESIAN_POINT('',(2.117,-25.2102049570051,6.00000008940697));
#1733=CARTESIAN_POINT('Ctrl Pts',(2.117,-25.2102049570051,6.00000008940697));
#1734=CARTESIAN_POINT('Ctrl Pts',(2.117,-25.2102049570051,6.02968654293438));
#1735=CARTESIAN_POINT('Ctrl Pts',(2.11642461235296,-25.2102049570051,6.0593748365413));
#1736=CARTESIAN_POINT('Ctrl Pts',(2.11161441199347,-25.2102049570051,6.18337999267171));
#1737=CARTESIAN_POINT('Ctrl Pts',(2.10214251774577,-25.2102049570051,6.27741870693584));
#1738=CARTESIAN_POINT('Ctrl Pts',(2.05949478483417,-25.2102049570051,6.53807739473462));
#1739=CARTESIAN_POINT('Ctrl Pts',(2.01353963900777,-25.2102049570051,6.70211498887316));
#1740=CARTESIAN_POINT('Ctrl Pts',(1.84025543446496,-25.2102049570051,7.12895015382974));
#1741=CARTESIAN_POINT('Ctrl Pts',(1.67963116035246,-25.2102049570051,7.37514279610964));
#1742=CARTESIAN_POINT('Ctrl Pts',(1.30878998842644,-25.2102049570051,7.7509534788115));
#1743=CARTESIAN_POINT('Ctrl Pts',(1.11560656879122,-25.2102049570051,7.89116575690108));
#1744=CARTESIAN_POINT('Ctrl Pts',(0.737562346087409,-25.2102049570051,8.07713800468621));
#1745=CARTESIAN_POINT('Ctrl Pts',(0.562354160603538,-25.2102049570049,8.13605159658192));
#1746=CARTESIAN_POINT('Ctrl Pts',(0.294063569671519,-25.2102049570049,8.1873404243918));
#1747=CARTESIAN_POINT('Ctrl Pts',(0.205694638880664,-25.2102049570051,8.19830053800662));
#1748=CARTESIAN_POINT('Ctrl Pts',(0.0421305036797069,-25.2102049570051,
8.20773845941049));
#1749=CARTESIAN_POINT('Ctrl Pts',(-0.0327746822076523,-25.2102049570051,
8.20791117849577));
#1750=CARTESIAN_POINT('Ctrl Pts',(-0.194987260334261,-25.2102049570051,
8.19930102937416));
#1751=CARTESIAN_POINT('Ctrl Pts',(-0.282027556937549,-25.2102049570051,
8.18900336289216));
#1752=CARTESIAN_POINT('Ctrl Pts',(-0.54583963592215,-25.2102049570051,8.1403846765901));
#1753=CARTESIAN_POINT('Ctrl Pts',(-0.718216608652394,-25.2102049570051,
8.08417697670387));
#1754=CARTESIAN_POINT('Ctrl Pts',(-1.1300932283267,-25.2102049570051,7.88743129393979));
#1755=CARTESIAN_POINT('Ctrl Pts',(-1.35260032707136,-25.2102049570051,7.7203256161823));
#1756=CARTESIAN_POINT('Ctrl Pts',(-1.73601951890105,-25.2102049570051,7.29765410793537));
#1757=CARTESIAN_POINT('Ctrl Pts',(-1.88785393589453,-25.2102049570053,7.0411402738737));
#1758=CARTESIAN_POINT('Ctrl Pts',(-2.03708007541973,-25.2102049570053,6.61947527790084));
#1759=CARTESIAN_POINT('Ctrl Pts',(-2.07332889584717,-25.2102049570051,6.47101629033642));
#1760=CARTESIAN_POINT('Ctrl Pts',(-2.10721604536407,-25.2102049570051,6.23039287399425));
#1761=CARTESIAN_POINT('Ctrl Pts',(-2.11452380563651,-25.2102049570051,6.13995253255793));
#1762=CARTESIAN_POINT('Ctrl Pts',(-2.11682342712741,-25.2102049570051,6.03289172110812));
#1763=CARTESIAN_POINT('Ctrl Pts',(-2.11699999998146,-25.2102049570051,6.01644532510214));
#1764=CARTESIAN_POINT('Ctrl Pts',(-2.117,-25.2102049570051,6.00000009199721));
#1765=CARTESIAN_POINT('',(1.78918228981721,-25.2102049570051,4.82092818271522));
#1766=CARTESIAN_POINT('Ctrl Pts',(1.78956448864177,-25.2101224424431,4.82203334693325));
#1767=CARTESIAN_POINT('Ctrl Pts',(1.80287625349395,-25.2101407320172,4.84411131335488));
#1768=CARTESIAN_POINT('Ctrl Pts',(1.81578117065604,-25.2101609287259,4.86641208997183));
#1769=CARTESIAN_POINT('Ctrl Pts',(1.82828788095623,-25.2101821132749,4.88894452116827));
#1770=CARTESIAN_POINT('Ctrl Pts',(1.85618503291849,-25.2102293669947,4.93920479282077));
#1771=CARTESIAN_POINT('Ctrl Pts',(1.88205552105327,-25.2102768939408,4.99052093785109));
#1772=CARTESIAN_POINT('Ctrl Pts',(1.90595306659453,-25.2103234216406,5.04296162960734));
#1773=CARTESIAN_POINT('Ctrl Pts',(1.91139803649409,-25.2103340228099,5.05491005283063));
#1774=CARTESIAN_POINT('Ctrl Pts',(1.91674042767852,-25.2103445764355,5.0669170018351));
#1775=CARTESIAN_POINT('Ctrl Pts',(1.9219805938111,-25.2103550775109,5.07898354558461));
#1776=CARTESIAN_POINT('Ctrl Pts',(1.94508895181005,-25.2104013857011,5.13219521974132));
#1777=CARTESIAN_POINT('Ctrl Pts',(1.96621284558823,-25.2104464474009,5.18656338818342));
#1778=CARTESIAN_POINT('Ctrl Pts',(1.98536260911795,-25.210479732588,5.2418425421141));
#1779=CARTESIAN_POINT('Ctrl Pts',(2.00449205595887,-25.2105129824616,5.29706304835626));
#1780=CARTESIAN_POINT('Ctrl Pts',(2.02165192384153,-25.2105344032303,5.35319401387008));
#1781=CARTESIAN_POINT('Ctrl Pts',(2.03680550025844,-25.2105369751415,5.41000903923054));
#1782=CARTESIAN_POINT('Ctrl Pts',(2.04641817198341,-25.2105386066334,5.44604965253595));
#1783=CARTESIAN_POINT('Ctrl Pts',(2.05522255893176,-25.2105327258544,5.48236583653682));
#1784=CARTESIAN_POINT('Ctrl Pts',(2.06319836361839,-25.2105184947863,5.51889966211662));
#1785=CARTESIAN_POINT('Ctrl Pts',(2.0745320516393,-25.2104982723144,5.57081454689635));
#1786=CARTESIAN_POINT('Ctrl Pts',(2.08417766031663,-25.2104631840231,5.62309676555146));
#1787=CARTESIAN_POINT('Ctrl Pts',(2.09205756332202,-25.2104210238058,5.67562584729325));
#1788=CARTESIAN_POINT('Ctrl Pts',(2.09926867680947,-25.2103824418445,5.72369663821198));
#1789=CARTESIAN_POINT('Ctrl Pts',(2.10500073349981,-25.2103379439207,5.77197490854585));
#1790=CARTESIAN_POINT('Ctrl Pts',(2.10915069698239,-25.2102978463978,5.82034816666223));
#1791=CARTESIAN_POINT('Ctrl Pts',(2.10953558235158,-25.210294127582,5.82483450958732));
#1792=CARTESIAN_POINT('Ctrl Pts',(2.10990682781953,-25.2102904499314,5.82932164960845));
#1793=CARTESIAN_POINT('Ctrl Pts',(2.11026433157464,-25.2102868237606,5.83380948390649));
#1794=CARTESIAN_POINT('Ctrl Pts',(2.11378532405173,-25.2102511102337,5.87800938551834));
#1795=CARTESIAN_POINT('Ctrl Pts',(2.11597415835201,-25.2102204749226,5.92225284417627));
#1796=CARTESIAN_POINT('Ctrl Pts',(2.11671685301112,-25.2102093291828,5.96644815690327));
#1797=CARTESIAN_POINT('Ctrl Pts',(2.11690486267543,-25.2102065076911,5.97763599272214));
#1798=CARTESIAN_POINT('Ctrl Pts',(2.117,-25.2102049570051,5.98882058342292));
#1799=CARTESIAN_POINT('Ctrl Pts',(2.117,-25.2102049570051,6.00000008940697));
#1800=CARTESIAN_POINT('Ctrl Pts',(1.78918228981721,-25.2102049570051,4.82092818271522));
#1801=CARTESIAN_POINT('Ctrl Pts',(1.81836177540005,-25.2102049570051,4.85662799632385));
#1802=CARTESIAN_POINT('Ctrl Pts',(1.84627728434488,-25.2102049570051,4.89331638187745));
#1803=CARTESIAN_POINT('Ctrl Pts',(1.87293093291967,-25.2102049570051,4.93091691982583));
#1804=CARTESIAN_POINT('Ctrl Pts',(1.88719568780854,-25.2102049570051,4.95104033580089));
#1805=CARTESIAN_POINT('Ctrl Pts',(1.90109893194489,-25.2102049570051,4.97142511249115));
#1806=CARTESIAN_POINT('Ctrl Pts',(1.91464042522506,-25.2102049570051,4.99206013628666));
#1807=CARTESIAN_POINT('Ctrl Pts',(1.92742522865527,-25.2102049570051,5.0115420883539));
#1808=CARTESIAN_POINT('Ctrl Pts',(1.93989047738839,-25.2102049570051,5.0312521982278));
#1809=CARTESIAN_POINT('Ctrl Pts',(1.95201875844317,-25.2102049570051,5.05115272649989));
#1810=CARTESIAN_POINT('Ctrl Pts',(1.99390243744876,-25.2102049570051,5.11987700279475));
#1811=CARTESIAN_POINT('Ctrl Pts',(2.03180630757395,-25.2102049570051,5.19091886605485));
#1812=CARTESIAN_POINT('Ctrl Pts',(2.0657490618241,-25.2102049570051,5.26387246403173));
#1813=CARTESIAN_POINT('Ctrl Pts',(2.09554470198876,-25.2102049570051,5.3279126164017));
#1814=CARTESIAN_POINT('Ctrl Pts',(2.12228760029119,-25.2102049570051,5.393427067629));
#1815=CARTESIAN_POINT('Ctrl Pts',(2.14596292881582,-25.2102049570051,5.46016606372422));
#1816=CARTESIAN_POINT('Ctrl Pts',(2.15212401167569,-25.2102049570051,5.47753369959457));
#1817=CARTESIAN_POINT('Ctrl Pts',(2.15807812407417,-25.2102049570051,5.49498755390173));
#1818=CARTESIAN_POINT('Ctrl Pts',(2.1638169822385,-25.2102049570051,5.51249863806078));
#1819=CARTESIAN_POINT('Ctrl Pts',(2.18885014666088,-25.2102049570051,5.58888279609618));
#1820=CARTESIAN_POINT('Ctrl Pts',(2.20982451992854,-25.2102049570051,5.66644365912768));
#1821=CARTESIAN_POINT('Ctrl Pts',(2.2267611465294,-25.2102049570051,5.7448004380114));
#1822=CARTESIAN_POINT('Ctrl Pts',(2.24398436195734,-25.2102049570051,5.82448311123544));
#1823=CARTESIAN_POINT('Ctrl Pts',(2.25703243221619,-25.2102049570051,5.90498970607164));
#1824=CARTESIAN_POINT('Ctrl Pts',(2.26588389302103,-25.2102049570051,5.9859514680349));
#1825=CARTESIAN_POINT('Ctrl Pts',(2.27436567491833,-25.2102049570051,6.06353188353177));
#1826=CARTESIAN_POINT('Ctrl Pts',(2.27899402766331,-25.2102049570051,6.14153119008708));
#1827=CARTESIAN_POINT('Ctrl Pts',(2.27970841832998,-25.2102049570051,6.21964024832288));
#1828=CARTESIAN_POINT('Ctrl Pts',(2.27999762843871,-25.2102049570051,6.25126150302195));
#1829=CARTESIAN_POINT('Ctrl Pts',(2.27964488825553,-25.2102049570051,6.28290084836791));
#1830=CARTESIAN_POINT('Ctrl Pts',(2.27864413509546,-25.2102049570051,6.31453800788044));
#1831=CARTESIAN_POINT('Ctrl Pts',(2.27824163571325,-25.2102049570051,6.32726236156424));
#1832=CARTESIAN_POINT('Ctrl Pts',(2.27773418604129,-25.2102049570051,6.33998863351997));
#1833=CARTESIAN_POINT('Ctrl Pts',(2.27712170164425,-25.2102049570051,6.3527080992006));
#1834=CARTESIAN_POINT('Ctrl Pts',(2.27308501803164,-25.2102049570051,6.43653792233144));
#1835=CARTESIAN_POINT('Ctrl Pts',(2.26450263940145,-25.2102049570051,6.51984024294754));
#1836=CARTESIAN_POINT('Ctrl Pts',(2.2513666267782,-25.2102049570051,6.60222918633573));
#1837=CARTESIAN_POINT('Ctrl Pts',(2.2382725786935,-25.2102049570051,6.68435492854637));
#1838=CARTESIAN_POINT('Ctrl Pts',(2.22065419262757,-25.2102049570051,6.76557413925712));
#1839=CARTESIAN_POINT('Ctrl Pts',(2.19845414955116,-25.2102049570051,6.84551765583732));
#1840=CARTESIAN_POINT('Ctrl Pts',(2.19244501691004,-25.2102049570051,6.86715685686384));
#1841=CARTESIAN_POINT('Ctrl Pts',(2.18609990167445,-25.2102049570051,6.88870261550069));
#1842=CARTESIAN_POINT('Ctrl Pts',(2.17941700381653,-25.2102049570051,6.91014762446061));
#1843=CARTESIAN_POINT('Ctrl Pts',(2.15517870166397,-25.2102049570051,6.98792684806776));
#1844=CARTESIAN_POINT('Ctrl Pts',(2.12650102600922,-25.2102049570051,7.06438168132883));
#1845=CARTESIAN_POINT('Ctrl Pts',(2.09366162167118,-25.2102049570051,7.13930718512271));
#1846=CARTESIAN_POINT('Ctrl Pts',(2.08222987728132,-25.2102049570051,7.16538954638711));
#1847=CARTESIAN_POINT('Ctrl Pts',(2.07029335968448,-25.2102049570051,7.19128646968296));
#1848=CARTESIAN_POINT('Ctrl Pts',(2.05786239648022,-25.2102049570051,7.21698886925277));
#1849=CARTESIAN_POINT('Ctrl Pts',(2.05192719941671,-25.2102049570051,7.2292605495679));
#1850=CARTESIAN_POINT('Ctrl Pts',(2.04588277989596,-25.2102049570051,7.24148057320608));
#1851=CARTESIAN_POINT('Ctrl Pts',(2.03973300599283,-25.2102049570051,7.25364354387897));
#1852=CARTESIAN_POINT('Ctrl Pts',(2.0021271972885,-25.2102049570051,7.32801999342096));
#1853=CARTESIAN_POINT('Ctrl Pts',(1.96056022029852,-25.2102049570051,7.40031753473181));
#1854=CARTESIAN_POINT('Ctrl Pts',(1.91538232814225,-25.2102049570051,7.47033913434373));
#1855=CARTESIAN_POINT('Ctrl Pts',(1.86919004555047,-25.2102049570051,7.54193294632624));
#1856=CARTESIAN_POINT('Ctrl Pts',(1.81922250490949,-25.2102049570051,7.61114819310326));
#1857=CARTESIAN_POINT('Ctrl Pts',(1.76579914140725,-25.2102049570051,7.67776395507629));
#1858=CARTESIAN_POINT('Ctrl Pts',(1.71176336581068,-25.2102049570051,7.74514335856552));
#1859=CARTESIAN_POINT('Ctrl Pts',(1.65419155665498,-25.2102049570051,7.80986414144175));
#1860=CARTESIAN_POINT('Ctrl Pts',(1.59336563943779,-25.2102049570051,7.87167560810325));
#1861=CARTESIAN_POINT('Ctrl Pts',(1.56856243048528,-25.2102049570051,7.89688069819325));
#1862=CARTESIAN_POINT('Ctrl Pts',(1.54321761828468,-25.2102049570051,7.92160170716165));
#1863=CARTESIAN_POINT('Ctrl Pts',(1.51734835552214,-25.2102049570051,7.94582011548401));
#1864=CARTESIAN_POINT('Ctrl Pts',(1.50724257497243,-25.2102049570051,7.9552809927427));
#1865=CARTESIAN_POINT('Ctrl Pts',(1.49705480195201,-25.2102049570051,7.96466691907658));
#1866=CARTESIAN_POINT('Ctrl Pts',(1.48679241044842,-25.2102049570051,7.97397096694417));
#1867=CARTESIAN_POINT('Ctrl Pts',(1.42100121712268,-25.2102049570051,8.03361831247313));
#1868=CARTESIAN_POINT('Ctrl Pts',(1.35231434351164,-25.2102049570051,8.08975316276356));
#1869=CARTESIAN_POINT('Ctrl Pts',(1.28107908700861,-25.2102049570051,8.14214914611526));
#1870=CARTESIAN_POINT('Ctrl Pts',(1.20940148837114,-25.2102049570051,8.19487048733396));
#1871=CARTESIAN_POINT('Ctrl Pts',(1.13514312196894,-25.2102049570051,8.24380719398499));
#1872=CARTESIAN_POINT('Ctrl Pts',(1.05861178140266,-25.2102049570051,8.28870236858435));
#1873=CARTESIAN_POINT('Ctrl Pts',(0.983318660617928,-25.2102049570051,8.33287117287746));
#1874=CARTESIAN_POINT('Ctrl Pts',(0.905824769916883,-25.2102049570051,8.37312883381909));
#1875=CARTESIAN_POINT('Ctrl Pts',(0.82638936641233,-25.2102049570051,8.40919455223563));
#1876=CARTESIAN_POINT('Ctrl Pts',(0.772375180786105,-25.2102049570051,8.43371838321463));
#1877=CARTESIAN_POINT('Ctrl Pts',(0.717462610758954,-25.2102049570051,8.45630325049052));
#1878=CARTESIAN_POINT('Ctrl Pts',(0.661726634231135,-25.2102049570051,8.47684864901673));
#1879=CARTESIAN_POINT('Origin',(3.86022869314378E-16,-30.7,6.00000008940697));
#1880=CARTESIAN_POINT('Origin',(0.,-30.7,6.00000008940697));
#1881=CARTESIAN_POINT('Ctrl Pts',(2.31201641827338,-30.7,7.09917254249809));
#1882=CARTESIAN_POINT('Ctrl Pts',(2.34288625714347,-30.7,7.01662331807637));
#1883=CARTESIAN_POINT('Ctrl Pts',(2.36909113870758,-30.7,6.93252496551368));
#1884=CARTESIAN_POINT('Ctrl Pts',(2.39070940385009,-30.7,6.84725141175826));
#1885=CARTESIAN_POINT('Ctrl Pts',(2.41269244337736,-30.7,6.76053900026363));
#1886=CARTESIAN_POINT('Ctrl Pts',(2.42993270594252,-30.7,6.67261037884823));
#1887=CARTESIAN_POINT('Ctrl Pts',(2.4424591717923,-30.7,6.58385838045084));
#1888=CARTESIAN_POINT('Ctrl Pts',(2.44507736340371,-30.7,6.56530807739752));
#1889=CARTESIAN_POINT('Ctrl Pts',(2.44748944560534,-30.7,6.54672183382143));
#1890=CARTESIAN_POINT('Ctrl Pts',(2.44969539953584,-30.7,6.52810329965183));
#1891=CARTESIAN_POINT('Ctrl Pts',(2.4518736328775,-30.7,6.50971873080825));
#1892=CARTESIAN_POINT('Ctrl Pts',(2.45384981438862,-30.7,6.49131143670411));
#1893=CARTESIAN_POINT('Ctrl Pts',(2.45562406975329,-30.7,6.47288961669474));
#1894=CARTESIAN_POINT('Ctrl Pts',(2.46407333968283,-30.7,6.38516214918811));
#1895=CARTESIAN_POINT('Ctrl Pts',(2.46795153110831,-30.7,6.29707038474059));
#1896=CARTESIAN_POINT('Ctrl Pts',(2.46730127206033,-30.7,6.20899327461815));
#1897=CARTESIAN_POINT('Ctrl Pts',(2.46683799914502,-30.7,6.14624329873507));
#1898=CARTESIAN_POINT('Ctrl Pts',(2.4640750785428,-30.7,6.08350075110059));
#1899=CARTESIAN_POINT('Ctrl Pts',(2.45901242005506,-30.7,6.02090720956304));
#1900=CARTESIAN_POINT('Ctrl Pts',(2.45707487019138,-30.7,5.9969517900601));
#1901=CARTESIAN_POINT('Ctrl Pts',(2.45480034747953,-30.7,5.97301825258152));
#1902=CARTESIAN_POINT('Ctrl Pts',(2.45218836907621,-30.7,5.94911477824426));
#1903=CARTESIAN_POINT('Ctrl Pts',(2.45046217343602,-30.7,5.93331752925707));
#1904=CARTESIAN_POINT('Ctrl Pts',(2.44858933456605,-30.7,5.91754068966068));
#1905=CARTESIAN_POINT('Ctrl Pts',(2.44657113663666,-30.7,5.90179394304024));
#1906=CARTESIAN_POINT('Ctrl Pts',(2.43562507846685,-30.7,5.81638864062563));
#1907=CARTESIAN_POINT('Ctrl Pts',(2.42039970959331,-30.7,5.73179854894451));
#1908=CARTESIAN_POINT('Ctrl Pts',(2.40094005442042,-30.7,5.64837572353782));
#1909=CARTESIAN_POINT('Ctrl Pts',(2.38185668276539,-30.7,5.56656601172103));
#1910=CARTESIAN_POINT('Ctrl Pts',(2.35870081796041,-30.7,5.48587804857163));
#1911=CARTESIAN_POINT('Ctrl Pts',(2.33146980639229,-30.7,5.40666359097822));
#1912=CARTESIAN_POINT('Ctrl Pts',(2.30479264989515,-30.7,5.32906028649692));
#1913=CARTESIAN_POINT('Ctrl Pts',(2.27420410284972,-30.7,5.25287048507253));
#1914=CARTESIAN_POINT('Ctrl Pts',(2.23966309499504,-30.7,5.17845484768744));
#1915=CARTESIAN_POINT('Ctrl Pts',(2.22237643046789,-30.7,5.14121221236937));
#1916=CARTESIAN_POINT('Ctrl Pts',(2.20409922131711,-30.7,5.10441448360675));
#1917=CARTESIAN_POINT('Ctrl Pts',(2.18482295287785,-30.7,5.06811056210809));
#1918=CARTESIAN_POINT('Ctrl Pts',(2.17859423795519,-30.7,5.05637972435272));
#1919=CARTESIAN_POINT('Ctrl Pts',(2.17226099883091,-30.7,5.04470029061436));
#1920=CARTESIAN_POINT('Ctrl Pts',(2.16583034752215,-30.7,5.03308690693157));
#1921=CARTESIAN_POINT('Ctrl Pts',(2.12636575432192,-30.7,4.96181613812228));
#1922=CARTESIAN_POINT('Ctrl Pts',(2.08317140038985,-30.7,4.89290736100406));
#1923=CARTESIAN_POINT('Ctrl Pts',(2.03625049102783,-30.7,4.82668452842432));
#1924=CARTESIAN_POINT('Ctrl Pts',(2.03091410463588,-30.7,4.81915290494514));
#1925=CARTESIAN_POINT('Ctrl Pts',(2.02552947179973,-30.7,4.81165605785824));
#1926=CARTESIAN_POINT('Ctrl Pts',(2.0200965637812,-30.7,4.80419449131031));
#1927=CARTESIAN_POINT('Ctrl Pts',(1.97159264960383,-30.7,4.73757912027225));
#1928=CARTESIAN_POINT('Ctrl Pts',(1.91924363114429,-30.7,4.67377240761548));
#1929=CARTESIAN_POINT('Ctrl Pts',(1.86339921220568,-30.7,4.61294308215867));
#1930=CARTESIAN_POINT('Ctrl Pts',(1.80863701408646,-30.7,4.55329258108021));
#1931=CARTESIAN_POINT('Ctrl Pts',(1.75051257473856,-30.7,4.49650494903369));
#1932=CARTESIAN_POINT('Ctrl Pts',(1.68933326902619,-30.7,4.44278119307855));
#1933=CARTESIAN_POINT('Ctrl Pts',(1.6629342890902,-30.7,4.41959929620947));
#1934=CARTESIAN_POINT('Ctrl Pts',(1.63596631314295,-30.7,4.3969884307238));
#1935=CARTESIAN_POINT('Ctrl Pts',(1.60845340776497,-30.7,4.37496739473761));
#1936=CARTESIAN_POINT('Ctrl Pts',(1.59840855645704,-30.7,4.36692760289851));
#1937=CARTESIAN_POINT('Ctrl Pts',(1.58829504728421,-30.7,4.35896969021652));
#1938=CARTESIAN_POINT('Ctrl Pts',(1.57812054486771,-30.7,4.35109916643226));
#1939=CARTESIAN_POINT('Ctrl Pts',(1.51360063571465,-30.7,4.30118955328753));
#1940=CARTESIAN_POINT('Ctrl Pts',(1.44655371122121,-30.7,4.25472889893438));
#1941=CARTESIAN_POINT('Ctrl Pts',(1.37732296455404,-30.7,4.21186851788754));
#1942=CARTESIAN_POINT('Ctrl Pts',(1.30831646066766,-30.7,4.16914696433418));
#1943=CARTESIAN_POINT('Ctrl Pts',(1.23713924847231,-30.7,4.13000206392668));
#1944=CARTESIAN_POINT('Ctrl Pts',(1.16411250837055,-30.7,4.0946315029358));
#1945=CARTESIAN_POINT('Ctrl Pts',(1.09245499311982,-30.7,4.05992412711568));
#1946=CARTESIAN_POINT('Ctrl Pts',(1.01901574047435,-30.7,4.02885070756185));
#1947=CARTESIAN_POINT('Ctrl Pts',(0.944094418673838,-30.7,4.0016477123591));
#1948=CARTESIAN_POINT('Ctrl Pts',(0.915144964336521,-30.7,3.99113652744492));
#1949=CARTESIAN_POINT('Ctrl Pts',(0.885974262933212,-30.7,3.98120375745253));
#1950=CARTESIAN_POINT('Ctrl Pts',(0.856599882439198,-30.7,3.971865172323));
#1951=CARTESIAN_POINT('Ctrl Pts',(0.841781255862178,-30.7,3.96715409404782));
#1952=CARTESIAN_POINT('Ctrl Pts',(0.826908167554024,-30.7,3.9625935872431));
#1953=CARTESIAN_POINT('Ctrl Pts',(0.812005753228215,-30.7,3.95819220855886));
#1954=CARTESIAN_POINT('Ctrl Pts',(0.736928695544163,-30.7,3.93601844837873));
#1955=CARTESIAN_POINT('Ctrl Pts',(0.660988656610481,-30.7,3.91783983400944));
#1956=CARTESIAN_POINT('Ctrl Pts',(0.584480266786706,-30.7,3.9038287484391));
#1957=CARTESIAN_POINT('Ctrl Pts',(0.508274337806507,-30.7,3.88987305293475));
#1958=CARTESIAN_POINT('Ctrl Pts',(0.431503663736939,-30.7,3.88005175363205));
#1959=CARTESIAN_POINT('Ctrl Pts',(0.354460757597853,-30.7,3.87458763081787));
#1960=CARTESIAN_POINT('Ctrl Pts',(0.277417851458767,-30.7,3.8691235080037));
#1961=CARTESIAN_POINT('Ctrl Pts',(0.200101863329279,-30.7,3.86801628593418));
#1962=CARTESIAN_POINT('Ctrl Pts',(0.122819602930497,-30.7,3.87154524500744));
#1963=CARTESIAN_POINT('Ctrl Pts',(0.0861350743542618,-30.7,3.87322037975763));
#1964=CARTESIAN_POINT('Ctrl Pts',(0.0494584278287419,-30.7,3.87594109675761));
#1965=CARTESIAN_POINT('Ctrl Pts',(0.0128270238520556,-30.7,3.87969283013073));
#1966=CARTESIAN_POINT('Origin',(0.,-23.4434950667766,6.00000008940697));
#1967=CARTESIAN_POINT('Ctrl Pts',(-2.56095352517726,-25.4434950667766,5.99799731837446));
#1968=CARTESIAN_POINT('Ctrl Pts',(-2.56234560807418,-25.4515392390848,5.83649175489404));
#1969=CARTESIAN_POINT('Ctrl Pts',(-2.4758989736305,-25.5011101766018,4.84268655043336));
#1970=CARTESIAN_POINT('Ctrl Pts',(-1.17855054553217,-25.5922078793274,3.23387576214976));
#1971=CARTESIAN_POINT('Ctrl Pts',(1.63666769034399,-25.7167881749536,3.47810506674063));
#1972=CARTESIAN_POINT('Ctrl Pts',(3.00611948550522,-25.8413684705797,5.94972918435892));
#1973=CARTESIAN_POINT('Ctrl Pts',(1.7199935296489,-25.965948766206,8.46596811297774));
#1974=CARTESIAN_POINT('Ctrl Pts',(-1.08553693864291,-26.0905290618321,8.80370583775182));
#1975=CARTESIAN_POINT('Ctrl Pts',(-2.45684567727346,-26.1830444953556,7.21527956608828));
#1976=CARTESIAN_POINT('Ctrl Pts',(-2.5617870340453,-26.2340331636705,6.1922800638112));
#1977=CARTESIAN_POINT('Ctrl Pts',(-2.56014386350164,-26.2434950667766,6.00211008178654));
#1978=CARTESIAN_POINT('Ctrl Pts',(1.7676800015984,-25.2250725704476,4.83509819999779));
#1979=CARTESIAN_POINT('Ctrl Pts',(2.14761327851175,-25.2665993356564,5.41162783021592));
#1980=CARTESIAN_POINT('Ctrl Pts',(2.2944327321205,-25.3496528660738,6.95554204840739));
#1981=CARTESIAN_POINT('Ctrl Pts',(0.485437801301878,-25.4742331617,8.43981212331644));
#1982=CARTESIAN_POINT('Ctrl Pts',(-1.75178873355072,-25.5988134573261,7.76350629737669));
#1983=CARTESIAN_POINT('Ctrl Pts',(-2.44177273374457,-25.7233937529523,5.53194327432262));
#1984=CARTESIAN_POINT('Ctrl Pts',(-0.974606056598286,-25.8479740485784,
3.7125449328431));
#1985=CARTESIAN_POINT('Ctrl Pts',(1.3534474611165,-25.9725543442046,3.9145111194911));
#1986=CARTESIAN_POINT('Ctrl Pts',(2.48591990266193,-26.0971346398307,5.9584284073809));
#1987=CARTESIAN_POINT('Ctrl Pts',(1.42235402432294,-26.221714935457,8.03924005264889));
#1988=CARTESIAN_POINT('Ctrl Pts',(-0.89768816371369,-26.3462952310831,8.3185333195812));
#1989=CARTESIAN_POINT('Ctrl Pts',(-2.42473129939377,-26.4708755267092,6.54971542588061));
#1990=CARTESIAN_POINT('Ctrl Pts',(-1.80980355912252,-26.5954558223354,4.2952655703766));
#1991=CARTESIAN_POINT('Ctrl Pts',(0.403874501564815,-26.7200361179616,3.54676211626268));
#1992=CARTESIAN_POINT('Ctrl Pts',(2.26077686591752,-26.8446164135877,4.96540398873621));
#1993=CARTESIAN_POINT('Ctrl Pts',(2.12054494978076,-26.9691967092139,7.29799435505362));
#1994=CARTESIAN_POINT('Ctrl Pts',(0.107057802379133,-27.0937770048401,8.4839559470176));
#1995=CARTESIAN_POINT('Ctrl Pts',(-2.00100256196108,-27.2183573004662,7.47563154818301));
#1996=CARTESIAN_POINT('Ctrl Pts',(-2.34140934191125,-27.3429375960924,5.16375762346146));
#1997=CARTESIAN_POINT('Ctrl Pts',(-0.613452707009444,-27.4675178917185,
3.59060706370813));
#1998=CARTESIAN_POINT('Ctrl Pts',(1.65641821297435,-27.5920981873447,4.14587553529106));
#1999=CARTESIAN_POINT('Ctrl Pts',(2.4630358639179,-27.7166784829709,6.33904792888879));
#2000=CARTESIAN_POINT('Ctrl Pts',(1.0938471664039,-27.841258778597,8.23271087808593));
#2001=CARTESIAN_POINT('Ctrl Pts',(-1.24162856333363,-27.9658390742232,8.15403296297863));
#2002=CARTESIAN_POINT('Ctrl Pts',(-2.48026954707621,-28.0904193698493,6.17251697429231));
#2003=CARTESIAN_POINT('Ctrl Pts',(-1.52788022180576,-28.2149996654755,4.0386023384324));
#2004=CARTESIAN_POINT('Ctrl Pts',(0.77421397093526,-28.3395799611016,3.63735500041414));
#2005=CARTESIAN_POINT('Ctrl Pts',(2.39237996465391,-28.4641602567278,5.32323040249302));
#2006=CARTESIAN_POINT('Ctrl Pts',(1.89715590070067,-28.5887405523539,7.60695330804319));
#2007=CARTESIAN_POINT('Ctrl Pts',(-0.273985248607993,-28.7133208479801,
8.47111948344049));
#2008=CARTESIAN_POINT('Ctrl Pts',(-2.20309220382422,-28.8379011436063,7.15233854215808));
#2009=CARTESIAN_POINT('Ctrl Pts',(-2.186022910424,-28.9624814392324,4.81560011887098));
#2010=CARTESIAN_POINT('Ctrl Pts',(-0.237855974255131,-29.0870617348586,
3.52514199021833));
#2011=CARTESIAN_POINT('Ctrl Pts',(1.92042893676462,-29.2116420304847,4.42093305583005));
#2012=CARTESIAN_POINT('Ctrl Pts',(2.38223809309171,-29.3362223261109,6.71164803383857));
#2013=CARTESIAN_POINT('Ctrl Pts',(0.739615671013856,-29.4608026217371,8.37370180299317));
#2014=CARTESIAN_POINT('Ctrl Pts',(-1.55637002070185,-29.5853829173632,7.93887116857824));
#2015=CARTESIAN_POINT('Ctrl Pts',(-2.47748606444272,-29.7099632129895,5.79126191391846));
#2016=CARTESIAN_POINT('Ctrl Pts',(-1.21002545910537,-29.8345435086155,3.82807035596469));
#2017=CARTESIAN_POINT('Ctrl Pts',(1.12634191822285,-29.9591238042417,3.78348379543468));
#2018=CARTESIAN_POINT('Ctrl Pts',(2.46773722704444,-30.0837040998679,5.69701668151771));
#2019=CARTESIAN_POINT('Ctrl Pts',(1.62913304117809,-30.208284395494,7.87803358425876));
#2020=CARTESIAN_POINT('Ctrl Pts',(-0.64854218293402,-30.3328646911202,8.40035445820418));
#2021=CARTESIAN_POINT('Ctrl Pts',(-2.35346137412482,-30.4574449867463,6.8015927702043));
#2022=CARTESIAN_POINT('Ctrl Pts',(-1.97906270934618,-30.5820252823725,4.49599586567009));
#2023=CARTESIAN_POINT('Ctrl Pts',(0.142991793337753,-30.7066055779987,3.51647719505299));
#2024=CARTESIAN_POINT('Ctrl Pts',(2.1400519356536,-30.8311858736249,4.73601444457487));
#2025=CARTESIAN_POINT('Ctrl Pts',(2.20838825191204,-30.9142394040423,6.28538761233401));
#2026=CARTESIAN_POINT('Ctrl Pts',(1.91192920214247,-30.955766169251,6.90896418440459));
#2027=CARTESIAN_POINT('Ctrl Pts',(1.89098062208464,-25.1398171806973,4.75384303750239));
#2028=CARTESIAN_POINT('Ctrl Pts',(2.29741530691369,-25.181343945906,5.37058722073369));
#2029=CARTESIAN_POINT('Ctrl Pts',(2.45447582774786,-25.2643974763235,7.02219377063022));
#2030=CARTESIAN_POINT('Ctrl Pts',(0.519298444661463,-25.3889777719496,8.60999583155482));
#2031=CARTESIAN_POINT('Ctrl Pts',(-1.87398089367716,-25.5135580675758,7.88651578409225));
#2032=CARTESIAN_POINT('Ctrl Pts',(-2.61209320627627,-25.6381383632019,5.49929500332871));
#2033=CARTESIAN_POINT('Ctrl Pts',(-1.04258755290958,-25.7627186588281,3.55298854261198));
#2034=CARTESIAN_POINT('Ctrl Pts',(1.44785420419233,-25.8872989544543,3.76904243524095));
#2035=CARTESIAN_POINT('Ctrl Pts',(2.65931976360969,-26.0118792500804,5.95552866637357));
#2036=CARTESIAN_POINT('Ctrl Pts',(1.52156719276492,-26.1364595457066,8.18148273942518));
#2037=CARTESIAN_POINT('Ctrl Pts',(-0.960304422023431,-26.2610398413328,
8.48025749230474));
#2038=CARTESIAN_POINT('Ctrl Pts',(-2.5938630842515,-26.3856201369589,6.58805960696356));
#2039=CARTESIAN_POINT('Ctrl Pts',(-1.93604241547447,-26.5102004325851,4.17635557322175));
#2040=CARTESIAN_POINT('Ctrl Pts',(0.432045876811738,-26.6347807282112,3.37564191123938));
#2041=CARTESIAN_POINT('Ctrl Pts',(2.41847237081462,-26.7593610238374,4.89323801918857));
#2042=CARTESIAN_POINT('Ctrl Pts',(2.26845888660219,-26.8839413194635,7.38853308276286));
#2043=CARTESIAN_POINT('Ctrl Pts',(0.114525383304018,-27.0085216150897,8.65721881033386));
#2044=CARTESIAN_POINT('Ctrl Pts',(-2.14057808313077,-27.1331019107158,7.57856096657976));
#2045=CARTESIAN_POINT('Ctrl Pts',(-2.50472918736341,-27.2576822063421,5.10542737430166));
#2046=CARTESIAN_POINT('Ctrl Pts',(-0.656242747822728,-27.3822625019682,
3.42254516630858));
#2047=CARTESIAN_POINT('Ctrl Pts',(1.77195801274567,-27.5068427975944,4.01654516566842));
#2048=CARTESIAN_POINT('Ctrl Pts',(2.63483949920614,-27.6314230932205,6.36269746327557));
#2049=CARTESIAN_POINT('Ctrl Pts',(1.17014606338342,-27.7560033888467,8.38844869565556));
#2050=CARTESIAN_POINT('Ctrl Pts',(-1.32823562577369,-27.8805836844728,8.30428277607771));
#2051=CARTESIAN_POINT('Ctrl Pts',(-2.65327527993006,-28.005163980099,6.18455050916938));
#2052=CARTESIAN_POINT('Ctrl Pts',(-1.63445413745053,-28.1297442757252,3.90178936351794));
#2053=CARTESIAN_POINT('Ctrl Pts',(0.828217559208653,-28.2543245713513,3.47255390225262));
#2054=CARTESIAN_POINT('Ctrl Pts',(2.55925515349688,-28.3789048669775,5.27602382537085));
#2055=CARTESIAN_POINT('Ctrl Pts',(2.02948782701312,-28.5034851626036,7.7190427862129));
#2056=CARTESIAN_POINT('Ctrl Pts',(-0.293096485442088,-28.6280654582298,
8.64348696754644));
#2057=CARTESIAN_POINT('Ctrl Pts',(-2.35676404232117,-28.7526457538559,7.23271736983384));
#2058=CARTESIAN_POINT('Ctrl Pts',(-2.33850411800042,-28.8772260494821,4.73298491072306));
#2059=CARTESIAN_POINT('Ctrl Pts',(-0.254447093227738,-29.0018063451083,
3.35251372097876));
#2060=CARTESIAN_POINT('Ctrl Pts',(2.05438422238684,-29.1263866407344,4.31078871700552));
#2061=CARTESIAN_POINT('Ctrl Pts',(2.54840585804835,-29.2509669363606,6.76128746690159));
#2062=CARTESIAN_POINT('Ctrl Pts',(0.791205931171175,-29.3755472319868,8.53927413162153));
#2063=CARTESIAN_POINT('Ctrl Pts',(-1.66493117944392,-29.5001275276129,8.07411284517607));
#2064=CARTESIAN_POINT('Ctrl Pts',(-2.6502976416035,-29.6247078232391,5.77670184278928));
#2065=CARTESIAN_POINT('Ctrl Pts',(-1.29442811670003,-29.7492881188652,3.67657218687085));
#2066=CARTESIAN_POINT('Ctrl Pts',(1.20490741495923,-29.8738684144914,3.62887558913178));
#2067=CARTESIAN_POINT('Ctrl Pts',(2.6398687955503,-29.9984487101175,5.67588274202867));
#2068=CARTESIAN_POINT('Ctrl Pts',(1.74276962395906,-30.1230290057437,8.00903166931928));
#2069=CARTESIAN_POINT('Ctrl Pts',(-0.693779812762359,-30.2476093013698,
8.56778588402329));
#2070=CARTESIAN_POINT('Ctrl Pts',(-2.51762188250732,-30.372189596996,6.85750610000956));
#2071=CARTESIAN_POINT('Ctrl Pts',(-2.11710786447772,-30.4967698926222,4.39108736762011));
#2072=CARTESIAN_POINT('Ctrl Pts',(0.152965870561598,-30.6213501882483,3.34324453213396));
#2073=CARTESIAN_POINT('Ctrl Pts',(2.28932653925847,-30.7459304838745,4.64784791321594));
#2074=CARTESIAN_POINT('Ctrl Pts',(2.3624295045647,-30.828984014292,6.30529418966934));
#2075=CARTESIAN_POINT('Ctrl Pts',(2.04529160751944,-30.8705107795007,6.97236697043575));
#2076=CARTESIAN_POINT('Ctrl Pts',(2.01428124257088,-25.054561790947,4.672587875007));
#2077=CARTESIAN_POINT('Ctrl Pts',(2.44721733531563,-25.0960885561557,5.32954661125147));
#2078=CARTESIAN_POINT('Ctrl Pts',(2.61451892337523,-25.1791420865731,7.08884549285305));
#2079=CARTESIAN_POINT('Ctrl Pts',(0.553159088021049,-25.3037223821993,8.78017953979318));
#2080=CARTESIAN_POINT('Ctrl Pts',(-1.99617305380359,-25.4283026778255,8.00952527080783));
#2081=CARTESIAN_POINT('Ctrl Pts',(-2.78241367880798,-25.5528829734516,5.46664673233479));
#2082=CARTESIAN_POINT('Ctrl Pts',(-1.11056904922088,-25.6774632690778,3.39343215238087));
#2083=CARTESIAN_POINT('Ctrl Pts',(1.54226094726816,-25.8020435647039,3.62357375099079));
#2084=CARTESIAN_POINT('Ctrl Pts',(2.83271962455745,-25.9266238603301,5.95262892536624));
#2085=CARTESIAN_POINT('Ctrl Pts',(1.62078036120691,-26.0512041559563,8.32372542620146));
#2086=CARTESIAN_POINT('Ctrl Pts',(-1.02292068033317,-26.1757844515824,8.64198166502828));
#2087=CARTESIAN_POINT('Ctrl Pts',(-2.76299486910923,-26.3003647472086,6.62640378804651));
#2088=CARTESIAN_POINT('Ctrl Pts',(-2.06228127182643,-26.4249450428348,4.0574455760669));
#2089=CARTESIAN_POINT('Ctrl Pts',(0.460217252058661,-26.5495253384609,3.20452170621609));
#2090=CARTESIAN_POINT('Ctrl Pts',(2.57616787571171,-26.6741056340871,4.82107204964092));
#2091=CARTESIAN_POINT('Ctrl Pts',(2.41637282342361,-26.7986859297132,7.47907181047211));
#2092=CARTESIAN_POINT('Ctrl Pts',(0.121992964228907,-26.9232662253394,8.83048167365011));
#2093=CARTESIAN_POINT('Ctrl Pts',(-2.28015360430047,-27.0478465209655,7.68149038497651));
#2094=CARTESIAN_POINT('Ctrl Pts',(-2.66804903281557,-27.1724268165917,5.04709712514186));
#2095=CARTESIAN_POINT('Ctrl Pts',(-0.699032788636017,-27.2970071122178,
3.25448326890903));
#2096=CARTESIAN_POINT('Ctrl Pts',(1.88749781251699,-27.421587407844,3.88721479604579));
#2097=CARTESIAN_POINT('Ctrl Pts',(2.80664313449438,-27.5461677034702,6.38634699766235));
#2098=CARTESIAN_POINT('Ctrl Pts',(1.24644496036294,-27.6707479990963,8.5441865132252));
#2099=CARTESIAN_POINT('Ctrl Pts',(-1.41484268821375,-27.7953282947225,8.45453258917678));
#2100=CARTESIAN_POINT('Ctrl Pts',(-2.8262810127839,-27.9199085903487,6.19658404404643));
#2101=CARTESIAN_POINT('Ctrl Pts',(-1.74102805309531,-28.0444888859748,3.76497638860348));
#2102=CARTESIAN_POINT('Ctrl Pts',(0.882221147482046,-28.169069181601,3.3077528040911));
#2103=CARTESIAN_POINT('Ctrl Pts',(2.72613034233985,-28.2936494772271,5.22881724824868));
#2104=CARTESIAN_POINT('Ctrl Pts',(2.16181975332558,-28.4182297728533,7.83113226438263));
#2105=CARTESIAN_POINT('Ctrl Pts',(-0.312207722276185,-28.5428100684794,
8.81585445165237));
#2106=CARTESIAN_POINT('Ctrl Pts',(-2.51043588081812,-28.6673903641056,7.3130961975096));
#2107=CARTESIAN_POINT('Ctrl Pts',(-2.49098532557684,-28.7919706597318,4.65036970257514));
#2108=CARTESIAN_POINT('Ctrl Pts',(-0.271038212200343,-28.916550955358,3.17988545173918));
#2109=CARTESIAN_POINT('Ctrl Pts',(2.18833950800906,-29.0411312509841,4.200644378181));
#2110=CARTESIAN_POINT('Ctrl Pts',(2.71457362300499,-29.1657115466103,6.8109268999646));
#2111=CARTESIAN_POINT('Ctrl Pts',(0.842796191328495,-29.2902918422364,8.70484646024988));
#2112=CARTESIAN_POINT('Ctrl Pts',(-1.773492338186,-29.4148721378625,8.20935452177391));
#2113=CARTESIAN_POINT('Ctrl Pts',(-2.82310921876428,-29.5394524334888,5.7621417716601));
#2114=CARTESIAN_POINT('Ctrl Pts',(-1.37883077429469,-29.6640327291149,3.52507401777702));
#2115=CARTESIAN_POINT('Ctrl Pts',(1.2834729116956,-29.7886130247411,3.47426738282888));
#2116=CARTESIAN_POINT('Ctrl Pts',(2.81200036405616,-29.9131933203672,5.65474880253962));
#2117=CARTESIAN_POINT('Ctrl Pts',(1.85640620674002,-30.0377736159934,8.14002975437979));
#2118=CARTESIAN_POINT('Ctrl Pts',(-0.739017442590694,-30.1623539116195,
8.7352173098424));
#2119=CARTESIAN_POINT('Ctrl Pts',(-2.68178239088983,-30.2869342072457,6.91341942981482));
#2120=CARTESIAN_POINT('Ctrl Pts',(-2.25515301960925,-30.4115145028718,4.28617886957013));
#2121=CARTESIAN_POINT('Ctrl Pts',(0.162939947785439,-30.536094798498,3.17001186921492));
#2122=CARTESIAN_POINT('Ctrl Pts',(2.43860114286334,-30.6606750941242,4.559681381857));
#2123=CARTESIAN_POINT('Ctrl Pts',(2.51647075721736,-30.7437286245416,6.32520076700467));
#2124=CARTESIAN_POINT('Ctrl Pts',(2.17865401289641,-30.7852553897503,7.03576975646692));
#2125=CARTESIAN_POINT('Ctrl Pts',(2.13758186305711,-24.9693064011966,4.5913327125116));
#2126=CARTESIAN_POINT('Ctrl Pts',(2.59701936371757,-25.0108331664054,5.28850600176924));
#2127=CARTESIAN_POINT('Ctrl Pts',(2.77456201900259,-25.0938866968228,7.15549721507588));
#2128=CARTESIAN_POINT('Ctrl Pts',(0.587019731380637,-25.218466992449,8.95036324803156));
#2129=CARTESIAN_POINT('Ctrl Pts',(-2.11836521393002,-25.3430472880751,8.1325347575234));
#2130=CARTESIAN_POINT('Ctrl Pts',(-2.95273415133968,-25.4676275837013,5.43399846134086));
#2131=CARTESIAN_POINT('Ctrl Pts',(-1.17855054553217,-25.5922078793274,3.23387576214976));
#2132=CARTESIAN_POINT('Ctrl Pts',(1.63666769034399,-25.7167881749536,3.47810506674063));
#2133=CARTESIAN_POINT('Ctrl Pts',(3.00611948550522,-25.8413684705797,5.94972918435892));
#2134=CARTESIAN_POINT('Ctrl Pts',(1.7199935296489,-25.965948766206,8.46596811297774));
#2135=CARTESIAN_POINT('Ctrl Pts',(-1.08553693864291,-26.0905290618321,8.80370583775182));
#2136=CARTESIAN_POINT('Ctrl Pts',(-2.93212665396696,-26.2151093574583,6.66474796912946));
#2137=CARTESIAN_POINT('Ctrl Pts',(-2.18852012817839,-26.3396896530844,3.93853557891205));
#2138=CARTESIAN_POINT('Ctrl Pts',(0.488388627305586,-26.4642699487105,3.0334015011928));
#2139=CARTESIAN_POINT('Ctrl Pts',(2.73386338060881,-26.5888502443368,4.74890608009326));
#2140=CARTESIAN_POINT('Ctrl Pts',(2.56428676024504,-26.7134305399629,7.56961053818137));
#2141=CARTESIAN_POINT('Ctrl Pts',(0.129460545153791,-26.8380108355891,9.00374453696636));
#2142=CARTESIAN_POINT('Ctrl Pts',(-2.41972912547017,-26.9625911312152,7.78441980337326));
#2143=CARTESIAN_POINT('Ctrl Pts',(-2.83136887826773,-27.0871714268414,4.98876687598207));
#2144=CARTESIAN_POINT('Ctrl Pts',(-0.741822829449301,-27.2117517224675,
3.08642137150946));
#2145=CARTESIAN_POINT('Ctrl Pts',(2.0030376122883,-27.3363320180937,3.75788442642316));
#2146=CARTESIAN_POINT('Ctrl Pts',(2.97844676978263,-27.4609123137198,6.40999653204913));
#2147=CARTESIAN_POINT('Ctrl Pts',(1.32274385734245,-27.585492609346,8.69992433079484));
#2148=CARTESIAN_POINT('Ctrl Pts',(-1.5014497506538,-27.7100729049722,8.60478240227586));
#2149=CARTESIAN_POINT('Ctrl Pts',(-2.99928674563775,-27.8346532005983,6.2086175789235));
#2150=CARTESIAN_POINT('Ctrl Pts',(-1.84760196874008,-27.9592334962245,3.62816341368902));
#2151=CARTESIAN_POINT('Ctrl Pts',(0.936224735755438,-28.0838137918506,3.14295170592958));
#2152=CARTESIAN_POINT('Ctrl Pts',(2.89300553118282,-28.2083940874768,5.18161067112651));
#2153=CARTESIAN_POINT('Ctrl Pts',(2.29415167963803,-28.332974383103,7.94322174255233));
#2154=CARTESIAN_POINT('Ctrl Pts',(-0.331318959110278,-28.4575546787291,
8.98822193575832));
#2155=CARTESIAN_POINT('Ctrl Pts',(-2.66410771931507,-28.5821349743553,7.39347502518536));
#2156=CARTESIAN_POINT('Ctrl Pts',(-2.64346653315326,-28.7067152699815,4.56775449442722));
#2157=CARTESIAN_POINT('Ctrl Pts',(-0.287629331172951,-28.8312955656076,
3.0072571824996));
#2158=CARTESIAN_POINT('Ctrl Pts',(2.32229479363128,-28.9558758612338,4.09050003935647));
#2159=CARTESIAN_POINT('Ctrl Pts',(2.88074138796163,-29.0804561568599,6.86056633302762));
#2160=CARTESIAN_POINT('Ctrl Pts',(0.894386451485814,-29.2050364524861,8.87041878887823));
#2161=CARTESIAN_POINT('Ctrl Pts',(-1.88205349692807,-29.3296167481122,8.34459619837175));
#2162=CARTESIAN_POINT('Ctrl Pts',(-2.99592079592506,-29.4541970437384,5.74758170053092));
#2163=CARTESIAN_POINT('Ctrl Pts',(-1.46323343188935,-29.5787773393646,3.37357584868319));
#2164=CARTESIAN_POINT('Ctrl Pts',(1.36203840843197,-29.7033576349907,3.31965917652598));
#2165=CARTESIAN_POINT('Ctrl Pts',(2.98413193256201,-29.8279379306169,5.63361486305057));
#2166=CARTESIAN_POINT('Ctrl Pts',(1.97004278952098,-29.952518226243,8.27102783944032));
#2167=CARTESIAN_POINT('Ctrl Pts',(-0.784255072419032,-30.0770985218692,
8.90264873566151));
#2168=CARTESIAN_POINT('Ctrl Pts',(-2.84594289927234,-30.2016788174953,6.96933275962008));
#2169=CARTESIAN_POINT('Ctrl Pts',(-2.39319817474078,-30.3262591131216,4.18127037152015));
#2170=CARTESIAN_POINT('Ctrl Pts',(0.17291402500928,-30.4508394087477,2.99677920629588));
#2171=CARTESIAN_POINT('Ctrl Pts',(2.58787574646822,-30.5754197043739,4.47151485049806));
#2172=CARTESIAN_POINT('Ctrl Pts',(2.67051200987002,-30.6584732347913,6.34510734434));
#2173=CARTESIAN_POINT('Ctrl Pts',(2.31201641827338,-30.7,7.09917254249809));
#2174=CARTESIAN_POINT('Ctrl Pts',(1.83463842742964,-25.2327762886211,4.94421431186842));
#2175=CARTESIAN_POINT('Ctrl Pts',(1.82067173296947,-25.2253111985522,4.90267325073421));
#2176=CARTESIAN_POINT('Ctrl Pts',(1.80552369795151,-25.2177842754878,4.86155589024288));
#2177=CARTESIAN_POINT('Ctrl Pts',(1.78918228981721,-25.2102049570051,4.82092818271522));
#2178=CARTESIAN_POINT('Ctrl Pts',(-2.11516425343633,-30.4992612360276,6.00151933987845));
#2179=CARTESIAN_POINT('Ctrl Pts',(-2.11672996944583,-30.4853224862672,6.23367245424293));
#2180=CARTESIAN_POINT('Ctrl Pts',(-2.08134148795171,-30.4713837365068,6.46536601358353));
#2181=CARTESIAN_POINT('Ctrl Pts',(-2.00690839812992,-30.4574449867464,6.68378690078191));
#2182=CARTESIAN_POINT('Ctrl Pts',(-1.78515497706123,-30.4159182215376,7.33451333287092));
#2183=CARTESIAN_POINT('Ctrl Pts',(-1.21684857999762,-30.3743914563289,7.86743389553755));
#2184=CARTESIAN_POINT('Ctrl Pts',(-0.553082844113809,-30.3328646911202,
8.04684069787996));
#2185=CARTESIAN_POINT('Ctrl Pts',(0.110682891770013,-30.2913379259115,8.22624750022238));
#2186=CARTESIAN_POINT('Ctrl Pts',(0.869907966474058,-30.2498111607028,8.05214054224057));
#2187=CARTESIAN_POINT('Ctrl Pts',(1.38928786813714,-30.208284395494,7.60158424612615));
#2188=CARTESIAN_POINT('Ctrl Pts',(1.90866776980021,-30.1667576302853,7.15102795001174));
#2189=CARTESIAN_POINT('Ctrl Pts',(2.18820249842233,-30.1252308650766,6.42402231576473));
#2190=CARTESIAN_POINT('Ctrl Pts',(2.10440397792979,-30.0837040998679,5.74159735096073));
#2191=CARTESIAN_POINT('Ctrl Pts',(2.02060545743725,-30.0421773346592,5.05917238615671));
#2192=CARTESIAN_POINT('Ctrl Pts',(1.57347368783004,-30.0006505694505,4.42132809079569));
#2193=CARTESIAN_POINT('Ctrl Pts',(0.960513240138401,-29.9591238042417,4.10983703653685));
#2194=CARTESIAN_POINT('Ctrl Pts',(0.347552792446767,-29.917597039033,3.79834598227802));
#2195=CARTESIAN_POINT('Ctrl Pts',(-0.431236333329304,-29.8760702738243,
3.81320816912135));
#2196=CARTESIAN_POINT('Ctrl Pts',(-1.03187433044023,-29.8345435086156,4.14783785553531));
#2197=CARTESIAN_POINT('Ctrl Pts',(-1.63251232755116,-29.7930167434069,4.48246754194927));
#2198=CARTESIAN_POINT('Ctrl Pts',(-2.05499919599694,-29.7514899781982,5.13686472793387));
#2199=CARTESIAN_POINT('Ctrl Pts',(-2.11272328959635,-29.7099632129894,5.8219981967028));
#2200=CARTESIAN_POINT('Ctrl Pts',(-2.11768203461087,-29.7063958873355,5.88085407404435));
#2201=CARTESIAN_POINT('Ctrl Pts',(-2.11994899802564,-29.7028285616815,5.93993677102363));
#2202=CARTESIAN_POINT('Ctrl Pts',(-2.11961015258027,-29.6992612360276,5.99904583813643));
#2203=CARTESIAN_POINT('Ctrl Pts',(2.117,-25.2102049570051,6.00000008940697));
#2204=CARTESIAN_POINT('Ctrl Pts',(2.117,-25.2102049570051,5.69971551860208));
#2205=CARTESIAN_POINT('Ctrl Pts',(1.96964912591579,-25.2234530754631,5.04602370760634));
#2206=CARTESIAN_POINT('Ctrl Pts',(1.47791687680573,-25.2587629499231,4.43036864018123));
#2207=CARTESIAN_POINT('Ctrl Pts',(0.939664193025604,-25.2838367873704,4.08123868432178));
#2208=CARTESIAN_POINT('Ctrl Pts',(0.312839291684338,-25.3015128163498,3.8637687300978));
#2209=CARTESIAN_POINT('Ctrl Pts',(-0.474264373247901,-25.3018685230443,
3.85877274640712));
#2210=CARTESIAN_POINT('Ctrl Pts',(-1.24378305288402,-25.2712846196137,4.23669404662572));
#2211=CARTESIAN_POINT('Ctrl Pts',(-1.66794369171512,-25.2450159818792,4.67230212991913));
#2212=CARTESIAN_POINT('Ctrl Pts',(-2.18652629551086,-25.2058104814753,5.49590598306982));
#2213=CARTESIAN_POINT('Ctrl Pts',(-2.18544749090053,-25.2058527984612,6.50154053229338));
#2214=CARTESIAN_POINT('Ctrl Pts',(-1.66865517763542,-25.2452585359274,7.32927670674958));
#2215=CARTESIAN_POINT('Ctrl Pts',(-1.34819359476821,-25.2646741464031,7.65203718688471));
#2216=CARTESIAN_POINT('Ctrl Pts',(-0.938833377857572,-25.2839942984808,
7.91959681070779));
#2217=CARTESIAN_POINT('Ctrl Pts',(-0.312593104890762,-25.3014196171222,
8.13390748358152));
#2218=CARTESIAN_POINT('Ctrl Pts',(0.311856619219141,-25.3016589051695,8.13788943380116));
#2219=CARTESIAN_POINT('Ctrl Pts',(0.940171732978123,-25.2838164703122,7.91809144134348));
#2220=CARTESIAN_POINT('Ctrl Pts',(1.47762937725811,-25.2588177598647,7.57015731296521));
#2221=CARTESIAN_POINT('Ctrl Pts',(1.96984908391831,-25.2234423265298,6.95370322134881));
#2222=CARTESIAN_POINT('Ctrl Pts',(2.117,-25.2102049570051,6.30028466021185));
#2223=CARTESIAN_POINT('Ctrl Pts',(2.117,-25.2102049570051,6.00000008940697));
#2224=CARTESIAN_POINT('Ctrl Pts',(2.21658821827712,-25.1011392645115,6.00000008940697));
#2225=CARTESIAN_POINT('Ctrl Pts',(2.21658821827712,-25.1011392645115,5.68408651240886));
#2226=CARTESIAN_POINT('Ctrl Pts',(2.06073769570619,-25.1158113539073,4.99651772031201));
#2227=CARTESIAN_POINT('Ctrl Pts',(1.54355665874148,-25.1547361957144,4.35262050567535));
#2228=CARTESIAN_POINT('Ctrl Pts',(0.980398310843943,-25.1822768597431,3.98895855615759));
#2229=CARTESIAN_POINT('Ctrl Pts',(0.325950551168841,-25.2016607869973,3.762993328376));
#2230=CARTESIAN_POINT('Ctrl Pts',(-0.494107844162598,-25.2020549054303,
3.75777469729638));
#2231=CARTESIAN_POINT('Ctrl Pts',(-1.29831736538065,-25.1684991617815,4.15057192653603));
#2232=CARTESIAN_POINT('Ctrl Pts',(-1.74342019320285,-25.1395856345274,4.6056395064618));
#2233=CARTESIAN_POINT('Ctrl Pts',(-2.28954451797403,-25.096304991316,5.46856042388702));
#2234=CARTESIAN_POINT('Ctrl Pts',(-2.28840268104514,-25.0963534725845,6.52876942473878));
#2235=CARTESIAN_POINT('Ctrl Pts',(-1.7440959400974,-25.1398568590976,7.39601363708661));
#2236=CARTESIAN_POINT('Ctrl Pts',(-1.4078979792099,-25.1612239500513,7.73318201523135));
#2237=CARTESIAN_POINT('Ctrl Pts',(-0.979487909758911,-25.1824527873568,
8.01191597576036));
#2238=CARTESIAN_POINT('Ctrl Pts',(-0.325755772892698,-25.2015562708658,
8.23455735520446));
#2239=CARTESIAN_POINT('Ctrl Pts',(0.324964170084802,-25.2018237500974,8.23874473334503));
#2240=CARTESIAN_POINT('Ctrl Pts',(0.98092377197304,-25.1822545391053,8.01033948071248));
#2241=CARTESIAN_POINT('Ctrl Pts',(1.54327157807302,-25.1547974117689,7.64793082856086));
#2242=CARTESIAN_POINT('Ctrl Pts',(2.0609439174507,-25.1157994815143,7.00319610993298));
#2243=CARTESIAN_POINT('Ctrl Pts',(2.21658821827712,-25.1011392645115,6.31591366640506));
#2244=CARTESIAN_POINT('Ctrl Pts',(2.21658821827712,-25.1011392645115,6.00000008940697));
#2245=CARTESIAN_POINT('Ctrl Pts',(2.31617643655424,-24.9920735720179,6.00000008940697));
#2246=CARTESIAN_POINT('Ctrl Pts',(2.31617643655424,-24.9920735720179,5.66845750621565));
#2247=CARTESIAN_POINT('Ctrl Pts',(2.15182626549659,-25.0081696323515,4.94701173301768));
#2248=CARTESIAN_POINT('Ctrl Pts',(1.60919644067722,-25.0507094415057,4.27487237116948));
#2249=CARTESIAN_POINT('Ctrl Pts',(1.02113242866228,-25.0807169321158,3.8966784279934));
#2250=CARTESIAN_POINT('Ctrl Pts',(0.339061810653343,-25.1018087576447,3.6622179266542));
#2251=CARTESIAN_POINT('Ctrl Pts',(-0.513951315077296,-25.1022412878163,
3.65677664818564));
#2252=CARTESIAN_POINT('Ctrl Pts',(-1.35285167787728,-25.0657137039492,4.06444980644634));
#2253=CARTESIAN_POINT('Ctrl Pts',(-1.81889669469059,-25.0341552871755,4.53897688300446));
#2254=CARTESIAN_POINT('Ctrl Pts',(-2.3925627404372,-24.9867995011566,5.44121486470421));
#2255=CARTESIAN_POINT('Ctrl Pts',(-2.39135787118974,-24.9868541467078,6.55599831718417));
#2256=CARTESIAN_POINT('Ctrl Pts',(-1.81953670255938,-25.0344551822679,7.46275056742365));
#2257=CARTESIAN_POINT('Ctrl Pts',(-1.4676023636516,-25.0577737536996,7.814326843578));
#2258=CARTESIAN_POINT('Ctrl Pts',(-1.02014244166025,-25.0809112762328,8.10423514081293));
#2259=CARTESIAN_POINT('Ctrl Pts',(-0.338918440894634,-25.1016929246095,
8.33520722682741));
#2260=CARTESIAN_POINT('Ctrl Pts',(0.338071720950464,-25.1019885950252,8.33960003288891));
#2261=CARTESIAN_POINT('Ctrl Pts',(1.02167581096796,-25.0806926078984,8.10258752008148));
#2262=CARTESIAN_POINT('Ctrl Pts',(1.60891377888792,-25.0507770636731,7.7257043441565));
#2263=CARTESIAN_POINT('Ctrl Pts',(2.15203875098309,-25.0081566364989,7.05268899851715));
#2264=CARTESIAN_POINT('Ctrl Pts',(2.31617643655424,-24.9920735720179,6.33154267259827));
#2265=CARTESIAN_POINT('Ctrl Pts',(2.31617643655424,-24.9920735720179,6.00000008940697));
#2266=CARTESIAN_POINT('Ctrl Pts',(2.41576465483136,-24.8830078795243,6.00000008940697));
#2267=CARTESIAN_POINT('Ctrl Pts',(2.41576465483136,-24.8830078795243,5.65282850002243));
#2268=CARTESIAN_POINT('Ctrl Pts',(2.24291483528699,-24.9005279107958,4.89750574572335));
#2269=CARTESIAN_POINT('Ctrl Pts',(1.67483622261296,-24.946682687297,4.1971242366636));
#2270=CARTESIAN_POINT('Ctrl Pts',(1.06186654648062,-24.9791570044885,3.80439829982922));
#2271=CARTESIAN_POINT('Ctrl Pts',(0.352173070137846,-25.0019567282921,3.5614425249324));
#2272=CARTESIAN_POINT('Ctrl Pts',(-0.533794785991993,-25.0024276702023,
3.5557785990749));
#2273=CARTESIAN_POINT('Ctrl Pts',(-1.40738599037391,-24.9629282461169,3.97832768635665));
#2274=CARTESIAN_POINT('Ctrl Pts',(-1.89437319617832,-24.9287249398237,4.47231425954712));
#2275=CARTESIAN_POINT('Ctrl Pts',(-2.49558096290038,-24.8772940109972,5.4138693055214));
#2276=CARTESIAN_POINT('Ctrl Pts',(-2.49431306133435,-24.8773548208312,6.58322720962957));
#2277=CARTESIAN_POINT('Ctrl Pts',(-1.89497746502136,-24.9290535054382,7.52948749776069));
#2278=CARTESIAN_POINT('Ctrl Pts',(-1.52730674809329,-24.9543235573478,7.89547167192464));
#2279=CARTESIAN_POINT('Ctrl Pts',(-1.06079697356159,-24.9793697651088,8.19655430586551));
#2280=CARTESIAN_POINT('Ctrl Pts',(-0.352081108896569,-25.0018295783531,
8.43585709845035));
#2281=CARTESIAN_POINT('Ctrl Pts',(0.351179271816125,-25.0021534399531,8.44045533243278));
#2282=CARTESIAN_POINT('Ctrl Pts',(1.06242784996287,-24.9791306766916,8.19483555945047));
#2283=CARTESIAN_POINT('Ctrl Pts',(1.67455597970283,-24.9467567155774,7.80347785975215));
#2284=CARTESIAN_POINT('Ctrl Pts',(2.24313358451549,-24.9005137914835,7.10218188710132));
#2285=CARTESIAN_POINT('Ctrl Pts',(2.41576465483136,-24.8830078795243,6.34717167879148));
#2286=CARTESIAN_POINT('Ctrl Pts',(2.41576465483136,-24.8830078795243,6.00000008940697));
#2287=CARTESIAN_POINT('',(2.41576465483136,-24.8830078795243,6.00000008940697));
#2288=CARTESIAN_POINT('',(2.117,-25.2102049570051,6.00000008940697));
#2289=CARTESIAN_POINT('Ctrl Pts',(2.41576465483136,-24.8830078795243,6.00000008940697));
#2290=CARTESIAN_POINT('Ctrl Pts',(2.41576465483136,-24.8830078795243,5.65282850002243));
#2291=CARTESIAN_POINT('Ctrl Pts',(2.24291483528699,-24.9005279107958,4.89750574572335));
#2292=CARTESIAN_POINT('Ctrl Pts',(1.67483622261296,-24.946682687297,4.1971242366636));
#2293=CARTESIAN_POINT('Ctrl Pts',(1.06186654648062,-24.9791570044885,3.80439829982922));
#2294=CARTESIAN_POINT('Ctrl Pts',(0.352173070137846,-25.0019567282921,3.5614425249324));
#2295=CARTESIAN_POINT('Ctrl Pts',(-0.533794785991993,-25.0024276702023,
3.5557785990749));
#2296=CARTESIAN_POINT('Ctrl Pts',(-1.40738599037391,-24.9629282461169,3.97832768635665));
#2297=CARTESIAN_POINT('Ctrl Pts',(-1.89437319617832,-24.9287249398237,4.47231425954712));
#2298=CARTESIAN_POINT('Ctrl Pts',(-2.49558096290038,-24.8772940109972,5.4138693055214));
#2299=CARTESIAN_POINT('Ctrl Pts',(-2.49431306133435,-24.8773548208312,6.58322720962957));
#2300=CARTESIAN_POINT('Ctrl Pts',(-1.89497746502136,-24.9290535054382,7.52948749776069));
#2301=CARTESIAN_POINT('Ctrl Pts',(-1.52730674809329,-24.9543235573478,7.89547167192464));
#2302=CARTESIAN_POINT('Ctrl Pts',(-1.06079697356159,-24.9793697651088,8.19655430586551));
#2303=CARTESIAN_POINT('Ctrl Pts',(-0.352081108896569,-25.0018295783531,
8.43585709845035));
#2304=CARTESIAN_POINT('Ctrl Pts',(0.351179271816125,-25.0021534399531,8.44045533243278));
#2305=CARTESIAN_POINT('Ctrl Pts',(1.06242784996287,-24.9791306766916,8.19483555945047));
#2306=CARTESIAN_POINT('Ctrl Pts',(1.67455597970283,-24.9467567155774,7.80347785975215));
#2307=CARTESIAN_POINT('Ctrl Pts',(2.24313358451549,-24.9005137914835,7.10218188710132));
#2308=CARTESIAN_POINT('Ctrl Pts',(2.41576465483136,-24.8830078795243,6.34717167879148));
#2309=CARTESIAN_POINT('Ctrl Pts',(2.41576465483136,-24.8830078795243,6.00000008940697));
#2310=CARTESIAN_POINT('Origin',(0.,-25.,6.00000008940697));
#2311=CARTESIAN_POINT('Origin',(0.,-30.7,6.00000008940697));
#2312=CARTESIAN_POINT('Origin',(0.,-30.85,6.00000008940697));
#2313=CARTESIAN_POINT('',(-2.417,-31.,6.00000008940697));
#2314=CARTESIAN_POINT('',(-2.267,-30.85,6.00000008940697));
#2315=CARTESIAN_POINT('Origin',(0.,-31.,6.00000008940697));
#2316=CARTESIAN_POINT('Origin',(0.,-31.,6.00000008940697));
#2317=CARTESIAN_POINT('',(5.00000007450581,-31.,12.0000001788139));
#2318=CARTESIAN_POINT('',(-5.00000007450581,-31.,12.0000001788139));
#2319=CARTESIAN_POINT('',(5.00000007450581,-31.,12.0000001788139));
#2320=CARTESIAN_POINT('',(-5.00000007450581,-31.,0.));
#2321=CARTESIAN_POINT('',(-5.00000007450581,-31.,12.0000001788139));
#2322=CARTESIAN_POINT('',(5.00000007450581,-31.,0.));
#2323=CARTESIAN_POINT('',(-5.00000007450581,-31.,0.));
#2324=CARTESIAN_POINT('',(5.00000007450581,-31.,0.));
#2325=CARTESIAN_POINT('Origin',(0.,0.,5.));
#2326=CARTESIAN_POINT('',(-25.,-3.06161699786838E-15,10.));
#2327=CARTESIAN_POINT('Origin',(0.,0.,10.));
#2328=CARTESIAN_POINT('',(-25.,-3.06161699786838E-15,0.));
#2329=CARTESIAN_POINT('',(-25.,-3.06161699786838E-15,5.));
#2330=CARTESIAN_POINT('Origin',(0.,0.,0.));
#2331=CARTESIAN_POINT('Origin',(-13.7038656981857,-33.2896990813388,12.0000001788139));
#2332=CARTESIAN_POINT('',(-10.2778992736393,-24.9672743110041,12.));
#2333=CARTESIAN_POINT('Origin',(-13.7038656981857,-33.2896990813388,12.0000001788139));
#2334=CARTESIAN_POINT('',(-10.2778992736393,-24.9672743110041,0.));
#2335=CARTESIAN_POINT('',(-10.2778992736393,-24.9672743110041,12.0000001788139));
#2336=CARTESIAN_POINT('Origin',(-13.7038656981857,-33.2896990813388,0.));
#2337=CARTESIAN_POINT('Origin',(13.7038656981857,-33.2896990813388,0.));
#2338=CARTESIAN_POINT('',(10.2778992736393,-24.9672743110041,0.));
#2339=CARTESIAN_POINT('Origin',(13.7038656981857,-33.2896990813388,0.));
#2340=CARTESIAN_POINT('',(10.2778992736393,-24.9672743110041,12.));
#2341=CARTESIAN_POINT('',(10.2778992736393,-24.9672743110041,0.));
#2342=CARTESIAN_POINT('Origin',(13.7038656981857,-33.2896990813388,12.0000001788139));
#2343=CARTESIAN_POINT('Origin',(5.00000007450581,-25.,12.0000001788139));
#2344=CARTESIAN_POINT('Origin',(0.,0.,12.));
#2345=CARTESIAN_POINT('Origin',(27.,0.,0.));
#2346=CARTESIAN_POINT('Origin',(0.,0.,0.));
#2347=CARTESIAN_POINT('Origin',(0.,0.,6.));
#2348=CARTESIAN_POINT('',(-27.,1.4109446272585E-32,12.));
#2349=CARTESIAN_POINT('Origin',(0.,0.,12.));
#2350=CARTESIAN_POINT('Origin',(0.,0.,12.));
#2351=CARTESIAN_POINT('Origin',(0.,0.,16.5139815459693));
#2352=CARTESIAN_POINT('',(-25.5085480998832,0.,17.048334509153));
#2353=CARTESIAN_POINT('Origin',(2.04545186882514E-49,-1.67023820276121E-33,
17.048334509153));
#2354=CARTESIAN_POINT('Origin',(-32.9894883423084,0.,16.5139815459693));
#2355=CARTESIAN_POINT('Origin',(0.,0.,20.4401890759091));
#2356=CARTESIAN_POINT('',(-26.3536942146886,-3.22739672657266E-15,28.8803781518182));
#2357=CARTESIAN_POINT('Origin',(0.,0.,28.8803781518182));
#2358=CARTESIAN_POINT('',(-25.7508234663079,-3.15356635334225E-15,20.4401890759091));
#2359=CARTESIAN_POINT('Origin',(0.,0.,28.3342133355722));
#2360=CARTESIAN_POINT('',(-41.6347919695944,-5.09879147187296E-15,29.0228722753339));
#2361=CARTESIAN_POINT('Origin',(-34.000000372529,-4.16379916272265E-15,
28.3342133355722));
#2362=CARTESIAN_POINT('Origin',(0.,0.,29.0228722753339));
#2363=CARTESIAN_POINT('Origin',(43.6412239283495,0.,29.0228722753339));
#2364=CARTESIAN_POINT('',(-43.6412239283495,-5.34450851947261E-15,29.0228722753339));
#2365=CARTESIAN_POINT('Origin',(0.,0.,29.0228722753339));
#2366=CARTESIAN_POINT('Origin',(0.,0.,28.3342133355722));
#2367=CARTESIAN_POINT('',(-24.3587768167086,-2.98308980597269E-15,29.0228722753339));
#2368=CARTESIAN_POINT('Origin',(0.,0.,29.0228722753339));
#2369=CARTESIAN_POINT('Origin',(-34.000000372529,-4.16379916272265E-15,
28.3342133355722));
#2370=CARTESIAN_POINT('Origin',(0.,0.,19.5114361376669));
#2371=CARTESIAN_POINT('',(-23.,-2.81668763803891E-15,10.));
#2372=CARTESIAN_POINT('',(-23.6793884083543,-2.8998887220058E-15,19.5114361376669));
#2373=CARTESIAN_POINT('Origin',(0.,0.,10.));
#2374=CARTESIAN_POINT('Origin',(25.,0.,10.));
#2375=UNCERTAINTY_MEASURE_WITH_UNIT(LENGTH_MEASURE(0.01),#2379,
'DISTANCE_ACCURACY_VALUE',
'Maximum model space distance between geometric entities at asserted c
onnectivities');
#2376=UNCERTAINTY_MEASURE_WITH_UNIT(LENGTH_MEASURE(0.01),#2379,
'DISTANCE_ACCURACY_VALUE',
'Maximum model space distance between geometric entities at asserted c
onnectivities');
#2377=(
GEOMETRIC_REPRESENTATION_CONTEXT(3)
GLOBAL_UNCERTAINTY_ASSIGNED_CONTEXT((#2375))
GLOBAL_UNIT_ASSIGNED_CONTEXT((#2379,#2381,#2382))
REPRESENTATION_CONTEXT('','3D')
);
#2378=(
GEOMETRIC_REPRESENTATION_CONTEXT(3)
GLOBAL_UNCERTAINTY_ASSIGNED_CONTEXT((#2376))
GLOBAL_UNIT_ASSIGNED_CONTEXT((#2379,#2381,#2382))
REPRESENTATION_CONTEXT('','3D')
);
#2379=(
LENGTH_UNIT()
NAMED_UNIT(*)
SI_UNIT(.MILLI.,.METRE.)
);
#2380=(
LENGTH_UNIT()
NAMED_UNIT(*)
SI_UNIT($,.METRE.)
);
#2381=(
NAMED_UNIT(*)
PLANE_ANGLE_UNIT()
SI_UNIT($,.RADIAN.)
);
#2382=(
NAMED_UNIT(*)
SI_UNIT($,.STERADIAN.)
SOLID_ANGLE_UNIT()
);
#2383=SHAPE_DEFINITION_REPRESENTATION(#2384,#2385);
#2384=PRODUCT_DEFINITION_SHAPE('',$,#2387);
#2385=SHAPE_REPRESENTATION('',(#634),#2377);
#2386=PRODUCT_DEFINITION_CONTEXT('part definition',#2391,'design');
#2387=PRODUCT_DEFINITION('FusionComponent','FusionComponent',#2388,#2386);
#2388=PRODUCT_DEFINITION_FORMATION('',$,#2393);
#2389=PRODUCT_RELATED_PRODUCT_CATEGORY('FusionComponent',
'FusionComponent',(#2393));
#2390=APPLICATION_PROTOCOL_DEFINITION('international standard',
'automotive_design',2009,#2391);
#2391=APPLICATION_CONTEXT(
'Core Data for Automotive Mechanical Design Process');
#2392=PRODUCT_CONTEXT('part definition',#2391,'mechanical');
#2393=PRODUCT('FusionComponent','FusionComponent',$,(#2392));
#2394=PRESENTATION_STYLE_ASSIGNMENT((#2395));
#2395=SURFACE_STYLE_USAGE(.BOTH.,#2396);
#2396=SURFACE_SIDE_STYLE('',(#2397));
#2397=SURFACE_STYLE_FILL_AREA(#2398);
#2398=FILL_AREA_STYLE('Steel - Satin',(#2399));
#2399=FILL_AREA_STYLE_COLOUR('Steel - Satin',#2400);
#2400=COLOUR_RGB('Steel - Satin',0.627450980392157,0.627450980392157,0.627450980392157);
ENDSEC;
END-ISO-10303-21;
