ISO-10303-21;
HEADER;
/* Generated by software containing ST-Developer
 * from STEP Tools, Inc. (www.steptools.com) 
 */

FILE_DESCRIPTION(
/* description */ (''),
/* implementation_level */ '2;1');

FILE_NAME(
/* name */ 
'intake manifold honda vario 150 - injector honda joint yamaha - 30.2m
m port - 38mm throttle body.step',
/* time_stamp */ '2026-06-21T21:37:40+07:00',
/* author */ (''),
/* organization */ (''),
/* preprocessor_version */ 'ST-DEVELOPER v20.1',
/* originating_system */ 'Autodesk Translation Framework v15.8.0.0',
/* authorisation */ '');

FILE_SCHEMA (('AUTOMOTIVE_DESIGN { 1 0 10303 214 3 1 1 }'));
ENDSEC;

DATA;
#10=MECHANICAL_DESIGN_GEOMETRIC_PRESENTATION_REPRESENTATION('',(#13),#2837);
#11=SHAPE_REPRESENTATION_RELATIONSHIP('SRR','None',#2844,#12);
#12=ADVANCED_BREP_SHAPE_REPRESENTATION('',(#1177),#2836);
#13=STYLED_ITEM('',(#2854),#1177);
#14=SPHERICAL_SURFACE('',#1335,5.5);
#15=SPHERICAL_SURFACE('',#1336,5.5);
#16=ELLIPSE('',#1325,183.640460917295,3.75794203383569);
#17=ELLIPSE('',#1326,183.640459943225,3.75794200119389);
#18=ELLIPSE('',#1339,45.8059717099333,22.6437880485877);
#19=B_SPLINE_SURFACE_WITH_KNOTS('',3,3,((#1976,#1977,#1978,#1979),(#1980,
#1981,#1982,#1983),(#1984,#1985,#1986,#1987),(#1988,#1989,#1990,#1991),
(#1992,#1993,#1994,#1995),(#1996,#1997,#1998,#1999),(#2000,#2001,#2002,
#2003),(#2004,#2005,#2006,#2007),(#2008,#2009,#2010,#2011),(#2012,#2013,
#2014,#2015),(#2016,#2017,#2018,#2019),(#2020,#2021,#2022,#2023),(#2024,
#2025,#2026,#2027),(#2028,#2029,#2030,#2031),(#2032,#2033,#2034,#2035),
(#2036,#2037,#2038,#2039),(#2040,#2041,#2042,#2043)),.UNSPECIFIED.,.T.,
 .F.,.F.,(4,1,1,1,1,1,1,1,1,1,1,1,1,1,4),(4,4),(0.,0.0714285714285714,0.142857142857143,
0.19047619047619,0.285714285714286,0.333333333333333,0.428571428571429,
0.523809523809524,0.571428571428571,0.619047619047619,0.714285714285714,
0.785714285714286,0.857142857142857,0.928571428571429,1.),(0.,1.),
 .UNSPECIFIED.);
#20=B_SPLINE_SURFACE_WITH_KNOTS('',3,3,((#2255,#2256,#2257,#2258,#2259),
(#2260,#2261,#2262,#2263,#2264),(#2265,#2266,#2267,#2268,#2269),(#2270,
#2271,#2272,#2273,#2274),(#2275,#2276,#2277,#2278,#2279),(#2280,#2281,#2282,
#2283,#2284)),.UNSPECIFIED.,.F.,.F.,.F.,(4,1,1,4),(4,1,4),(-2.1748426321213E-5,
0.285714285714286,0.571428571428571,1.),(6.27627257825448,6.70884925893886,
7.28561816651804),.UNSPECIFIED.);
#21=B_SPLINE_SURFACE_WITH_KNOTS('',3,3,((#2478,#2479,#2480,#2481,#2482),
(#2483,#2484,#2485,#2486,#2487),(#2488,#2489,#2490,#2491,#2492),(#2493,
#2494,#2495,#2496,#2497),(#2498,#2499,#2500,#2501,#2502),(#2503,#2504,#2505,
#2506,#2507)),.UNSPECIFIED.,.F.,.F.,.F.,(4,1,1,4),(4,1,4),(0.,0.285714285714286,
0.571428571428571,1.),(6.31853820808839,6.73300339032998,7.28562363331878),
 .UNSPECIFIED.);
#22=B_SPLINE_SURFACE_WITH_KNOTS('',3,3,((#2616,#2617,#2618,#2619,#2620),
(#2621,#2622,#2623,#2624,#2625),(#2626,#2627,#2628,#2629,#2630),(#2631,
#2632,#2633,#2634,#2635),(#2636,#2637,#2638,#2639,#2640),(#2641,#2642,#2643,
#2644,#2645)),.UNSPECIFIED.,.F.,.F.,.F.,(4,1,1,4),(4,1,4),(0.,0.285714285714286,
0.571428571428571,1.),(2.59406682792392,3.15556224414597,3.57665680396162),
 .UNSPECIFIED.);
#23=B_SPLINE_SURFACE_WITH_KNOTS('',3,3,((#2675,#2676,#2677,#2678,#2679),
(#2680,#2681,#2682,#2683,#2684),(#2685,#2686,#2687,#2688,#2689),(#2690,
#2691,#2692,#2693,#2694),(#2695,#2696,#2697,#2698,#2699),(#2700,#2701,#2702,
#2703,#2704)),.UNSPECIFIED.,.F.,.F.,.F.,(4,1,1,4),(4,1,4),(0.,0.285714285714286,
0.571428571428571,1.),(2.89706131480127,3.32599411970842,3.89790452625128),
 .UNSPECIFIED.);
#24=(
BOUNDED_SURFACE()
B_SPLINE_SURFACE(2,2,((#1792,#1793,#1794,#1795,#1796,#1797,#1798,#1799,
#1800),(#1801,#1802,#1803,#1804,#1805,#1806,#1807,#1808,#1809),(#1810,#1811,
#1812,#1813,#1814,#1815,#1816,#1817,#1818)),.UNSPECIFIED.,.F.,.T.,.F.)
B_SPLINE_SURFACE_WITH_KNOTS((3,3),(3,2,2,2,3),(-0.722734247813575,1.13344265996804E-13),
(-3.14159265358979,-1.5707963267949,0.,1.5707963267949,3.14159265358979),
 .UNSPECIFIED.)
GEOMETRIC_REPRESENTATION_ITEM()
RATIONAL_B_SPLINE_SURFACE(((1.,0.707106781186548,1.,0.707106781186548,1.,
0.707106781186548,1.,0.707106781186548,1.),(0.935414346693399,0.661437827766086,
0.935414346693399,0.661437827766086,0.935414346693399,0.661437827766086,
0.935414346693399,0.661437827766086,0.935414346693399),(1.,0.707106781186548,
1.,0.707106781186548,1.,0.707106781186548,1.,0.707106781186548,1.)))
REPRESENTATION_ITEM('')
SURFACE()
);
#25=(
BOUNDED_SURFACE()
B_SPLINE_SURFACE(2,2,((#1832,#1833,#1834,#1835,#1836,#1837,#1838),(#1839,
#1840,#1841,#1842,#1843,#1844,#1845),(#1846,#1847,#1848,#1849,#1850,#1851,
#1852)),.UNSPECIFIED.,.F.,.F.,.F.)
B_SPLINE_SURFACE_WITH_KNOTS((3,3),(3,2,2,3),(-0.501373846246171,1.36215824944409E-14),
(-1.93955974979698,-0.646519916598991,0.646519916598992,1.93955974979698),
 .UNSPECIFIED.)
GEOMETRIC_REPRESENTATION_ITEM()
RATIONAL_B_SPLINE_SURFACE(((1.,0.798185072790216,1.,0.798185072790216,1.,
0.798185072790216,1.),(0.968742245626523,0.773235599840363,0.968742245626523,
0.773235599840363,0.968742245626523,0.773235599840363,0.968742245626523),
(1.,0.798185072790216,1.,0.798185072790216,1.,0.798185072790216,1.)))
REPRESENTATION_ITEM('')
SURFACE()
);
#26=FACE_BOUND('',#273,.T.);
#27=FACE_BOUND('',#274,.T.);
#28=FACE_BOUND('',#283,.T.);
#29=FACE_BOUND('',#291,.T.);
#30=FACE_BOUND('',#292,.T.);
#31=FACE_BOUND('',#293,.T.);
#32=FACE_BOUND('',#297,.T.);
#33=FACE_BOUND('',#299,.T.);
#34=FACE_BOUND('',#305,.T.);
#35=PLANE('',#1214);
#36=PLANE('',#1231);
#37=PLANE('',#1240);
#38=PLANE('',#1259);
#39=PLANE('',#1273);
#40=PLANE('',#1275);
#41=PLANE('',#1289);
#42=CONICAL_SURFACE('',#1208,3.35,0.785398163397477);
#43=CONICAL_SURFACE('',#1242,23.7,0.785398163397448);
#44=CONICAL_SURFACE('',#1296,14.,0.785398163397448);
#45=CONICAL_SURFACE('',#1303,14.,0.785398163397448);
#46=CONICAL_SURFACE('',#1328,23.8372601594426,0.773145714516953);
#47=CONICAL_SURFACE('',#1330,10.4,0.785398163397449);
#48=CONICAL_SURFACE('',#1331,23.8372601594426,0.773145714516953);
#49=CONICAL_SURFACE('',#1333,23.8372601594427,0.773145714516953);
#50=CONICAL_SURFACE('',#1341,21.4984988500854,0.0245048977609897);
#51=B_SPLINE_CURVE_WITH_KNOTS('',3,(#1706,#1707,#1708,#1709,#1710,#1711,
#1712,#1713),.UNSPECIFIED.,.F.,.F.,(4,2,2,4),(5.93567213466976,6.78248226035897,
7.29366701731154,7.30985253457772),.UNSPECIFIED.);
#52=B_SPLINE_CURVE_WITH_KNOTS('',3,(#1717,#1718,#1719,#1720,#1721,#1722,
#1723,#1724,#1725,#1726),.UNSPECIFIED.,.F.,.F.,(4,2,2,2,4),(2.79180271415126,
3.0495324813693,3.40963178067278,3.76953807231528,4.03239986542934),
 .UNSPECIFIED.);
#53=B_SPLINE_CURVE_WITH_KNOTS('',3,(#1728,#1729,#1730,#1731,#1732,#1733,
#1734),.UNSPECIFIED.,.F.,.F.,(4,3,4),(-7.17161728058902,-7.07068885768766,
-6.92924386323874),.UNSPECIFIED.);
#54=B_SPLINE_CURVE_WITH_KNOTS('',3,(#1736,#1737,#1738,#1739,#1740,#1741,
#1742,#1743),.UNSPECIFIED.,.F.,.F.,(4,2,2,4),(-3.56088178147531,-3.31718297055807,
-2.90289722806595,-2.87243766161107),.UNSPECIFIED.);
#55=B_SPLINE_CURVE_WITH_KNOTS('',3,(#1751,#1752,#1753,#1754,#1755,#1756,
#1757,#1758),.UNSPECIFIED.,.F.,.F.,(4,2,2,4),(-1.18743766786398,-0.830020000266644,
-0.415010000086549,9.35462818318911E-11),.UNSPECIFIED.);
#56=B_SPLINE_CURVE_WITH_KNOTS('',3,(#1759,#1760,#1761,#1762,#1763,#1764,
#1765),.UNSPECIFIED.,.F.,.F.,(4,3,4),(-8.23703812171112,-8.08055203064115,
-7.94753796170282),.UNSPECIFIED.);
#57=B_SPLINE_CURVE_WITH_KNOTS('',3,(#1854,#1855,#1856,#1857,#1858,#1859,
#1860,#1861,#1862,#1863),.UNSPECIFIED.,.F.,.F.,(4,2,2,2,4),(-2.50082077342981,
-2.38122261512715,-2.25390295827679,-2.1007032235865,-1.99849096074353),
 .UNSPECIFIED.);
#58=B_SPLINE_CURVE_WITH_KNOTS('',3,(#1865,#1866,#1867,#1868,#1869,#1870,
#1871,#1872,#1873,#1874),.UNSPECIFIED.,.F.,.F.,(4,2,2,2,4),(-1.10427782278361,
-0.961683328809043,-0.807496738369102,-0.656020793848285,-0.601757341806798),
 .UNSPECIFIED.);
#59=B_SPLINE_CURVE_WITH_KNOTS('',3,(#1878,#1879,#1880,#1881,#1882,#1883),
 .UNSPECIFIED.,.F.,.F.,(4,2,4),(0.212290878802328,0.216694242728766,0.295806585460924),
 .UNSPECIFIED.);
#60=B_SPLINE_CURVE_WITH_KNOTS('',3,(#1885,#1886,#1887,#1888),
 .UNSPECIFIED.,.F.,.F.,(4,4),(2.48594948296339,2.50366068358632),
 .UNSPECIFIED.);
#61=B_SPLINE_CURVE_WITH_KNOTS('',3,(#1890,#1891,#1892,#1893,#1894,#1895,
#1896,#1897,#1898,#1899),.UNSPECIFIED.,.F.,.F.,(4,2,2,2,4),(1.20439495441186,
1.32953433196243,1.43985557555048,1.54657112051883,1.64302129646755),
 .UNSPECIFIED.);
#62=B_SPLINE_CURVE_WITH_KNOTS('',3,(#1901,#1902,#1903,#1904),
 .UNSPECIFIED.,.F.,.F.,(4,4),(2.09207614610078,2.10978734672371),
 .UNSPECIFIED.);
#63=B_SPLINE_CURVE_WITH_KNOTS('',3,(#1905,#1906,#1907,#1908,#1909,#1910),
 .UNSPECIFIED.,.F.,.F.,(4,2,4),(1.9286204523002,1.93169702329282,2.01165670600659),
 .UNSPECIFIED.);
#64=B_SPLINE_CURVE_WITH_KNOTS('',3,(#1927,#1928,#1929,#1930,#1931,#1932,
#1933,#1934,#1935,#1936,#1937,#1938,#1939,#1940),.UNSPECIFIED.,.F.,.F.,
(4,2,2,2,2,2,4),(-1.63540316510624,-1.5983252930481,-1.55438487925501,-1.44827997597201,
-1.23316585262433,-0.880382619486666,-0.754746057260395),.UNSPECIFIED.);
#65=B_SPLINE_CURVE_WITH_KNOTS('',3,(#1942,#1943,#1944,#1945,#1946,#1947,
#1948,#1949,#1950,#1951,#1952,#1953,#1954,#1955,#1956,#1957,#1958,#1959,
#1960,#1961,#1962,#1963),.UNSPECIFIED.,.F.,.F.,(4,2,2,2,2,2,2,2,2,2,4),
(-1.70154286541815,-1.59575144276361,-1.46231153376242,-1.28211315951863,
-1.07813266403525,-0.794320908902012,-0.430596210050717,-0.206661938175431,
-0.0914315988774232,-0.0413220040759714,0.),.UNSPECIFIED.);
#66=B_SPLINE_CURVE_WITH_KNOTS('',3,(#1964,#1965,#1966,#1967,#1968,#1969,
#1970,#1971,#1972,#1973,#1974,#1975),.UNSPECIFIED.,.F.,.F.,(4,2,2,2,2,4),
(-0.754746057260395,-0.602841896097638,-0.404086541709593,-0.231589872625274,
-0.101092964572075,0.),.UNSPECIFIED.);
#67=B_SPLINE_CURVE_WITH_KNOTS('',3,(#2046,#2047,#2048,#2049,#2050,#2051,
#2052,#2053,#2054,#2055,#2056,#2057,#2058,#2059,#2060,#2061,#2062,#2063,
#2064,#2065,#2066,#2067,#2068,#2069,#2070,#2071,#2072,#2073,#2074,#2075,
#2076,#2077,#2078,#2079,#2080,#2081,#2082,#2083),.UNSPECIFIED.,.T.,.F.,
(4,2,2,2,2,2,2,2,2,2,2,2,2,2,2,2,2,2,4),(0.,0.0475138141643027,0.627942744227163,
1.27973480317588,2.05306731892346,2.94687844944146,3.82478757458004,4.85272523999738,
5.97885366242464,7.07914713489993,8.45469005678557,10.0701550492051,11.4591568942555,
12.903474448957,14.20971266094,15.047742201202,15.6284837174894,16.1468501244454,
16.1749534680209),.UNSPECIFIED.);
#68=B_SPLINE_CURVE_WITH_KNOTS('',3,(#2085,#2086,#2087,#2088),
 .UNSPECIFIED.,.F.,.F.,(4,4),(0.,0.683617962842378),.UNSPECIFIED.);
#69=B_SPLINE_CURVE_WITH_KNOTS('',3,(#2089,#2090,#2091,#2092,#2093,#2094,
#2095,#2096,#2097,#2098,#2099,#2100,#2101,#2102,#2103,#2104,#2105,#2106,
#2107,#2108,#2109,#2110,#2111,#2112,#2113,#2114,#2115,#2116,#2117,#2118,
#2119,#2120,#2121,#2122,#2123,#2124,#2125,#2126),.UNSPECIFIED.,.T.,.F.,
(4,2,2,2,2,2,2,2,2,2,2,2,2,2,2,2,2,2,4),(0.,0.0407981436067449,0.79332023468138,
1.6363934245085,2.85297639277411,4.74926654108262,6.84600902256562,8.86244866625459,
11.2076490454524,13.2045501217019,14.8018664863246,16.4366879251631,17.9289640277342,
19.2034409262327,20.5010030597692,21.6236641621045,22.5698827375501,23.412502140185,
23.4814788224946),.UNSPECIFIED.);
#70=B_SPLINE_CURVE_WITH_KNOTS('',3,(#2194,#2195,#2196,#2197,#2198,#2199,
#2200,#2201),.UNSPECIFIED.,.F.,.F.,(4,2,2,4),(1.11583781314291E-5,0.160265133492846,
0.229423782423668,0.322707237347432),.UNSPECIFIED.);
#71=B_SPLINE_CURVE_WITH_KNOTS('',3,(#2205,#2206,#2207,#2208,#2209,#2210,
#2211,#2212),.UNSPECIFIED.,.F.,.F.,(4,2,2,4),(1.00000079288826E-6,0.0945478558646559,
0.212006849427839,0.424012698851531),.UNSPECIFIED.);
#72=B_SPLINE_CURVE_WITH_KNOTS('',3,(#2236,#2237,#2238,#2239,#2240,#2241),
 .UNSPECIFIED.,.F.,.F.,(4,2,4),(5.62781203305995E-8,0.137020612418458,0.290250876307146),
 .UNSPECIFIED.);
#73=B_SPLINE_CURVE_WITH_KNOTS('',3,(#2245,#2246,#2247,#2248,#2249,#2250),
 .UNSPECIFIED.,.F.,.F.,(4,2,4),(9.99999345476452E-7,0.128094707457407,0.254123592328442),
 .UNSPECIFIED.);
#74=B_SPLINE_CURVE_WITH_KNOTS('',3,(#2286,#2287,#2288,#2289,#2290,#2291),
 .UNSPECIFIED.,.F.,.F.,(4,2,4),(0.,0.187277936433587,0.374555000845161),
 .UNSPECIFIED.);
#75=B_SPLINE_CURVE_WITH_KNOTS('',3,(#2293,#2294,#2295,#2296,#2297,#2298,
#2299,#2300,#2301,#2302,#2303,#2304,#2305,#2306),.UNSPECIFIED.,.F.,.F.,
(4,2,2,2,2,2,4),(6.53768436813132,6.64061466112781,6.70884925893886,6.80419875884854,
6.89917297645364,6.99471011751562,7.09024517556031),.UNSPECIFIED.);
#76=B_SPLINE_CURVE_WITH_KNOTS('',3,(#2308,#2309,#2310,#2311,#2312,#2313,
#2314,#2315,#2316,#2317,#2318,#2319),.UNSPECIFIED.,.F.,.F.,(4,2,2,2,2,4),
(-0.371133207581457,-0.32762870457448,-0.283964090722939,-0.212097087606753,
-0.114660395734707,0.),.UNSPECIFIED.);
#77=B_SPLINE_CURVE_WITH_KNOTS('',3,(#2320,#2321,#2322,#2323,#2324),
 .UNSPECIFIED.,.F.,.F.,(4,1,4),(-7.27818218392755,-6.70884925893886,-6.65335349955407),
 .UNSPECIFIED.);
#78=B_SPLINE_CURVE_WITH_KNOTS('',3,(#2329,#2330,#2331,#2332),
 .UNSPECIFIED.,.F.,.F.,(4,4),(-9.11444596465936,-9.10023213236668),
 .UNSPECIFIED.);
#79=B_SPLINE_CURVE_WITH_KNOTS('',3,(#2336,#2337,#2338,#2339,#2340,#2341),
 .UNSPECIFIED.,.F.,.F.,(4,2,4),(1.10220425118604,1.39160120743657,1.72380296746728),
 .UNSPECIFIED.);
#80=B_SPLINE_CURVE_WITH_KNOTS('',3,(#2347,#2348,#2349,#2350),
 .UNSPECIFIED.,.F.,.F.,(4,4),(-2.39990391465918,-1.42981089165709),
 .UNSPECIFIED.);
#81=B_SPLINE_CURVE_WITH_KNOTS('',3,(#2352,#2353,#2354,#2355,#2356),
 .UNSPECIFIED.,.F.,.F.,(4,1,4),(3.09241720715437,3.32599411970842,3.64495929986925),
 .UNSPECIFIED.);
#82=B_SPLINE_CURVE_WITH_KNOTS('',3,(#2357,#2358,#2359,#2360),
 .UNSPECIFIED.,.F.,.F.,(4,4),(-3.92071667060747,-2.95059894461337),
 .UNSPECIFIED.);
#83=B_SPLINE_CURVE_WITH_KNOTS('',3,(#2364,#2365,#2366,#2367),
 .UNSPECIFIED.,.F.,.F.,(4,4),(-3.69704150891323,-3.67721878938045),
 .UNSPECIFIED.);
#84=B_SPLINE_CURVE_WITH_KNOTS('',3,(#2373,#2374,#2375,#2376,#2377,#2378,
#2379,#2380,#2381,#2382),.UNSPECIFIED.,.F.,.F.,(4,3,3,4),(1.49043456377645,
1.56041587104794,1.61097963319596,1.67226947081207),.UNSPECIFIED.);
#85=B_SPLINE_CURVE_WITH_KNOTS('',3,(#2383,#2384,#2385,#2386,#2387,#2388),
 .UNSPECIFIED.,.F.,.F.,(4,2,4),(3.66653511160038,3.86223764331876,4.14246445520467),
 .UNSPECIFIED.);
#86=B_SPLINE_CURVE_WITH_KNOTS('',3,(#2395,#2396,#2397,#2398,#2399,#2400,
#2401,#2402,#2403,#2404,#2405,#2406,#2407,#2408,#2409,#2410,#2411,#2412),
 .UNSPECIFIED.,.F.,.F.,(4,2,2,2,2,2,2,2,4),(-8.43932505798691,-8.35538241604368,
-8.13808464445645,-7.98699661007962,-7.92594656619022,-7.87972020697157,
-7.8246988126584,-7.73077730751717,-7.0719100996599),.UNSPECIFIED.);
#87=B_SPLINE_CURVE_WITH_KNOTS('',3,(#2414,#2415,#2416,#2417),
 .UNSPECIFIED.,.F.,.F.,(4,4),(-2.98793454872383,-2.76664103082841),
 .UNSPECIFIED.);
#88=B_SPLINE_CURVE_WITH_KNOTS('',3,(#2423,#2424,#2425,#2426,#2427,#2428,
#2429,#2430,#2431,#2432,#2433,#2434,#2435,#2436,#2437,#2438,#2439,#2440),
 .UNSPECIFIED.,.F.,.F.,(4,2,2,2,2,2,2,2,4),(-3.026200436306,-2.90307089035383,
-2.48879981018542,-2.07452873001702,-1.66025764984861,-1.24519323738475,
-0.830128824920899,-0.415064412457043,6.81366074672951E-12),
 .UNSPECIFIED.);
#89=B_SPLINE_CURVE_WITH_KNOTS('',3,(#2443,#2444,#2445,#2446,#2447,#2448),
 .UNSPECIFIED.,.F.,.F.,(4,2,4),(4.41342114117984,4.94730515289632,5.26611886086348),
 .UNSPECIFIED.);
#90=B_SPLINE_CURVE_WITH_KNOTS('',3,(#2451,#2452,#2453,#2454,#2455,#2456),
 .UNSPECIFIED.,.F.,.F.,(4,2,4),(-4.60896009298055,-4.58386401194462,-3.66218620271321),
 .UNSPECIFIED.);
#91=B_SPLINE_CURVE_WITH_KNOTS('',3,(#2457,#2458,#2459,#2460,#2461,#2462),
 .UNSPECIFIED.,.F.,.F.,(4,2,4),(9.99999954767289E-7,0.165820395177804,0.331637563692481),
 .UNSPECIFIED.);
#92=B_SPLINE_CURVE_WITH_KNOTS('',3,(#2470,#2471,#2472,#2473,#2474,#2475,
#2476,#2477),.UNSPECIFIED.,.F.,.F.,(4,2,2,4),(-5.97904889308545,-5.40753601857362,
-4.80669868317655,-4.68459561007835),.UNSPECIFIED.);
#93=B_SPLINE_CURVE_WITH_KNOTS('',3,(#2509,#2510,#2511,#2512,#2513,#2514),
 .UNSPECIFIED.,.F.,.F.,(4,2,4),(0.,0.227184243012168,0.454371216552528),
 .UNSPECIFIED.);
#94=B_SPLINE_CURVE_WITH_KNOTS('',3,(#2516,#2517,#2518,#2519,#2520),
 .UNSPECIFIED.,.F.,.F.,(4,1,4),(6.52543561249416,6.73300339032998,7.1487569144908),
 .UNSPECIFIED.);
#95=B_SPLINE_CURVE_WITH_KNOTS('',3,(#2522,#2523,#2524,#2525,#2526,#2527,
#2528,#2529,#2530,#2531,#2532,#2533),.UNSPECIFIED.,.F.,.F.,(4,2,2,2,2,4),
(-0.320921741946912,-0.281469146884297,-0.243255726584703,-0.18299838232631,
-0.100150621681233,0.),.UNSPECIFIED.);
#96=B_SPLINE_CURVE_WITH_KNOTS('',3,(#2534,#2535,#2536,#2537,#2538),
 .UNSPECIFIED.,.F.,.F.,(4,1,4),(-7.26783779806149,-6.73300339032998,-6.69782963298656),
 .UNSPECIFIED.);
#97=B_SPLINE_CURVE_WITH_KNOTS('',3,(#2541,#2542,#2543,#2544,#2545,#2546,
#2547,#2548),.UNSPECIFIED.,.F.,.F.,(4,2,2,4),(-4.8703286814595,-4.26271163121742,
-3.65375282675779,-3.59552908587791),.UNSPECIFIED.);
#98=B_SPLINE_CURVE_WITH_KNOTS('',3,(#2549,#2550,#2551,#2552,#2553,#2554,
#2555,#2556),.UNSPECIFIED.,.F.,.F.,(4,2,2,4),(9.99999975919487E-7,0.246441259766281,
0.379731737730126,0.4928827878843),.UNSPECIFIED.);
#99=B_SPLINE_CURVE_WITH_KNOTS('',3,(#2563,#2564,#2565,#2566,#2567,#2568,
#2569,#2570,#2571,#2572),.UNSPECIFIED.,.F.,.F.,(4,3,3,4),(-28.6153271790701,
-28.4038958193597,-27.8414716117738,-27.8192376126753),.UNSPECIFIED.);
#100=B_SPLINE_CURVE_WITH_KNOTS('',3,(#2573,#2574,#2575,#2576,#2577,#2578,
#2579,#2580),.UNSPECIFIED.,.F.,.F.,(4,2,2,4),(-2.17525423829285,-2.08118105708247,
-1.73889368683351,-1.7129532329549),.UNSPECIFIED.);
#101=B_SPLINE_CURVE_WITH_KNOTS('',3,(#2582,#2583,#2584,#2585,#2586,#2587),
 .UNSPECIFIED.,.F.,.F.,(4,2,4),(-4.28800367626855,-4.10735202887661,-3.92144347677521),
 .UNSPECIFIED.);
#102=B_SPLINE_CURVE_WITH_KNOTS('',3,(#2588,#2589,#2590,#2591,#2592,#2593,
#2594,#2595,#2596,#2597,#2598,#2599,#2600,#2601,#2602,#2603),
 .UNSPECIFIED.,.F.,.F.,(4,3,3,3,3,4),(-13.0143912075397,-12.8811763996603,
-12.5635052780041,-12.017911246515,-11.2448696199221,-11.1735753983611),
 .UNSPECIFIED.);
#103=B_SPLINE_CURVE_WITH_KNOTS('',3,(#2610,#2611,#2612,#2613,#2614),
 .UNSPECIFIED.,.F.,.F.,(4,1,4),(2.73085725525639,3.15556224414597,3.35412689430735),
 .UNSPECIFIED.);
#104=B_SPLINE_CURVE_WITH_KNOTS('',3,(#2647,#2648,#2649,#2650,#2651),
 .UNSPECIFIED.,.F.,.F.,(4,1,4),(-3.26915054035459,-3.15556224414597,-2.6117705381402),
 .UNSPECIFIED.);
#105=B_SPLINE_CURVE_WITH_KNOTS('',3,(#2652,#2653,#2654,#2655,#2656,#2657,
#2658,#2659,#2660,#2661,#2662,#2663),.UNSPECIFIED.,.F.,.F.,(4,2,2,2,2,4),
(-0.287377118033783,-0.233997360185569,-0.179170496831051,-0.110903145868935,
-0.056344238837384,0.),.UNSPECIFIED.);
#106=B_SPLINE_CURVE_WITH_KNOTS('',3,(#2665,#2666,#2667,#2668,#2669,#2670),
 .UNSPECIFIED.,.F.,.F.,(4,2,4),(-5.89790567555815,-5.37141702222544,-4.88998930516187),
 .UNSPECIFIED.);
#107=B_SPLINE_CURVE_WITH_KNOTS('',3,(#2706,#2707,#2708,#2709,#2710),
 .UNSPECIFIED.,.F.,.F.,(4,1,4),(-3.42510730977005,-3.32599411970842,-2.90446792920084),
 .UNSPECIFIED.);
#108=B_SPLINE_CURVE_WITH_KNOTS('',3,(#2711,#2712,#2713,#2714,#2715,#2716,
#2717,#2718,#2719,#2720,#2721,#2722),.UNSPECIFIED.,.F.,.F.,(4,2,2,2,2,4),
(-0.28280134013377,-0.191988779887771,-0.141410937704332,-0.0852529125590982,
-0.0428469423258487,0.),.UNSPECIFIED.);
#109=B_SPLINE_CURVE_WITH_KNOTS('',3,(#2728,#2729,#2730,#2731,#2732,#2733,
#2734,#2735,#2736,#2737,#2738,#2739,#2740,#2741,#2742,#2743,#2744,#2745,
#2746,#2747,#2748,#2749,#2750,#2751,#2752,#2753,#2754),.UNSPECIFIED.,.F.,
 .F.,(4,3,2,2,2,2,2,2,2,2,2,2,4),(-0.00237087916515861,0.,0.268224852319503,
0.402337278479254,0.536449704639005,0.661780308308872,0.78711091197874,
0.912441515648608,1.03777211931848,1.17188454547823,1.30599697163798,1.57422182395748,
1.57659270312307),.UNSPECIFIED.);
#110=B_SPLINE_CURVE_WITH_KNOTS('',3,(#2756,#2757,#2758,#2759,#2760,#2761,
#2762,#2763,#2764,#2765,#2766,#2767,#2768,#2769,#2770,#2771,#2772,#2773,
#2774,#2775,#2776,#2777,#2778,#2779,#2780,#2781,#2782),.UNSPECIFIED.,.F.,
 .F.,(4,3,2,2,2,2,2,2,2,2,2,2,4),(-0.00503548964763298,0.,0.245926597024707,
0.368889895537061,0.491853194049415,0.604248784598439,0.716644375147464,
0.829039965696488,0.941435556245513,1.06439885475787,1.18736215327022,1.43328875029493,
1.43832423994251),.UNSPECIFIED.);
#111=B_SPLINE_CURVE_WITH_KNOTS('',3,(#2784,#2785,#2786,#2787,#2788,#2789),
 .UNSPECIFIED.,.F.,.F.,(4,2,4),(-4.43838910833318,-3.62101003398468,-3.51646103200805),
 .UNSPECIFIED.);
#112=B_SPLINE_CURVE_WITH_KNOTS('',3,(#2791,#2792,#2793,#2794,#2795,#2796,
#2797,#2798,#2799,#2800),.UNSPECIFIED.,.F.,.F.,(4,2,2,2,4),(-2.09940760535545,
-1.99129691521431,-1.73319575133982,-1.47279602294248,-1.38133496914083),
 .UNSPECIFIED.);
#113=B_SPLINE_CURVE_WITH_KNOTS('',3,(#2803,#2804,#2805,#2806,#2807,#2808,
#2809,#2810,#2811,#2812,#2813,#2814,#2815,#2816),.UNSPECIFIED.,.F.,.F.,
(4,2,2,2,2,2,4),(-2.160729804603,-2.04889496030319,-1.91749006740198,-1.78608517450076,
-1.65311728327396,-1.52014939204717,-1.49716411259366),.UNSPECIFIED.);
#114=B_SPLINE_CURVE_WITH_KNOTS('',3,(#2819,#2820,#2821,#2822,#2823,#2824),
 .UNSPECIFIED.,.F.,.F.,(4,2,4),(-5.0162396157299,-4.55414265997515,-4.43838910833318),
 .UNSPECIFIED.);
#115=B_SPLINE_CURVE_WITH_KNOTS('',3,(#2826,#2827,#2828,#2829,#2830,#2831),
 .UNSPECIFIED.,.F.,.F.,(4,2,4),(-4.42418250471044,-3.92918326502404,-3.91571747312647),
 .UNSPECIFIED.);
#116=ORIENTED_CLOSED_SHELL('',*,#1175,.F.);
#117=LINE('',#1691,#142);
#118=LINE('',#1697,#143);
#119=LINE('',#1703,#144);
#120=LINE('',#1745,#145);
#121=LINE('',#1749,#146);
#122=LINE('',#1770,#147);
#123=LINE('',#1774,#148);
#124=LINE('',#1826,#149);
#125=LINE('',#1925,#150);
#126=LINE('',#2133,#151);
#127=LINE('',#2139,#152);
#128=LINE('',#2157,#153);
#129=LINE('',#2178,#154);
#130=LINE('',#2184,#155);
#131=LINE('',#2185,#156);
#132=LINE('',#2217,#157);
#133=LINE('',#2221,#158);
#134=LINE('',#2224,#159);
#135=LINE('',#2369,#160);
#136=LINE('',#2370,#161);
#137=LINE('',#2421,#162);
#138=LINE('',#2441,#163);
#139=LINE('',#2560,#164);
#140=LINE('',#2674,#165);
#141=LINE('',#2818,#166);
#142=VECTOR('',#1362,21.5);
#143=VECTOR('',#1371,21.2564036164908);
#144=VECTOR('',#1376,10.);
#145=VECTOR('',#1381,10.);
#146=VECTOR('',#1384,10.);
#147=VECTOR('',#1389,3.35);
#148=VECTOR('',#1394,3.1);
#149=VECTOR('',#1423,3.6);
#150=VECTOR('',#1450,4.5);
#151=VECTOR('',#1461,23.7);
#152=VECTOR('',#1468,23.95);
#153=VECTOR('',#1493,23.95);
#154=VECTOR('',#1516,3.35);
#155=VECTOR('',#1523,10.);
#156=VECTOR('',#1524,10.);
#157=VECTOR('',#1543,3.35);
#158=VECTOR('',#1548,10.);
#159=VECTOR('',#1551,10.);
#160=VECTOR('',#1594,10.);
#161=VECTOR('',#1595,10.);
#162=VECTOR('',#1608,10.);
#163=VECTOR('',#1609,10.);
#164=VECTOR('',#1630,9.9);
#165=VECTOR('',#1649,10.4);
#166=VECTOR('',#1670,10.);
#167=CYLINDRICAL_SURFACE('',#1196,21.5);
#168=CYLINDRICAL_SURFACE('',#1202,21.2564036164908);
#169=CYLINDRICAL_SURFACE('',#1203,13.);
#170=CYLINDRICAL_SURFACE('',#1206,22.0000003278255);
#171=CYLINDRICAL_SURFACE('',#1211,3.1);
#172=CYLINDRICAL_SURFACE('',#1225,3.6);
#173=CYLINDRICAL_SURFACE('',#1230,4.);
#174=CYLINDRICAL_SURFACE('',#1237,4.5);
#175=CYLINDRICAL_SURFACE('',#1244,23.95);
#176=CYLINDRICAL_SURFACE('',#1257,23.95);
#177=CYLINDRICAL_SURFACE('',#1269,3.35);
#178=CYLINDRICAL_SURFACE('',#1271,7.00000000000043);
#179=CYLINDRICAL_SURFACE('',#1279,10.);
#180=CYLINDRICAL_SURFACE('',#1281,3.35);
#181=CYLINDRICAL_SURFACE('',#1283,6.00000000000003);
#182=CYLINDRICAL_SURFACE('',#1301,5.5);
#183=CYLINDRICAL_SURFACE('',#1305,8.5);
#184=CYLINDRICAL_SURFACE('',#1311,22.0000003278254);
#185=CYLINDRICAL_SURFACE('',#1312,334.);
#186=CYLINDRICAL_SURFACE('',#1313,210.);
#187=CYLINDRICAL_SURFACE('',#1318,687.5);
#188=CYLINDRICAL_SURFACE('',#1319,180.);
#189=CYLINDRICAL_SURFACE('',#1320,9.9);
#190=CYLINDRICAL_SURFACE('',#1323,5.5);
#191=CYLINDRICAL_SURFACE('',#1327,247.5);
#192=CYLINDRICAL_SURFACE('',#1337,582.);
#193=CYLINDRICAL_SURFACE('',#1338,18.5);
#194=CYLINDRICAL_SURFACE('',#1340,582.);
#195=CYLINDRICAL_SURFACE('',#1342,13.);
#196=CYLINDRICAL_SURFACE('',#1343,15.7035674504593);
#197=FACE_OUTER_BOUND('',#264,.T.);
#198=FACE_OUTER_BOUND('',#265,.T.);
#199=FACE_OUTER_BOUND('',#266,.T.);
#200=FACE_OUTER_BOUND('',#267,.T.);
#201=FACE_OUTER_BOUND('',#268,.T.);
#202=FACE_OUTER_BOUND('',#269,.T.);
#203=FACE_OUTER_BOUND('',#270,.T.);
#204=FACE_OUTER_BOUND('',#271,.T.);
#205=FACE_OUTER_BOUND('',#272,.T.);
#206=FACE_OUTER_BOUND('',#275,.T.);
#207=FACE_OUTER_BOUND('',#276,.T.);
#208=FACE_OUTER_BOUND('',#277,.T.);
#209=FACE_OUTER_BOUND('',#278,.T.);
#210=FACE_OUTER_BOUND('',#279,.T.);
#211=FACE_OUTER_BOUND('',#280,.T.);
#212=FACE_OUTER_BOUND('',#281,.T.);
#213=FACE_OUTER_BOUND('',#282,.T.);
#214=FACE_OUTER_BOUND('',#284,.T.);
#215=FACE_OUTER_BOUND('',#285,.T.);
#216=FACE_OUTER_BOUND('',#286,.T.);
#217=FACE_OUTER_BOUND('',#287,.T.);
#218=FACE_OUTER_BOUND('',#288,.T.);
#219=FACE_OUTER_BOUND('',#289,.T.);
#220=FACE_OUTER_BOUND('',#290,.T.);
#221=FACE_OUTER_BOUND('',#294,.T.);
#222=FACE_OUTER_BOUND('',#295,.T.);
#223=FACE_OUTER_BOUND('',#296,.T.);
#224=FACE_OUTER_BOUND('',#298,.T.);
#225=FACE_OUTER_BOUND('',#300,.T.);
#226=FACE_OUTER_BOUND('',#301,.T.);
#227=FACE_OUTER_BOUND('',#302,.T.);
#228=FACE_OUTER_BOUND('',#303,.T.);
#229=FACE_OUTER_BOUND('',#304,.T.);
#230=FACE_OUTER_BOUND('',#306,.T.);
#231=FACE_OUTER_BOUND('',#307,.T.);
#232=FACE_OUTER_BOUND('',#308,.T.);
#233=FACE_OUTER_BOUND('',#309,.T.);
#234=FACE_OUTER_BOUND('',#310,.T.);
#235=FACE_OUTER_BOUND('',#311,.T.);
#236=FACE_OUTER_BOUND('',#312,.T.);
#237=FACE_OUTER_BOUND('',#313,.T.);
#238=FACE_OUTER_BOUND('',#314,.T.);
#239=FACE_OUTER_BOUND('',#315,.T.);
#240=FACE_OUTER_BOUND('',#316,.T.);
#241=FACE_OUTER_BOUND('',#317,.T.);
#242=FACE_OUTER_BOUND('',#318,.T.);
#243=FACE_OUTER_BOUND('',#319,.T.);
#244=FACE_OUTER_BOUND('',#320,.T.);
#245=FACE_OUTER_BOUND('',#321,.T.);
#246=FACE_OUTER_BOUND('',#322,.T.);
#247=FACE_OUTER_BOUND('',#323,.T.);
#248=FACE_OUTER_BOUND('',#324,.T.);
#249=FACE_OUTER_BOUND('',#325,.T.);
#250=FACE_OUTER_BOUND('',#326,.T.);
#251=FACE_OUTER_BOUND('',#327,.T.);
#252=FACE_OUTER_BOUND('',#328,.T.);
#253=FACE_OUTER_BOUND('',#329,.T.);
#254=FACE_OUTER_BOUND('',#330,.T.);
#255=FACE_OUTER_BOUND('',#331,.T.);
#256=FACE_OUTER_BOUND('',#332,.T.);
#257=FACE_OUTER_BOUND('',#333,.T.);
#258=FACE_OUTER_BOUND('',#334,.T.);
#259=FACE_OUTER_BOUND('',#335,.T.);
#260=FACE_OUTER_BOUND('',#336,.T.);
#261=FACE_OUTER_BOUND('',#337,.T.);
#262=FACE_OUTER_BOUND('',#338,.T.);
#263=FACE_OUTER_BOUND('',#339,.T.);
#264=EDGE_LOOP('',(#730,#731,#732,#733,#734));
#265=EDGE_LOOP('',(#735,#736,#737,#738,#739));
#266=EDGE_LOOP('',(#740,#741,#742,#743,#744));
#267=EDGE_LOOP('',(#745,#746,#747,#748,#749));
#268=EDGE_LOOP('',(#750,#751,#752,#753));
#269=EDGE_LOOP('',(#754,#755,#756,#757,#758,#759,#760,#761));
#270=EDGE_LOOP('',(#762,#763,#764,#765));
#271=EDGE_LOOP('',(#766,#767,#768,#769,#770));
#272=EDGE_LOOP('',(#771,#772,#773,#774,#775,#776,#777));
#273=EDGE_LOOP('',(#778));
#274=EDGE_LOOP('',(#779));
#275=EDGE_LOOP('',(#780,#781,#782,#783,#784,#785));
#276=EDGE_LOOP('',(#786,#787,#788,#789,#790,#791,#792));
#277=EDGE_LOOP('',(#793,#794,#795,#796,#797));
#278=EDGE_LOOP('',(#798,#799,#800,#801,#802,#803));
#279=EDGE_LOOP('',(#804,#805,#806,#807,#808,#809));
#280=EDGE_LOOP('',(#810,#811,#812,#813,#814,#815));
#281=EDGE_LOOP('',(#816,#817,#818,#819,#820,#821,#822,#823,#824));
#282=EDGE_LOOP('',(#825));
#283=EDGE_LOOP('',(#826));
#284=EDGE_LOOP('',(#827,#828,#829,#830));
#285=EDGE_LOOP('',(#831,#832,#833,#834,#835));
#286=EDGE_LOOP('',(#836,#837,#838,#839,#840));
#287=EDGE_LOOP('',(#841,#842,#843,#844,#845));
#288=EDGE_LOOP('',(#846,#847,#848,#849,#850));
#289=EDGE_LOOP('',(#851,#852,#853,#854));
#290=EDGE_LOOP('',(#855,#856,#857,#858,#859,#860,#861,#862));
#291=EDGE_LOOP('',(#863));
#292=EDGE_LOOP('',(#864));
#293=EDGE_LOOP('',(#865));
#294=EDGE_LOOP('',(#866,#867,#868,#869));
#295=EDGE_LOOP('',(#870,#871,#872,#873));
#296=EDGE_LOOP('',(#874));
#297=EDGE_LOOP('',(#875));
#298=EDGE_LOOP('',(#876,#877,#878,#879,#880,#881));
#299=EDGE_LOOP('',(#882));
#300=EDGE_LOOP('',(#883,#884));
#301=EDGE_LOOP('',(#885,#886,#887,#888));
#302=EDGE_LOOP('',(#889,#890,#891,#892));
#303=EDGE_LOOP('',(#893,#894,#895,#896,#897));
#304=EDGE_LOOP('',(#898,#899,#900,#901,#902,#903));
#305=EDGE_LOOP('',(#904));
#306=EDGE_LOOP('',(#905,#906,#907,#908));
#307=EDGE_LOOP('',(#909,#910,#911,#912,#913));
#308=EDGE_LOOP('',(#914,#915,#916,#917));
#309=EDGE_LOOP('',(#918,#919,#920,#921,#922));
#310=EDGE_LOOP('',(#923,#924,#925,#926,#927,#928));
#311=EDGE_LOOP('',(#929,#930,#931,#932));
#312=EDGE_LOOP('',(#933,#934,#935,#936));
#313=EDGE_LOOP('',(#937,#938,#939,#940,#941,#942));
#314=EDGE_LOOP('',(#943,#944,#945,#946,#947,#948,#949));
#315=EDGE_LOOP('',(#950,#951,#952,#953));
#316=EDGE_LOOP('',(#954,#955,#956,#957,#958,#959,#960));
#317=EDGE_LOOP('',(#961,#962,#963,#964,#965,#966));
#318=EDGE_LOOP('',(#967,#968,#969,#970,#971,#972));
#319=EDGE_LOOP('',(#973,#974,#975,#976,#977,#978));
#320=EDGE_LOOP('',(#979,#980,#981,#982,#983));
#321=EDGE_LOOP('',(#984,#985,#986,#987,#988,#989));
#322=EDGE_LOOP('',(#990,#991,#992,#993,#994));
#323=EDGE_LOOP('',(#995,#996,#997,#998,#999,#1000,#1001,#1002,#1003,#1004,
#1005,#1006));
#324=EDGE_LOOP('',(#1007,#1008,#1009,#1010,#1011,#1012));
#325=EDGE_LOOP('',(#1013,#1014,#1015,#1016,#1017));
#326=EDGE_LOOP('',(#1018,#1019,#1020,#1021,#1022,#1023));
#327=EDGE_LOOP('',(#1024,#1025,#1026,#1027,#1028));
#328=EDGE_LOOP('',(#1029,#1030,#1031,#1032));
#329=EDGE_LOOP('',(#1033,#1034,#1035,#1036,#1037));
#330=EDGE_LOOP('',(#1038,#1039,#1040,#1041,#1042));
#331=EDGE_LOOP('',(#1043,#1044,#1045,#1046,#1047,#1048));
#332=EDGE_LOOP('',(#1049,#1050));
#333=EDGE_LOOP('',(#1051,#1052));
#334=EDGE_LOOP('',(#1053,#1054,#1055,#1056,#1057));
#335=EDGE_LOOP('',(#1058,#1059,#1060));
#336=EDGE_LOOP('',(#1061,#1062,#1063,#1064,#1065));
#337=EDGE_LOOP('',(#1066,#1067,#1068,#1069,#1070,#1071,#1072,#1073,#1074,
#1075,#1076,#1077,#1078,#1079,#1080,#1081,#1082,#1083,#1084,#1085,#1086,
#1087,#1088));
#338=EDGE_LOOP('',(#1089,#1090,#1091,#1092,#1093));
#339=EDGE_LOOP('',(#1094,#1095));
#340=CIRCLE('',#1192,21.5);
#341=CIRCLE('',#1193,0.95);
#342=CIRCLE('',#1194,21.2564036164908);
#343=CIRCLE('',#1195,21.2564036164908);
#344=CIRCLE('',#1197,21.5);
#345=CIRCLE('',#1198,21.5);
#346=CIRCLE('',#1200,0.95);
#347=CIRCLE('',#1201,21.2564036164908);
#348=CIRCLE('',#1204,13.);
#349=CIRCLE('',#1205,13.);
#350=CIRCLE('',#1207,22.0000003278255);
#351=CIRCLE('',#1209,3.1);
#352=CIRCLE('',#1210,3.6);
#353=CIRCLE('',#1212,3.1);
#354=CIRCLE('',#1213,3.1);
#355=CIRCLE('',#1215,13.);
#356=CIRCLE('',#1216,334.);
#357=CIRCLE('',#1217,8.5);
#358=CIRCLE('',#1218,582.);
#359=CIRCLE('',#1219,582.);
#360=CIRCLE('',#1220,15.7035674504593);
#361=CIRCLE('',#1221,10.9);
#362=CIRCLE('',#1222,3.59999999999999);
#363=CIRCLE('',#1223,1.99999999999997);
#364=CIRCLE('',#1224,3.59999999999999);
#365=CIRCLE('',#1226,3.6);
#366=CIRCLE('',#1227,3.6);
#367=CIRCLE('',#1228,3.6);
#368=CIRCLE('',#1229,3.99999999999995);
#369=CIRCLE('',#1232,20.8994949366117);
#370=CIRCLE('',#1233,582.);
#371=CIRCLE('',#1234,8.5);
#372=CIRCLE('',#1235,334.);
#373=CIRCLE('',#1236,20.8994949366117);
#374=CIRCLE('',#1238,4.5);
#375=CIRCLE('',#1239,190.694762173063);
#376=CIRCLE('',#1241,23.45);
#377=CIRCLE('',#1243,23.95);
#378=CIRCLE('',#1245,23.95);
#379=CIRCLE('',#1246,23.95);
#380=CIRCLE('',#1248,1.);
#381=CIRCLE('',#1249,23.3946340491868);
#382=CIRCLE('',#1251,1.25);
#383=CIRCLE('',#1252,23.3946340491868);
#384=CIRCLE('',#1253,23.3946340491868);
#385=CIRCLE('',#1255,23.95);
#386=CIRCLE('',#1256,1.);
#387=CIRCLE('',#1258,23.95);
#388=CIRCLE('',#1260,687.5);
#389=CIRCLE('',#1261,210.);
#390=CIRCLE('',#1262,6.00000000000004);
#391=CIRCLE('',#1263,247.5);
#392=CIRCLE('',#1264,22.0000003278254);
#393=CIRCLE('',#1265,180.);
#394=CIRCLE('',#1266,7.00000000000043);
#395=CIRCLE('',#1267,3.35);
#396=CIRCLE('',#1268,3.35);
#397=CIRCLE('',#1270,3.35);
#398=CIRCLE('',#1272,7.00000000000043);
#399=CIRCLE('',#1274,6.25);
#400=CIRCLE('',#1276,5.5);
#401=CIRCLE('',#1277,687.5);
#402=CIRCLE('',#1278,180.);
#403=CIRCLE('',#1280,10.);
#404=CIRCLE('',#1282,3.35);
#405=CIRCLE('',#1284,6.00000000000004);
#406=CIRCLE('',#1286,9.27182952033496);
#407=CIRCLE('',#1287,9.27182952033496);
#408=CIRCLE('',#1288,16.5);
#409=CIRCLE('',#1290,5.5);
#410=CIRCLE('',#1291,247.5);
#411=CIRCLE('',#1292,210.);
#412=CIRCLE('',#1294,23.0458615156725);
#413=CIRCLE('',#1295,3.5);
#414=CIRCLE('',#1297,15.857864376269);
#415=CIRCLE('',#1298,15.9497474683058);
#416=CIRCLE('',#1300,15.9497474683058);
#417=CIRCLE('',#1302,5.5);
#418=CIRCLE('',#1304,15.857864376269);
#419=CIRCLE('',#1308,7.5);
#420=CIRCLE('',#1309,21.1106736312712);
#421=CIRCLE('',#1310,21.1106736312712);
#422=CIRCLE('',#1315,9.9);
#423=CIRCLE('',#1316,2.25);
#424=CIRCLE('',#1317,9.9);
#425=CIRCLE('',#1321,9.9);
#426=CIRCLE('',#1324,5.5);
#427=CIRCLE('',#1329,20.4230187181451);
#428=CIRCLE('',#1332,20.4230187181451);
#429=CIRCLE('',#1334,20.4230187181451);
#430=VERTEX_POINT('',#1679);
#431=VERTEX_POINT('',#1681);
#432=VERTEX_POINT('',#1683);
#433=VERTEX_POINT('',#1687);
#434=VERTEX_POINT('',#1688);
#435=VERTEX_POINT('',#1693);
#436=VERTEX_POINT('',#1699);
#437=VERTEX_POINT('',#1700);
#438=VERTEX_POINT('',#1702);
#439=VERTEX_POINT('',#1704);
#440=VERTEX_POINT('',#1715);
#441=VERTEX_POINT('',#1716);
#442=VERTEX_POINT('',#1727);
#443=VERTEX_POINT('',#1735);
#444=VERTEX_POINT('',#1744);
#445=VERTEX_POINT('',#1746);
#446=VERTEX_POINT('',#1748);
#447=VERTEX_POINT('',#1750);
#448=VERTEX_POINT('',#1767);
#449=VERTEX_POINT('',#1769);
#450=VERTEX_POINT('',#1773);
#451=VERTEX_POINT('',#1775);
#452=VERTEX_POINT('',#1779);
#453=VERTEX_POINT('',#1781);
#454=VERTEX_POINT('',#1783);
#455=VERTEX_POINT('',#1785);
#456=VERTEX_POINT('',#1787);
#457=VERTEX_POINT('',#1790);
#458=VERTEX_POINT('',#1819);
#459=VERTEX_POINT('',#1820);
#460=VERTEX_POINT('',#1825);
#461=VERTEX_POINT('',#1827);
#462=VERTEX_POINT('',#1829);
#463=VERTEX_POINT('',#1853);
#464=VERTEX_POINT('',#1864);
#465=VERTEX_POINT('',#1877);
#466=VERTEX_POINT('',#1884);
#467=VERTEX_POINT('',#1889);
#468=VERTEX_POINT('',#1900);
#469=VERTEX_POINT('',#1912);
#470=VERTEX_POINT('',#1914);
#471=VERTEX_POINT('',#1916);
#472=VERTEX_POINT('',#1918);
#473=VERTEX_POINT('',#1922);
#474=VERTEX_POINT('',#1924);
#475=VERTEX_POINT('',#1926);
#476=VERTEX_POINT('',#1941);
#477=VERTEX_POINT('',#2044);
#478=VERTEX_POINT('',#2084);
#479=VERTEX_POINT('',#2128);
#480=VERTEX_POINT('',#2131);
#481=VERTEX_POINT('',#2135);
#482=VERTEX_POINT('',#2136);
#483=VERTEX_POINT('',#2141);
#484=VERTEX_POINT('',#2145);
#485=VERTEX_POINT('',#2147);
#486=VERTEX_POINT('',#2151);
#487=VERTEX_POINT('',#2155);
#488=VERTEX_POINT('',#2159);
#489=VERTEX_POINT('',#2161);
#490=VERTEX_POINT('',#2163);
#491=VERTEX_POINT('',#2165);
#492=VERTEX_POINT('',#2167);
#493=VERTEX_POINT('',#2169);
#494=VERTEX_POINT('',#2172);
#495=VERTEX_POINT('',#2174);
#496=VERTEX_POINT('',#2177);
#497=VERTEX_POINT('',#2181);
#498=VERTEX_POINT('',#2182);
#499=VERTEX_POINT('',#2187);
#500=VERTEX_POINT('',#2190);
#501=VERTEX_POINT('',#2191);
#502=VERTEX_POINT('',#2193);
#503=VERTEX_POINT('',#2203);
#504=VERTEX_POINT('',#2216);
#505=VERTEX_POINT('',#2220);
#506=VERTEX_POINT('',#2222);
#507=VERTEX_POINT('',#2226);
#508=VERTEX_POINT('',#2227);
#509=VERTEX_POINT('',#2232);
#510=VERTEX_POINT('',#2233);
#511=VERTEX_POINT('',#2235);
#512=VERTEX_POINT('',#2243);
#513=VERTEX_POINT('',#2252);
#514=VERTEX_POINT('',#2285);
#515=VERTEX_POINT('',#2292);
#516=VERTEX_POINT('',#2307);
#517=VERTEX_POINT('',#2326);
#518=VERTEX_POINT('',#2328);
#519=VERTEX_POINT('',#2335);
#520=VERTEX_POINT('',#2344);
#521=VERTEX_POINT('',#2345);
#522=VERTEX_POINT('',#2351);
#523=VERTEX_POINT('',#2362);
#524=VERTEX_POINT('',#2372);
#525=VERTEX_POINT('',#2390);
#526=VERTEX_POINT('',#2392);
#527=VERTEX_POINT('',#2394);
#528=VERTEX_POINT('',#2413);
#529=VERTEX_POINT('',#2420);
#530=VERTEX_POINT('',#2422);
#531=VERTEX_POINT('',#2450);
#532=VERTEX_POINT('',#2464);
#533=VERTEX_POINT('',#2465);
#534=VERTEX_POINT('',#2508);
#535=VERTEX_POINT('',#2515);
#536=VERTEX_POINT('',#2521);
#537=VERTEX_POINT('',#2540);
#538=VERTEX_POINT('',#2558);
#539=VERTEX_POINT('',#2562);
#540=VERTEX_POINT('',#2581);
#541=VERTEX_POINT('',#2605);
#542=VERTEX_POINT('',#2606);
#543=VERTEX_POINT('',#2609);
#544=VERTEX_POINT('',#2646);
#545=VERTEX_POINT('',#2705);
#546=VERTEX_POINT('',#2801);
#547=EDGE_CURVE('',#430,#430,#340,.T.);
#548=EDGE_CURVE('',#430,#431,#341,.T.);
#549=EDGE_CURVE('',#431,#432,#342,.T.);
#550=EDGE_CURVE('',#432,#431,#343,.T.);
#551=EDGE_CURVE('',#433,#434,#344,.T.);
#552=EDGE_CURVE('',#434,#433,#345,.T.);
#553=EDGE_CURVE('',#434,#430,#117,.T.);
#554=EDGE_CURVE('',#433,#435,#346,.T.);
#555=EDGE_CURVE('',#435,#435,#347,.T.);
#556=EDGE_CURVE('',#435,#432,#118,.T.);
#557=EDGE_CURVE('',#436,#437,#348,.F.);
#558=EDGE_CURVE('',#438,#437,#119,.T.);
#559=EDGE_CURVE('',#438,#439,#349,.T.);
#560=EDGE_CURVE('',#436,#439,#51,.T.);
#561=EDGE_CURVE('',#440,#441,#52,.T.);
#562=EDGE_CURVE('',#440,#442,#53,.T.);
#563=EDGE_CURVE('',#443,#442,#54,.T.);
#564=EDGE_CURVE('',#444,#443,#120,.T.);
#565=EDGE_CURVE('',#445,#444,#350,.T.);
#566=EDGE_CURVE('',#445,#446,#121,.T.);
#567=EDGE_CURVE('',#446,#447,#55,.F.);
#568=EDGE_CURVE('',#447,#441,#56,.T.);
#569=EDGE_CURVE('',#448,#448,#351,.T.);
#570=EDGE_CURVE('',#448,#449,#122,.T.);
#571=EDGE_CURVE('',#449,#449,#352,.T.);
#572=EDGE_CURVE('',#448,#450,#123,.T.);
#573=EDGE_CURVE('',#451,#450,#353,.T.);
#574=EDGE_CURVE('',#450,#451,#354,.T.);
#575=EDGE_CURVE('',#439,#452,#355,.T.);
#576=EDGE_CURVE('',#453,#438,#356,.T.);
#577=EDGE_CURVE('',#454,#453,#357,.T.);
#578=EDGE_CURVE('',#455,#454,#358,.T.);
#579=EDGE_CURVE('',#456,#455,#359,.T.);
#580=EDGE_CURVE('',#456,#452,#360,.T.);
#581=EDGE_CURVE('',#457,#457,#361,.T.);
#582=EDGE_CURVE('',#458,#459,#362,.T.);
#583=EDGE_CURVE('',#459,#451,#363,.T.);
#584=EDGE_CURVE('',#459,#458,#364,.T.);
#585=EDGE_CURVE('',#458,#460,#124,.T.);
#586=EDGE_CURVE('',#461,#460,#365,.T.);
#587=EDGE_CURVE('',#462,#461,#366,.T.);
#588=EDGE_CURVE('',#460,#462,#367,.T.);
#589=EDGE_CURVE('',#461,#463,#57,.F.);
#590=EDGE_CURVE('',#462,#464,#58,.T.);
#591=EDGE_CURVE('',#464,#463,#368,.T.);
#592=EDGE_CURVE('',#465,#464,#59,.T.);
#593=EDGE_CURVE('',#466,#465,#60,.T.);
#594=EDGE_CURVE('',#466,#467,#61,.F.);
#595=EDGE_CURVE('',#468,#467,#62,.T.);
#596=EDGE_CURVE('',#463,#468,#63,.T.);
#597=EDGE_CURVE('',#469,#461,#369,.T.);
#598=EDGE_CURVE('',#469,#470,#370,.T.);
#599=EDGE_CURVE('',#470,#471,#371,.T.);
#600=EDGE_CURVE('',#471,#472,#372,.T.);
#601=EDGE_CURVE('',#462,#472,#373,.T.);
#602=EDGE_CURVE('',#473,#473,#374,.T.);
#603=EDGE_CURVE('',#473,#474,#125,.T.);
#604=EDGE_CURVE('',#475,#474,#64,.T.);
#605=EDGE_CURVE('',#476,#475,#65,.T.);
#606=EDGE_CURVE('',#474,#476,#66,.T.);
#607=EDGE_CURVE('',#476,#477,#375,.T.);
#608=EDGE_CURVE('',#477,#477,#67,.T.);
#609=EDGE_CURVE('',#478,#475,#68,.T.);
#610=EDGE_CURVE('',#478,#478,#69,.T.);
#611=EDGE_CURVE('',#479,#479,#376,.T.);
#612=EDGE_CURVE('',#480,#480,#377,.T.);
#613=EDGE_CURVE('',#480,#479,#126,.T.);
#614=EDGE_CURVE('',#481,#482,#378,.T.);
#615=EDGE_CURVE('',#482,#481,#379,.T.);
#616=EDGE_CURVE('',#482,#480,#127,.T.);
#617=EDGE_CURVE('',#481,#483,#380,.T.);
#618=EDGE_CURVE('',#483,#483,#381,.T.);
#619=EDGE_CURVE('',#483,#484,#382,.T.);
#620=EDGE_CURVE('',#485,#484,#383,.T.);
#621=EDGE_CURVE('',#484,#485,#384,.T.);
#622=EDGE_CURVE('',#486,#486,#385,.T.);
#623=EDGE_CURVE('',#486,#485,#386,.T.);
#624=EDGE_CURVE('',#487,#487,#387,.T.);
#625=EDGE_CURVE('',#487,#486,#128,.T.);
#626=EDGE_CURVE('',#445,#488,#388,.T.);
#627=EDGE_CURVE('',#489,#444,#389,.T.);
#628=EDGE_CURVE('',#489,#490,#390,.T.);
#629=EDGE_CURVE('',#491,#490,#391,.T.);
#630=EDGE_CURVE('',#491,#492,#392,.T.);
#631=EDGE_CURVE('',#493,#492,#393,.T.);
#632=EDGE_CURVE('',#493,#488,#394,.T.);
#633=EDGE_CURVE('',#494,#494,#395,.T.);
#634=EDGE_CURVE('',#495,#495,#396,.T.);
#635=EDGE_CURVE('',#495,#496,#129,.T.);
#636=EDGE_CURVE('',#496,#496,#397,.T.);
#637=EDGE_CURVE('',#497,#498,#398,.T.);
#638=EDGE_CURVE('',#488,#497,#130,.T.);
#639=EDGE_CURVE('',#493,#498,#131,.T.);
#640=EDGE_CURVE('',#499,#499,#399,.T.);
#641=EDGE_CURVE('',#500,#501,#400,.T.);
#642=EDGE_CURVE('',#501,#502,#70,.T.);
#643=EDGE_CURVE('',#502,#497,#401,.T.);
#644=EDGE_CURVE('',#498,#503,#402,.T.);
#645=EDGE_CURVE('',#500,#503,#71,.F.);
#646=EDGE_CURVE('',#440,#441,#403,.T.);
#647=EDGE_CURVE('',#494,#504,#132,.T.);
#648=EDGE_CURVE('',#504,#504,#404,.T.);
#649=EDGE_CURVE('',#489,#505,#133,.T.);
#650=EDGE_CURVE('',#506,#505,#405,.T.);
#651=EDGE_CURVE('',#490,#506,#134,.T.);
#652=EDGE_CURVE('',#507,#508,#406,.T.);
#653=EDGE_CURVE('',#508,#507,#407,.T.);
#654=EDGE_CURVE('',#508,#499,#408,.T.);
#655=EDGE_CURVE('',#509,#510,#409,.T.);
#656=EDGE_CURVE('',#510,#511,#72,.T.);
#657=EDGE_CURVE('',#511,#506,#410,.T.);
#658=EDGE_CURVE('',#505,#512,#411,.T.);
#659=EDGE_CURVE('',#509,#512,#73,.F.);
#660=EDGE_CURVE('',#513,#513,#412,.T.);
#661=EDGE_CURVE('',#513,#487,#413,.T.);
#662=EDGE_CURVE('',#514,#502,#74,.T.);
#663=EDGE_CURVE('',#501,#515,#75,.T.);
#664=EDGE_CURVE('',#515,#516,#76,.F.);
#665=EDGE_CURVE('',#516,#514,#77,.T.);
#666=EDGE_CURVE('',#517,#467,#414,.T.);
#667=EDGE_CURVE('',#518,#517,#78,.T.);
#668=EDGE_CURVE('',#468,#518,#415,.T.);
#669=EDGE_CURVE('',#472,#519,#79,.T.);
#670=EDGE_CURVE('',#519,#465,#416,.T.);
#671=EDGE_CURVE('',#520,#521,#417,.T.);
#672=EDGE_CURVE('',#515,#520,#80,.F.);
#673=EDGE_CURVE('',#522,#500,#81,.T.);
#674=EDGE_CURVE('',#522,#521,#82,.T.);
#675=EDGE_CURVE('',#466,#523,#418,.T.);
#676=EDGE_CURVE('',#519,#523,#83,.F.);
#677=EDGE_CURVE('',#453,#471,#135,.T.);
#678=EDGE_CURVE('',#454,#470,#136,.T.);
#679=EDGE_CURVE('',#524,#518,#84,.T.);
#680=EDGE_CURVE('',#469,#524,#85,.F.);
#681=EDGE_CURVE('',#513,#525,#419,.T.);
#682=EDGE_CURVE('',#525,#526,#420,.T.);
#683=EDGE_CURVE('',#526,#527,#86,.F.);
#684=EDGE_CURVE('',#527,#528,#87,.T.);
#685=EDGE_CURVE('',#528,#525,#421,.T.);
#686=EDGE_CURVE('',#491,#529,#137,.T.);
#687=EDGE_CURVE('',#530,#529,#88,.T.);
#688=EDGE_CURVE('',#492,#530,#138,.T.);
#689=EDGE_CURVE('',#523,#437,#89,.T.);
#690=EDGE_CURVE('',#531,#443,#90,.F.);
#691=EDGE_CURVE('',#512,#531,#91,.T.);
#692=EDGE_CURVE('',#532,#533,#422,.T.);
#693=EDGE_CURVE('',#533,#507,#423,.T.);
#694=EDGE_CURVE('',#533,#532,#424,.T.);
#695=EDGE_CURVE('',#514,#446,#92,.T.);
#696=EDGE_CURVE('',#534,#511,#93,.T.);
#697=EDGE_CURVE('',#510,#535,#94,.T.);
#698=EDGE_CURVE('',#535,#536,#95,.F.);
#699=EDGE_CURVE('',#536,#534,#96,.T.);
#700=EDGE_CURVE('',#537,#530,#97,.F.);
#701=EDGE_CURVE('',#503,#537,#98,.T.);
#702=EDGE_CURVE('',#538,#538,#425,.T.);
#703=EDGE_CURVE('',#538,#532,#139,.T.);
#704=EDGE_CURVE('',#539,#436,#99,.T.);
#705=EDGE_CURVE('',#442,#539,#100,.T.);
#706=EDGE_CURVE('',#540,#447,#101,.T.);
#707=EDGE_CURVE('',#517,#540,#102,.T.);
#708=EDGE_CURVE('',#541,#542,#426,.T.);
#709=EDGE_CURVE('',#535,#541,#16,.F.);
#710=EDGE_CURVE('',#543,#509,#103,.T.);
#711=EDGE_CURVE('',#543,#542,#17,.T.);
#712=EDGE_CURVE('',#531,#544,#104,.T.);
#713=EDGE_CURVE('',#544,#543,#105,.F.);
#714=EDGE_CURVE('',#534,#529,#106,.T.);
#715=EDGE_CURVE('',#539,#544,#427,.T.);
#716=EDGE_CURVE('',#538,#457,#140,.T.);
#717=EDGE_CURVE('',#537,#545,#107,.T.);
#718=EDGE_CURVE('',#545,#522,#108,.F.);
#719=EDGE_CURVE('',#516,#540,#428,.T.);
#720=EDGE_CURVE('',#536,#545,#429,.T.);
#721=EDGE_CURVE('',#520,#521,#109,.F.);
#722=EDGE_CURVE('',#541,#542,#110,.F.);
#723=EDGE_CURVE('',#524,#455,#111,.F.);
#724=EDGE_CURVE('',#452,#456,#112,.T.);
#725=EDGE_CURVE('',#546,#456,#18,.T.);
#726=EDGE_CURVE('',#452,#546,#113,.T.);
#727=EDGE_CURVE('',#527,#546,#141,.T.);
#728=EDGE_CURVE('',#455,#528,#114,.F.);
#729=EDGE_CURVE('',#526,#439,#115,.F.);
#730=ORIENTED_EDGE('',*,*,#547,.T.);
#731=ORIENTED_EDGE('',*,*,#548,.T.);
#732=ORIENTED_EDGE('',*,*,#549,.T.);
#733=ORIENTED_EDGE('',*,*,#550,.T.);
#734=ORIENTED_EDGE('',*,*,#548,.F.);
#735=ORIENTED_EDGE('',*,*,#551,.F.);
#736=ORIENTED_EDGE('',*,*,#552,.F.);
#737=ORIENTED_EDGE('',*,*,#553,.T.);
#738=ORIENTED_EDGE('',*,*,#547,.F.);
#739=ORIENTED_EDGE('',*,*,#553,.F.);
#740=ORIENTED_EDGE('',*,*,#551,.T.);
#741=ORIENTED_EDGE('',*,*,#552,.T.);
#742=ORIENTED_EDGE('',*,*,#554,.T.);
#743=ORIENTED_EDGE('',*,*,#555,.T.);
#744=ORIENTED_EDGE('',*,*,#554,.F.);
#745=ORIENTED_EDGE('',*,*,#555,.F.);
#746=ORIENTED_EDGE('',*,*,#556,.T.);
#747=ORIENTED_EDGE('',*,*,#549,.F.);
#748=ORIENTED_EDGE('',*,*,#550,.F.);
#749=ORIENTED_EDGE('',*,*,#556,.F.);
#750=ORIENTED_EDGE('',*,*,#557,.T.);
#751=ORIENTED_EDGE('',*,*,#558,.F.);
#752=ORIENTED_EDGE('',*,*,#559,.T.);
#753=ORIENTED_EDGE('',*,*,#560,.F.);
#754=ORIENTED_EDGE('',*,*,#561,.F.);
#755=ORIENTED_EDGE('',*,*,#562,.T.);
#756=ORIENTED_EDGE('',*,*,#563,.F.);
#757=ORIENTED_EDGE('',*,*,#564,.F.);
#758=ORIENTED_EDGE('',*,*,#565,.F.);
#759=ORIENTED_EDGE('',*,*,#566,.T.);
#760=ORIENTED_EDGE('',*,*,#567,.T.);
#761=ORIENTED_EDGE('',*,*,#568,.T.);
#762=ORIENTED_EDGE('',*,*,#569,.T.);
#763=ORIENTED_EDGE('',*,*,#570,.T.);
#764=ORIENTED_EDGE('',*,*,#571,.T.);
#765=ORIENTED_EDGE('',*,*,#570,.F.);
#766=ORIENTED_EDGE('',*,*,#569,.F.);
#767=ORIENTED_EDGE('',*,*,#572,.T.);
#768=ORIENTED_EDGE('',*,*,#573,.F.);
#769=ORIENTED_EDGE('',*,*,#574,.F.);
#770=ORIENTED_EDGE('',*,*,#572,.F.);
#771=ORIENTED_EDGE('',*,*,#575,.F.);
#772=ORIENTED_EDGE('',*,*,#559,.F.);
#773=ORIENTED_EDGE('',*,*,#576,.F.);
#774=ORIENTED_EDGE('',*,*,#577,.F.);
#775=ORIENTED_EDGE('',*,*,#578,.F.);
#776=ORIENTED_EDGE('',*,*,#579,.F.);
#777=ORIENTED_EDGE('',*,*,#580,.T.);
#778=ORIENTED_EDGE('',*,*,#581,.F.);
#779=ORIENTED_EDGE('',*,*,#571,.F.);
#780=ORIENTED_EDGE('',*,*,#582,.T.);
#781=ORIENTED_EDGE('',*,*,#583,.T.);
#782=ORIENTED_EDGE('',*,*,#573,.T.);
#783=ORIENTED_EDGE('',*,*,#574,.T.);
#784=ORIENTED_EDGE('',*,*,#583,.F.);
#785=ORIENTED_EDGE('',*,*,#584,.T.);
#786=ORIENTED_EDGE('',*,*,#582,.F.);
#787=ORIENTED_EDGE('',*,*,#585,.T.);
#788=ORIENTED_EDGE('',*,*,#586,.F.);
#789=ORIENTED_EDGE('',*,*,#587,.F.);
#790=ORIENTED_EDGE('',*,*,#588,.F.);
#791=ORIENTED_EDGE('',*,*,#585,.F.);
#792=ORIENTED_EDGE('',*,*,#584,.F.);
#793=ORIENTED_EDGE('',*,*,#589,.F.);
#794=ORIENTED_EDGE('',*,*,#586,.T.);
#795=ORIENTED_EDGE('',*,*,#588,.T.);
#796=ORIENTED_EDGE('',*,*,#590,.T.);
#797=ORIENTED_EDGE('',*,*,#591,.T.);
#798=ORIENTED_EDGE('',*,*,#591,.F.);
#799=ORIENTED_EDGE('',*,*,#592,.F.);
#800=ORIENTED_EDGE('',*,*,#593,.F.);
#801=ORIENTED_EDGE('',*,*,#594,.T.);
#802=ORIENTED_EDGE('',*,*,#595,.F.);
#803=ORIENTED_EDGE('',*,*,#596,.F.);
#804=ORIENTED_EDGE('',*,*,#597,.F.);
#805=ORIENTED_EDGE('',*,*,#598,.T.);
#806=ORIENTED_EDGE('',*,*,#599,.T.);
#807=ORIENTED_EDGE('',*,*,#600,.T.);
#808=ORIENTED_EDGE('',*,*,#601,.F.);
#809=ORIENTED_EDGE('',*,*,#587,.T.);
#810=ORIENTED_EDGE('',*,*,#602,.F.);
#811=ORIENTED_EDGE('',*,*,#603,.T.);
#812=ORIENTED_EDGE('',*,*,#604,.F.);
#813=ORIENTED_EDGE('',*,*,#605,.F.);
#814=ORIENTED_EDGE('',*,*,#606,.F.);
#815=ORIENTED_EDGE('',*,*,#603,.F.);
#816=ORIENTED_EDGE('',*,*,#604,.T.);
#817=ORIENTED_EDGE('',*,*,#606,.T.);
#818=ORIENTED_EDGE('',*,*,#607,.T.);
#819=ORIENTED_EDGE('',*,*,#608,.F.);
#820=ORIENTED_EDGE('',*,*,#607,.F.);
#821=ORIENTED_EDGE('',*,*,#605,.T.);
#822=ORIENTED_EDGE('',*,*,#609,.F.);
#823=ORIENTED_EDGE('',*,*,#610,.F.);
#824=ORIENTED_EDGE('',*,*,#609,.T.);
#825=ORIENTED_EDGE('',*,*,#611,.F.);
#826=ORIENTED_EDGE('',*,*,#610,.T.);
#827=ORIENTED_EDGE('',*,*,#612,.T.);
#828=ORIENTED_EDGE('',*,*,#613,.T.);
#829=ORIENTED_EDGE('',*,*,#611,.T.);
#830=ORIENTED_EDGE('',*,*,#613,.F.);
#831=ORIENTED_EDGE('',*,*,#614,.F.);
#832=ORIENTED_EDGE('',*,*,#615,.F.);
#833=ORIENTED_EDGE('',*,*,#616,.T.);
#834=ORIENTED_EDGE('',*,*,#612,.F.);
#835=ORIENTED_EDGE('',*,*,#616,.F.);
#836=ORIENTED_EDGE('',*,*,#614,.T.);
#837=ORIENTED_EDGE('',*,*,#615,.T.);
#838=ORIENTED_EDGE('',*,*,#617,.T.);
#839=ORIENTED_EDGE('',*,*,#618,.T.);
#840=ORIENTED_EDGE('',*,*,#617,.F.);
#841=ORIENTED_EDGE('',*,*,#618,.F.);
#842=ORIENTED_EDGE('',*,*,#619,.T.);
#843=ORIENTED_EDGE('',*,*,#620,.F.);
#844=ORIENTED_EDGE('',*,*,#621,.F.);
#845=ORIENTED_EDGE('',*,*,#619,.F.);
#846=ORIENTED_EDGE('',*,*,#622,.T.);
#847=ORIENTED_EDGE('',*,*,#623,.T.);
#848=ORIENTED_EDGE('',*,*,#620,.T.);
#849=ORIENTED_EDGE('',*,*,#621,.T.);
#850=ORIENTED_EDGE('',*,*,#623,.F.);
#851=ORIENTED_EDGE('',*,*,#624,.F.);
#852=ORIENTED_EDGE('',*,*,#625,.T.);
#853=ORIENTED_EDGE('',*,*,#622,.F.);
#854=ORIENTED_EDGE('',*,*,#625,.F.);
#855=ORIENTED_EDGE('',*,*,#626,.F.);
#856=ORIENTED_EDGE('',*,*,#565,.T.);
#857=ORIENTED_EDGE('',*,*,#627,.F.);
#858=ORIENTED_EDGE('',*,*,#628,.T.);
#859=ORIENTED_EDGE('',*,*,#629,.F.);
#860=ORIENTED_EDGE('',*,*,#630,.T.);
#861=ORIENTED_EDGE('',*,*,#631,.F.);
#862=ORIENTED_EDGE('',*,*,#632,.T.);
#863=ORIENTED_EDGE('',*,*,#608,.T.);
#864=ORIENTED_EDGE('',*,*,#633,.T.);
#865=ORIENTED_EDGE('',*,*,#634,.T.);
#866=ORIENTED_EDGE('',*,*,#634,.F.);
#867=ORIENTED_EDGE('',*,*,#635,.T.);
#868=ORIENTED_EDGE('',*,*,#636,.F.);
#869=ORIENTED_EDGE('',*,*,#635,.F.);
#870=ORIENTED_EDGE('',*,*,#637,.F.);
#871=ORIENTED_EDGE('',*,*,#638,.F.);
#872=ORIENTED_EDGE('',*,*,#632,.F.);
#873=ORIENTED_EDGE('',*,*,#639,.T.);
#874=ORIENTED_EDGE('',*,*,#640,.F.);
#875=ORIENTED_EDGE('',*,*,#602,.T.);
#876=ORIENTED_EDGE('',*,*,#641,.T.);
#877=ORIENTED_EDGE('',*,*,#642,.T.);
#878=ORIENTED_EDGE('',*,*,#643,.T.);
#879=ORIENTED_EDGE('',*,*,#637,.T.);
#880=ORIENTED_EDGE('',*,*,#644,.T.);
#881=ORIENTED_EDGE('',*,*,#645,.F.);
#882=ORIENTED_EDGE('',*,*,#636,.T.);
#883=ORIENTED_EDGE('',*,*,#646,.F.);
#884=ORIENTED_EDGE('',*,*,#561,.T.);
#885=ORIENTED_EDGE('',*,*,#633,.F.);
#886=ORIENTED_EDGE('',*,*,#647,.T.);
#887=ORIENTED_EDGE('',*,*,#648,.F.);
#888=ORIENTED_EDGE('',*,*,#647,.F.);
#889=ORIENTED_EDGE('',*,*,#628,.F.);
#890=ORIENTED_EDGE('',*,*,#649,.T.);
#891=ORIENTED_EDGE('',*,*,#650,.F.);
#892=ORIENTED_EDGE('',*,*,#651,.F.);
#893=ORIENTED_EDGE('',*,*,#652,.F.);
#894=ORIENTED_EDGE('',*,*,#653,.F.);
#895=ORIENTED_EDGE('',*,*,#654,.T.);
#896=ORIENTED_EDGE('',*,*,#640,.T.);
#897=ORIENTED_EDGE('',*,*,#654,.F.);
#898=ORIENTED_EDGE('',*,*,#655,.T.);
#899=ORIENTED_EDGE('',*,*,#656,.T.);
#900=ORIENTED_EDGE('',*,*,#657,.T.);
#901=ORIENTED_EDGE('',*,*,#650,.T.);
#902=ORIENTED_EDGE('',*,*,#658,.T.);
#903=ORIENTED_EDGE('',*,*,#659,.F.);
#904=ORIENTED_EDGE('',*,*,#648,.T.);
#905=ORIENTED_EDGE('',*,*,#660,.T.);
#906=ORIENTED_EDGE('',*,*,#661,.T.);
#907=ORIENTED_EDGE('',*,*,#624,.T.);
#908=ORIENTED_EDGE('',*,*,#661,.F.);
#909=ORIENTED_EDGE('',*,*,#662,.T.);
#910=ORIENTED_EDGE('',*,*,#642,.F.);
#911=ORIENTED_EDGE('',*,*,#663,.T.);
#912=ORIENTED_EDGE('',*,*,#664,.T.);
#913=ORIENTED_EDGE('',*,*,#665,.T.);
#914=ORIENTED_EDGE('',*,*,#666,.F.);
#915=ORIENTED_EDGE('',*,*,#667,.F.);
#916=ORIENTED_EDGE('',*,*,#668,.F.);
#917=ORIENTED_EDGE('',*,*,#595,.T.);
#918=ORIENTED_EDGE('',*,*,#601,.T.);
#919=ORIENTED_EDGE('',*,*,#669,.T.);
#920=ORIENTED_EDGE('',*,*,#670,.T.);
#921=ORIENTED_EDGE('',*,*,#592,.T.);
#922=ORIENTED_EDGE('',*,*,#590,.F.);
#923=ORIENTED_EDGE('',*,*,#671,.F.);
#924=ORIENTED_EDGE('',*,*,#672,.F.);
#925=ORIENTED_EDGE('',*,*,#663,.F.);
#926=ORIENTED_EDGE('',*,*,#641,.F.);
#927=ORIENTED_EDGE('',*,*,#673,.F.);
#928=ORIENTED_EDGE('',*,*,#674,.T.);
#929=ORIENTED_EDGE('',*,*,#675,.F.);
#930=ORIENTED_EDGE('',*,*,#593,.T.);
#931=ORIENTED_EDGE('',*,*,#670,.F.);
#932=ORIENTED_EDGE('',*,*,#676,.T.);
#933=ORIENTED_EDGE('',*,*,#577,.T.);
#934=ORIENTED_EDGE('',*,*,#677,.T.);
#935=ORIENTED_EDGE('',*,*,#599,.F.);
#936=ORIENTED_EDGE('',*,*,#678,.F.);
#937=ORIENTED_EDGE('',*,*,#597,.T.);
#938=ORIENTED_EDGE('',*,*,#589,.T.);
#939=ORIENTED_EDGE('',*,*,#596,.T.);
#940=ORIENTED_EDGE('',*,*,#668,.T.);
#941=ORIENTED_EDGE('',*,*,#679,.F.);
#942=ORIENTED_EDGE('',*,*,#680,.F.);
#943=ORIENTED_EDGE('',*,*,#660,.F.);
#944=ORIENTED_EDGE('',*,*,#681,.T.);
#945=ORIENTED_EDGE('',*,*,#682,.T.);
#946=ORIENTED_EDGE('',*,*,#683,.T.);
#947=ORIENTED_EDGE('',*,*,#684,.T.);
#948=ORIENTED_EDGE('',*,*,#685,.T.);
#949=ORIENTED_EDGE('',*,*,#681,.F.);
#950=ORIENTED_EDGE('',*,*,#630,.F.);
#951=ORIENTED_EDGE('',*,*,#686,.T.);
#952=ORIENTED_EDGE('',*,*,#687,.F.);
#953=ORIENTED_EDGE('',*,*,#688,.F.);
#954=ORIENTED_EDGE('',*,*,#576,.T.);
#955=ORIENTED_EDGE('',*,*,#558,.T.);
#956=ORIENTED_EDGE('',*,*,#689,.F.);
#957=ORIENTED_EDGE('',*,*,#676,.F.);
#958=ORIENTED_EDGE('',*,*,#669,.F.);
#959=ORIENTED_EDGE('',*,*,#600,.F.);
#960=ORIENTED_EDGE('',*,*,#677,.F.);
#961=ORIENTED_EDGE('',*,*,#658,.F.);
#962=ORIENTED_EDGE('',*,*,#649,.F.);
#963=ORIENTED_EDGE('',*,*,#627,.T.);
#964=ORIENTED_EDGE('',*,*,#564,.T.);
#965=ORIENTED_EDGE('',*,*,#690,.F.);
#966=ORIENTED_EDGE('',*,*,#691,.F.);
#967=ORIENTED_EDGE('',*,*,#692,.T.);
#968=ORIENTED_EDGE('',*,*,#693,.T.);
#969=ORIENTED_EDGE('',*,*,#652,.T.);
#970=ORIENTED_EDGE('',*,*,#653,.T.);
#971=ORIENTED_EDGE('',*,*,#693,.F.);
#972=ORIENTED_EDGE('',*,*,#694,.T.);
#973=ORIENTED_EDGE('',*,*,#662,.F.);
#974=ORIENTED_EDGE('',*,*,#695,.T.);
#975=ORIENTED_EDGE('',*,*,#566,.F.);
#976=ORIENTED_EDGE('',*,*,#626,.T.);
#977=ORIENTED_EDGE('',*,*,#638,.T.);
#978=ORIENTED_EDGE('',*,*,#643,.F.);
#979=ORIENTED_EDGE('',*,*,#696,.T.);
#980=ORIENTED_EDGE('',*,*,#656,.F.);
#981=ORIENTED_EDGE('',*,*,#697,.T.);
#982=ORIENTED_EDGE('',*,*,#698,.T.);
#983=ORIENTED_EDGE('',*,*,#699,.T.);
#984=ORIENTED_EDGE('',*,*,#644,.F.);
#985=ORIENTED_EDGE('',*,*,#639,.F.);
#986=ORIENTED_EDGE('',*,*,#631,.T.);
#987=ORIENTED_EDGE('',*,*,#688,.T.);
#988=ORIENTED_EDGE('',*,*,#700,.F.);
#989=ORIENTED_EDGE('',*,*,#701,.F.);
#990=ORIENTED_EDGE('',*,*,#702,.F.);
#991=ORIENTED_EDGE('',*,*,#703,.T.);
#992=ORIENTED_EDGE('',*,*,#694,.F.);
#993=ORIENTED_EDGE('',*,*,#692,.F.);
#994=ORIENTED_EDGE('',*,*,#703,.F.);
#995=ORIENTED_EDGE('',*,*,#557,.F.);
#996=ORIENTED_EDGE('',*,*,#704,.F.);
#997=ORIENTED_EDGE('',*,*,#705,.F.);
#998=ORIENTED_EDGE('',*,*,#562,.F.);
#999=ORIENTED_EDGE('',*,*,#646,.T.);
#1000=ORIENTED_EDGE('',*,*,#568,.F.);
#1001=ORIENTED_EDGE('',*,*,#706,.F.);
#1002=ORIENTED_EDGE('',*,*,#707,.F.);
#1003=ORIENTED_EDGE('',*,*,#666,.T.);
#1004=ORIENTED_EDGE('',*,*,#594,.F.);
#1005=ORIENTED_EDGE('',*,*,#675,.T.);
#1006=ORIENTED_EDGE('',*,*,#689,.T.);
#1007=ORIENTED_EDGE('',*,*,#708,.F.);
#1008=ORIENTED_EDGE('',*,*,#709,.F.);
#1009=ORIENTED_EDGE('',*,*,#697,.F.);
#1010=ORIENTED_EDGE('',*,*,#655,.F.);
#1011=ORIENTED_EDGE('',*,*,#710,.F.);
#1012=ORIENTED_EDGE('',*,*,#711,.T.);
#1013=ORIENTED_EDGE('',*,*,#691,.T.);
#1014=ORIENTED_EDGE('',*,*,#712,.T.);
#1015=ORIENTED_EDGE('',*,*,#713,.T.);
#1016=ORIENTED_EDGE('',*,*,#710,.T.);
#1017=ORIENTED_EDGE('',*,*,#659,.T.);
#1018=ORIENTED_EDGE('',*,*,#696,.F.);
#1019=ORIENTED_EDGE('',*,*,#714,.T.);
#1020=ORIENTED_EDGE('',*,*,#686,.F.);
#1021=ORIENTED_EDGE('',*,*,#629,.T.);
#1022=ORIENTED_EDGE('',*,*,#651,.T.);
#1023=ORIENTED_EDGE('',*,*,#657,.F.);
#1024=ORIENTED_EDGE('',*,*,#705,.T.);
#1025=ORIENTED_EDGE('',*,*,#715,.T.);
#1026=ORIENTED_EDGE('',*,*,#712,.F.);
#1027=ORIENTED_EDGE('',*,*,#690,.T.);
#1028=ORIENTED_EDGE('',*,*,#563,.T.);
#1029=ORIENTED_EDGE('',*,*,#702,.T.);
#1030=ORIENTED_EDGE('',*,*,#716,.T.);
#1031=ORIENTED_EDGE('',*,*,#581,.T.);
#1032=ORIENTED_EDGE('',*,*,#716,.F.);
#1033=ORIENTED_EDGE('',*,*,#701,.T.);
#1034=ORIENTED_EDGE('',*,*,#717,.T.);
#1035=ORIENTED_EDGE('',*,*,#718,.T.);
#1036=ORIENTED_EDGE('',*,*,#673,.T.);
#1037=ORIENTED_EDGE('',*,*,#645,.T.);
#1038=ORIENTED_EDGE('',*,*,#706,.T.);
#1039=ORIENTED_EDGE('',*,*,#567,.F.);
#1040=ORIENTED_EDGE('',*,*,#695,.F.);
#1041=ORIENTED_EDGE('',*,*,#665,.F.);
#1042=ORIENTED_EDGE('',*,*,#719,.T.);
#1043=ORIENTED_EDGE('',*,*,#699,.F.);
#1044=ORIENTED_EDGE('',*,*,#720,.T.);
#1045=ORIENTED_EDGE('',*,*,#717,.F.);
#1046=ORIENTED_EDGE('',*,*,#700,.T.);
#1047=ORIENTED_EDGE('',*,*,#687,.T.);
#1048=ORIENTED_EDGE('',*,*,#714,.F.);
#1049=ORIENTED_EDGE('',*,*,#721,.F.);
#1050=ORIENTED_EDGE('',*,*,#671,.T.);
#1051=ORIENTED_EDGE('',*,*,#722,.F.);
#1052=ORIENTED_EDGE('',*,*,#708,.T.);
#1053=ORIENTED_EDGE('',*,*,#578,.T.);
#1054=ORIENTED_EDGE('',*,*,#678,.T.);
#1055=ORIENTED_EDGE('',*,*,#598,.F.);
#1056=ORIENTED_EDGE('',*,*,#680,.T.);
#1057=ORIENTED_EDGE('',*,*,#723,.T.);
#1058=ORIENTED_EDGE('',*,*,#724,.T.);
#1059=ORIENTED_EDGE('',*,*,#725,.F.);
#1060=ORIENTED_EDGE('',*,*,#726,.F.);
#1061=ORIENTED_EDGE('',*,*,#684,.F.);
#1062=ORIENTED_EDGE('',*,*,#727,.T.);
#1063=ORIENTED_EDGE('',*,*,#725,.T.);
#1064=ORIENTED_EDGE('',*,*,#579,.T.);
#1065=ORIENTED_EDGE('',*,*,#728,.T.);
#1066=ORIENTED_EDGE('',*,*,#707,.T.);
#1067=ORIENTED_EDGE('',*,*,#719,.F.);
#1068=ORIENTED_EDGE('',*,*,#664,.F.);
#1069=ORIENTED_EDGE('',*,*,#672,.T.);
#1070=ORIENTED_EDGE('',*,*,#721,.T.);
#1071=ORIENTED_EDGE('',*,*,#674,.F.);
#1072=ORIENTED_EDGE('',*,*,#718,.F.);
#1073=ORIENTED_EDGE('',*,*,#720,.F.);
#1074=ORIENTED_EDGE('',*,*,#698,.F.);
#1075=ORIENTED_EDGE('',*,*,#709,.T.);
#1076=ORIENTED_EDGE('',*,*,#722,.T.);
#1077=ORIENTED_EDGE('',*,*,#711,.F.);
#1078=ORIENTED_EDGE('',*,*,#713,.F.);
#1079=ORIENTED_EDGE('',*,*,#715,.F.);
#1080=ORIENTED_EDGE('',*,*,#704,.T.);
#1081=ORIENTED_EDGE('',*,*,#560,.T.);
#1082=ORIENTED_EDGE('',*,*,#729,.F.);
#1083=ORIENTED_EDGE('',*,*,#682,.F.);
#1084=ORIENTED_EDGE('',*,*,#685,.F.);
#1085=ORIENTED_EDGE('',*,*,#728,.F.);
#1086=ORIENTED_EDGE('',*,*,#723,.F.);
#1087=ORIENTED_EDGE('',*,*,#679,.T.);
#1088=ORIENTED_EDGE('',*,*,#667,.T.);
#1089=ORIENTED_EDGE('',*,*,#726,.T.);
#1090=ORIENTED_EDGE('',*,*,#727,.F.);
#1091=ORIENTED_EDGE('',*,*,#683,.F.);
#1092=ORIENTED_EDGE('',*,*,#729,.T.);
#1093=ORIENTED_EDGE('',*,*,#575,.T.);
#1094=ORIENTED_EDGE('',*,*,#724,.F.);
#1095=ORIENTED_EDGE('',*,*,#580,.F.);
#1096=TOROIDAL_SURFACE('',#1191,22.2064036164908,0.95);
#1097=TOROIDAL_SURFACE('',#1199,22.2064036164908,0.95);
#1098=TOROIDAL_SURFACE('',#1247,22.95,1.);
#1099=TOROIDAL_SURFACE('',#1250,23.9504266106703,1.25);
#1100=TOROIDAL_SURFACE('',#1254,22.95,1.);
#1101=TOROIDAL_SURFACE('',#1285,21.1652460027913,16.5);
#1102=TOROIDAL_SURFACE('',#1293,20.45,3.5);
#1103=TOROIDAL_SURFACE('',#1299,20.8994949366117,7.);
#1104=TOROIDAL_SURFACE('',#1306,20.8994949366117,7.);
#1105=TOROIDAL_SURFACE('',#1307,28.6084219063992,7.5);
#1106=TOROIDAL_SURFACE('',#1314,7.65,2.25);
#1107=TOROIDAL_SURFACE('',#1322,30.,20.);
#1108=ADVANCED_FACE('',(#197),#1096,.F.);
#1109=ADVANCED_FACE('',(#198),#167,.F.);
#1110=ADVANCED_FACE('',(#199),#1097,.F.);
#1111=ADVANCED_FACE('',(#200),#168,.T.);
#1112=ADVANCED_FACE('',(#201),#169,.T.);
#1113=ADVANCED_FACE('',(#202),#170,.T.);
#1114=ADVANCED_FACE('',(#203),#42,.F.);
#1115=ADVANCED_FACE('',(#204),#171,.F.);
#1116=ADVANCED_FACE('',(#205,#26,#27),#35,.F.);
#1117=ADVANCED_FACE('',(#206),#24,.T.);
#1118=ADVANCED_FACE('',(#207),#172,.F.);
#1119=ADVANCED_FACE('',(#208),#25,.T.);
#1120=ADVANCED_FACE('',(#209),#173,.F.);
#1121=ADVANCED_FACE('',(#210),#36,.T.);
#1122=ADVANCED_FACE('',(#211),#174,.F.);
#1123=ADVANCED_FACE('',(#212),#19,.T.);
#1124=ADVANCED_FACE('',(#213,#28),#37,.F.);
#1125=ADVANCED_FACE('',(#214),#43,.T.);
#1126=ADVANCED_FACE('',(#215),#175,.T.);
#1127=ADVANCED_FACE('',(#216),#1098,.T.);
#1128=ADVANCED_FACE('',(#217),#1099,.F.);
#1129=ADVANCED_FACE('',(#218),#1100,.T.);
#1130=ADVANCED_FACE('',(#219),#176,.T.);
#1131=ADVANCED_FACE('',(#220,#29,#30,#31),#38,.F.);
#1132=ADVANCED_FACE('',(#221),#177,.F.);
#1133=ADVANCED_FACE('',(#222),#178,.T.);
#1134=ADVANCED_FACE('',(#223,#32),#39,.T.);
#1135=ADVANCED_FACE('',(#224,#33),#40,.F.);
#1136=ADVANCED_FACE('',(#225),#179,.T.);
#1137=ADVANCED_FACE('',(#226),#180,.F.);
#1138=ADVANCED_FACE('',(#227),#181,.T.);
#1139=ADVANCED_FACE('',(#228),#1101,.T.);
#1140=ADVANCED_FACE('',(#229,#34),#41,.F.);
#1141=ADVANCED_FACE('',(#230),#1102,.T.);
#1142=ADVANCED_FACE('',(#231),#20,.F.);
#1143=ADVANCED_FACE('',(#232),#44,.T.);
#1144=ADVANCED_FACE('',(#233),#1103,.F.);
#1145=ADVANCED_FACE('',(#234),#182,.F.);
#1146=ADVANCED_FACE('',(#235),#45,.T.);
#1147=ADVANCED_FACE('',(#236),#183,.T.);
#1148=ADVANCED_FACE('',(#237),#1104,.F.);
#1149=ADVANCED_FACE('',(#238),#1105,.F.);
#1150=ADVANCED_FACE('',(#239),#184,.T.);
#1151=ADVANCED_FACE('',(#240),#185,.F.);
#1152=ADVANCED_FACE('',(#241),#186,.F.);
#1153=ADVANCED_FACE('',(#242),#1106,.F.);
#1154=ADVANCED_FACE('',(#243),#187,.F.);
#1155=ADVANCED_FACE('',(#244),#21,.F.);
#1156=ADVANCED_FACE('',(#245),#188,.F.);
#1157=ADVANCED_FACE('',(#246),#189,.F.);
#1158=ADVANCED_FACE('',(#247),#1107,.F.);
#1159=ADVANCED_FACE('',(#248),#190,.F.);
#1160=ADVANCED_FACE('',(#249),#22,.F.);
#1161=ADVANCED_FACE('',(#250),#191,.F.);
#1162=ADVANCED_FACE('',(#251),#46,.T.);
#1163=ADVANCED_FACE('',(#252),#47,.F.);
#1164=ADVANCED_FACE('',(#253),#23,.F.);
#1165=ADVANCED_FACE('',(#254),#48,.T.);
#1166=ADVANCED_FACE('',(#255),#49,.T.);
#1167=ADVANCED_FACE('',(#256),#14,.F.);
#1168=ADVANCED_FACE('',(#257),#15,.F.);
#1169=ADVANCED_FACE('',(#258),#192,.F.);
#1170=ADVANCED_FACE('',(#259),#193,.T.);
#1171=ADVANCED_FACE('',(#260),#194,.T.);
#1172=ADVANCED_FACE('',(#261),#50,.T.);
#1173=ADVANCED_FACE('',(#262),#195,.F.);
#1174=ADVANCED_FACE('',(#263),#196,.F.);
#1175=CLOSED_SHELL('',(#1108,#1109,#1110,#1111));
#1176=CLOSED_SHELL('',(#1112,#1113,#1114,#1115,#1116,#1117,#1118,#1119,
#1120,#1121,#1122,#1123,#1124,#1125,#1126,#1127,#1128,#1129,#1130,#1131,
#1132,#1133,#1134,#1135,#1136,#1137,#1138,#1139,#1140,#1141,#1142,#1143,
#1144,#1145,#1146,#1147,#1148,#1149,#1150,#1151,#1152,#1153,#1154,#1155,
#1156,#1157,#1158,#1159,#1160,#1161,#1162,#1163,#1164,#1165,#1166,#1167,
#1168,#1169,#1170,#1171,#1172,#1173,#1174));
#1177=BREP_WITH_VOIDS(
'intake manifold honda vario 150 - injector honda joint yamaha - 30.2m
m port - 38mm throttle body',#1176,(#116));
#1178=DERIVED_UNIT_ELEMENT(#1180,1.);
#1179=DERIVED_UNIT_ELEMENT(#2839,-3.);
#1180=(
MASS_UNIT()
NAMED_UNIT(*)
SI_UNIT(.KILO.,.GRAM.)
);
#1181=DERIVED_UNIT((#1178,#1179));
#1182=MEASURE_REPRESENTATION_ITEM('density measure',
POSITIVE_RATIO_MEASURE(7850.),#1181);
#1183=PROPERTY_DEFINITION_REPRESENTATION(#1188,#1185);
#1184=PROPERTY_DEFINITION_REPRESENTATION(#1189,#1186);
#1185=REPRESENTATION('material name',(#1187),#2836);
#1186=REPRESENTATION('density',(#1182),#2836);
#1187=DESCRIPTIVE_REPRESENTATION_ITEM('Steel','Steel');
#1188=PROPERTY_DEFINITION('material property','material name',#2846);
#1189=PROPERTY_DEFINITION('material property','density of part',#2846);
#1190=AXIS2_PLACEMENT_3D('',#1677,#1344,#1345);
#1191=AXIS2_PLACEMENT_3D('',#1678,#1346,#1347);
#1192=AXIS2_PLACEMENT_3D('',#1680,#1348,#1349);
#1193=AXIS2_PLACEMENT_3D('',#1682,#1350,#1351);
#1194=AXIS2_PLACEMENT_3D('',#1684,#1352,#1353);
#1195=AXIS2_PLACEMENT_3D('',#1685,#1354,#1355);
#1196=AXIS2_PLACEMENT_3D('',#1686,#1356,#1357);
#1197=AXIS2_PLACEMENT_3D('',#1689,#1358,#1359);
#1198=AXIS2_PLACEMENT_3D('',#1690,#1360,#1361);
#1199=AXIS2_PLACEMENT_3D('',#1692,#1363,#1364);
#1200=AXIS2_PLACEMENT_3D('',#1694,#1365,#1366);
#1201=AXIS2_PLACEMENT_3D('',#1695,#1367,#1368);
#1202=AXIS2_PLACEMENT_3D('',#1696,#1369,#1370);
#1203=AXIS2_PLACEMENT_3D('',#1698,#1372,#1373);
#1204=AXIS2_PLACEMENT_3D('',#1701,#1374,#1375);
#1205=AXIS2_PLACEMENT_3D('',#1705,#1377,#1378);
#1206=AXIS2_PLACEMENT_3D('',#1714,#1379,#1380);
#1207=AXIS2_PLACEMENT_3D('',#1747,#1382,#1383);
#1208=AXIS2_PLACEMENT_3D('',#1766,#1385,#1386);
#1209=AXIS2_PLACEMENT_3D('',#1768,#1387,#1388);
#1210=AXIS2_PLACEMENT_3D('',#1771,#1390,#1391);
#1211=AXIS2_PLACEMENT_3D('',#1772,#1392,#1393);
#1212=AXIS2_PLACEMENT_3D('',#1776,#1395,#1396);
#1213=AXIS2_PLACEMENT_3D('',#1777,#1397,#1398);
#1214=AXIS2_PLACEMENT_3D('',#1778,#1399,#1400);
#1215=AXIS2_PLACEMENT_3D('',#1780,#1401,#1402);
#1216=AXIS2_PLACEMENT_3D('',#1782,#1403,#1404);
#1217=AXIS2_PLACEMENT_3D('',#1784,#1405,#1406);
#1218=AXIS2_PLACEMENT_3D('',#1786,#1407,#1408);
#1219=AXIS2_PLACEMENT_3D('',#1788,#1409,#1410);
#1220=AXIS2_PLACEMENT_3D('',#1789,#1411,#1412);
#1221=AXIS2_PLACEMENT_3D('',#1791,#1413,#1414);
#1222=AXIS2_PLACEMENT_3D('',#1821,#1415,#1416);
#1223=AXIS2_PLACEMENT_3D('',#1822,#1417,#1418);
#1224=AXIS2_PLACEMENT_3D('',#1823,#1419,#1420);
#1225=AXIS2_PLACEMENT_3D('',#1824,#1421,#1422);
#1226=AXIS2_PLACEMENT_3D('',#1828,#1424,#1425);
#1227=AXIS2_PLACEMENT_3D('',#1830,#1426,#1427);
#1228=AXIS2_PLACEMENT_3D('',#1831,#1428,#1429);
#1229=AXIS2_PLACEMENT_3D('',#1875,#1430,#1431);
#1230=AXIS2_PLACEMENT_3D('',#1876,#1432,#1433);
#1231=AXIS2_PLACEMENT_3D('',#1911,#1434,#1435);
#1232=AXIS2_PLACEMENT_3D('',#1913,#1436,#1437);
#1233=AXIS2_PLACEMENT_3D('',#1915,#1438,#1439);
#1234=AXIS2_PLACEMENT_3D('',#1917,#1440,#1441);
#1235=AXIS2_PLACEMENT_3D('',#1919,#1442,#1443);
#1236=AXIS2_PLACEMENT_3D('',#1920,#1444,#1445);
#1237=AXIS2_PLACEMENT_3D('',#1921,#1446,#1447);
#1238=AXIS2_PLACEMENT_3D('',#1923,#1448,#1449);
#1239=AXIS2_PLACEMENT_3D('',#2045,#1451,#1452);
#1240=AXIS2_PLACEMENT_3D('',#2127,#1453,#1454);
#1241=AXIS2_PLACEMENT_3D('',#2129,#1455,#1456);
#1242=AXIS2_PLACEMENT_3D('',#2130,#1457,#1458);
#1243=AXIS2_PLACEMENT_3D('',#2132,#1459,#1460);
#1244=AXIS2_PLACEMENT_3D('',#2134,#1462,#1463);
#1245=AXIS2_PLACEMENT_3D('',#2137,#1464,#1465);
#1246=AXIS2_PLACEMENT_3D('',#2138,#1466,#1467);
#1247=AXIS2_PLACEMENT_3D('',#2140,#1469,#1470);
#1248=AXIS2_PLACEMENT_3D('',#2142,#1471,#1472);
#1249=AXIS2_PLACEMENT_3D('',#2143,#1473,#1474);
#1250=AXIS2_PLACEMENT_3D('',#2144,#1475,#1476);
#1251=AXIS2_PLACEMENT_3D('',#2146,#1477,#1478);
#1252=AXIS2_PLACEMENT_3D('',#2148,#1479,#1480);
#1253=AXIS2_PLACEMENT_3D('',#2149,#1481,#1482);
#1254=AXIS2_PLACEMENT_3D('',#2150,#1483,#1484);
#1255=AXIS2_PLACEMENT_3D('',#2152,#1485,#1486);
#1256=AXIS2_PLACEMENT_3D('',#2153,#1487,#1488);
#1257=AXIS2_PLACEMENT_3D('',#2154,#1489,#1490);
#1258=AXIS2_PLACEMENT_3D('',#2156,#1491,#1492);
#1259=AXIS2_PLACEMENT_3D('',#2158,#1494,#1495);
#1260=AXIS2_PLACEMENT_3D('',#2160,#1496,#1497);
#1261=AXIS2_PLACEMENT_3D('',#2162,#1498,#1499);
#1262=AXIS2_PLACEMENT_3D('',#2164,#1500,#1501);
#1263=AXIS2_PLACEMENT_3D('',#2166,#1502,#1503);
#1264=AXIS2_PLACEMENT_3D('',#2168,#1504,#1505);
#1265=AXIS2_PLACEMENT_3D('',#2170,#1506,#1507);
#1266=AXIS2_PLACEMENT_3D('',#2171,#1508,#1509);
#1267=AXIS2_PLACEMENT_3D('',#2173,#1510,#1511);
#1268=AXIS2_PLACEMENT_3D('',#2175,#1512,#1513);
#1269=AXIS2_PLACEMENT_3D('',#2176,#1514,#1515);
#1270=AXIS2_PLACEMENT_3D('',#2179,#1517,#1518);
#1271=AXIS2_PLACEMENT_3D('',#2180,#1519,#1520);
#1272=AXIS2_PLACEMENT_3D('',#2183,#1521,#1522);
#1273=AXIS2_PLACEMENT_3D('',#2186,#1525,#1526);
#1274=AXIS2_PLACEMENT_3D('',#2188,#1527,#1528);
#1275=AXIS2_PLACEMENT_3D('',#2189,#1529,#1530);
#1276=AXIS2_PLACEMENT_3D('',#2192,#1531,#1532);
#1277=AXIS2_PLACEMENT_3D('',#2202,#1533,#1534);
#1278=AXIS2_PLACEMENT_3D('',#2204,#1535,#1536);
#1279=AXIS2_PLACEMENT_3D('',#2213,#1537,#1538);
#1280=AXIS2_PLACEMENT_3D('',#2214,#1539,#1540);
#1281=AXIS2_PLACEMENT_3D('',#2215,#1541,#1542);
#1282=AXIS2_PLACEMENT_3D('',#2218,#1544,#1545);
#1283=AXIS2_PLACEMENT_3D('',#2219,#1546,#1547);
#1284=AXIS2_PLACEMENT_3D('',#2223,#1549,#1550);
#1285=AXIS2_PLACEMENT_3D('',#2225,#1552,#1553);
#1286=AXIS2_PLACEMENT_3D('',#2228,#1554,#1555);
#1287=AXIS2_PLACEMENT_3D('',#2229,#1556,#1557);
#1288=AXIS2_PLACEMENT_3D('',#2230,#1558,#1559);
#1289=AXIS2_PLACEMENT_3D('',#2231,#1560,#1561);
#1290=AXIS2_PLACEMENT_3D('',#2234,#1562,#1563);
#1291=AXIS2_PLACEMENT_3D('',#2242,#1564,#1565);
#1292=AXIS2_PLACEMENT_3D('',#2244,#1566,#1567);
#1293=AXIS2_PLACEMENT_3D('',#2251,#1568,#1569);
#1294=AXIS2_PLACEMENT_3D('',#2253,#1570,#1571);
#1295=AXIS2_PLACEMENT_3D('',#2254,#1572,#1573);
#1296=AXIS2_PLACEMENT_3D('',#2325,#1574,#1575);
#1297=AXIS2_PLACEMENT_3D('',#2327,#1576,#1577);
#1298=AXIS2_PLACEMENT_3D('',#2333,#1578,#1579);
#1299=AXIS2_PLACEMENT_3D('',#2334,#1580,#1581);
#1300=AXIS2_PLACEMENT_3D('',#2342,#1582,#1583);
#1301=AXIS2_PLACEMENT_3D('',#2343,#1584,#1585);
#1302=AXIS2_PLACEMENT_3D('',#2346,#1586,#1587);
#1303=AXIS2_PLACEMENT_3D('',#2361,#1588,#1589);
#1304=AXIS2_PLACEMENT_3D('',#2363,#1590,#1591);
#1305=AXIS2_PLACEMENT_3D('',#2368,#1592,#1593);
#1306=AXIS2_PLACEMENT_3D('',#2371,#1596,#1597);
#1307=AXIS2_PLACEMENT_3D('',#2389,#1598,#1599);
#1308=AXIS2_PLACEMENT_3D('',#2391,#1600,#1601);
#1309=AXIS2_PLACEMENT_3D('',#2393,#1602,#1603);
#1310=AXIS2_PLACEMENT_3D('',#2418,#1604,#1605);
#1311=AXIS2_PLACEMENT_3D('',#2419,#1606,#1607);
#1312=AXIS2_PLACEMENT_3D('',#2442,#1610,#1611);
#1313=AXIS2_PLACEMENT_3D('',#2449,#1612,#1613);
#1314=AXIS2_PLACEMENT_3D('',#2463,#1614,#1615);
#1315=AXIS2_PLACEMENT_3D('',#2466,#1616,#1617);
#1316=AXIS2_PLACEMENT_3D('',#2467,#1618,#1619);
#1317=AXIS2_PLACEMENT_3D('',#2468,#1620,#1621);
#1318=AXIS2_PLACEMENT_3D('',#2469,#1622,#1623);
#1319=AXIS2_PLACEMENT_3D('',#2539,#1624,#1625);
#1320=AXIS2_PLACEMENT_3D('',#2557,#1626,#1627);
#1321=AXIS2_PLACEMENT_3D('',#2559,#1628,#1629);
#1322=AXIS2_PLACEMENT_3D('',#2561,#1631,#1632);
#1323=AXIS2_PLACEMENT_3D('',#2604,#1633,#1634);
#1324=AXIS2_PLACEMENT_3D('',#2607,#1635,#1636);
#1325=AXIS2_PLACEMENT_3D('',#2608,#1637,#1638);
#1326=AXIS2_PLACEMENT_3D('',#2615,#1639,#1640);
#1327=AXIS2_PLACEMENT_3D('',#2664,#1641,#1642);
#1328=AXIS2_PLACEMENT_3D('',#2671,#1643,#1644);
#1329=AXIS2_PLACEMENT_3D('',#2672,#1645,#1646);
#1330=AXIS2_PLACEMENT_3D('',#2673,#1647,#1648);
#1331=AXIS2_PLACEMENT_3D('',#2723,#1650,#1651);
#1332=AXIS2_PLACEMENT_3D('',#2724,#1652,#1653);
#1333=AXIS2_PLACEMENT_3D('',#2725,#1654,#1655);
#1334=AXIS2_PLACEMENT_3D('',#2726,#1656,#1657);
#1335=AXIS2_PLACEMENT_3D('',#2727,#1658,#1659);
#1336=AXIS2_PLACEMENT_3D('',#2755,#1660,#1661);
#1337=AXIS2_PLACEMENT_3D('',#2783,#1662,#1663);
#1338=AXIS2_PLACEMENT_3D('',#2790,#1664,#1665);
#1339=AXIS2_PLACEMENT_3D('',#2802,#1666,#1667);
#1340=AXIS2_PLACEMENT_3D('',#2817,#1668,#1669);
#1341=AXIS2_PLACEMENT_3D('',#2825,#1671,#1672);
#1342=AXIS2_PLACEMENT_3D('',#2832,#1673,#1674);
#1343=AXIS2_PLACEMENT_3D('',#2833,#1675,#1676);
#1344=DIRECTION('axis',(0.,0.,1.));
#1345=DIRECTION('refdir',(1.,0.,0.));
#1346=DIRECTION('center_axis',(0.,0.,-1.));
#1347=DIRECTION('ref_axis',(-1.,-1.19861339762893E-16,0.));
#1348=DIRECTION('center_axis',(0.,0.,1.));
#1349=DIRECTION('ref_axis',(-1.,0.,0.));
#1350=DIRECTION('center_axis',(2.99653349407233E-18,1.,0.));
#1351=DIRECTION('ref_axis',(1.,-2.99653349407233E-18,0.));
#1352=DIRECTION('center_axis',(0.,0.,-1.));
#1353=DIRECTION('ref_axis',(-1.,-1.20781990724615E-16,0.));
#1354=DIRECTION('center_axis',(0.,0.,-1.));
#1355=DIRECTION('ref_axis',(-1.,-1.20781990724615E-16,0.));
#1356=DIRECTION('center_axis',(0.,0.,-1.));
#1357=DIRECTION('ref_axis',(-1.,0.,0.));
#1358=DIRECTION('center_axis',(0.,0.,-1.));
#1359=DIRECTION('ref_axis',(-1.,0.,0.));
#1360=DIRECTION('center_axis',(0.,0.,-1.));
#1361=DIRECTION('ref_axis',(-1.,0.,0.));
#1362=DIRECTION('',(0.,0.,-1.));
#1363=DIRECTION('center_axis',(0.,0.,1.));
#1364=DIRECTION('ref_axis',(1.,1.29450246943925E-16,0.));
#1365=DIRECTION('center_axis',(-2.51708813502076E-16,1.,0.));
#1366=DIRECTION('ref_axis',(-1.,-2.51708813502076E-16,0.));
#1367=DIRECTION('center_axis',(0.,0.,1.));
#1368=DIRECTION('ref_axis',(1.,1.2731074698E-16,0.));
#1369=DIRECTION('center_axis',(0.,0.,1.));
#1370=DIRECTION('ref_axis',(1.,0.,0.));
#1371=DIRECTION('',(0.,0.,-1.));
#1372=DIRECTION('center_axis',(0.557744599670699,-4.15704633047907E-6,-0.830012627326169));
#1373=DIRECTION('ref_axis',(0.566451110699867,0.730924069625259,0.380635184434305));
#1374=DIRECTION('center_axis',(0.557744599670699,-4.15704633047907E-6,-0.830012627326169));
#1375=DIRECTION('ref_axis',(0.566451110699867,0.730924069625259,0.380635184434305));
#1376=DIRECTION('',(0.557744599670699,-4.15704633047907E-6,-0.830012627326169));
#1377=DIRECTION('center_axis',(0.557744599670699,-4.15704633048969E-6,-0.830012627326169));
#1378=DIRECTION('ref_axis',(0.566451110699867,0.730924069625259,0.380635184434305));
#1379=DIRECTION('center_axis',(0.,0.,1.));
#1380=DIRECTION('ref_axis',(-0.563938327776087,-0.825816906139073,0.));
#1381=DIRECTION('',(0.,0.,1.));
#1382=DIRECTION('center_axis',(0.,0.,-1.));
#1383=DIRECTION('ref_axis',(-0.563938327776087,-0.825816906139073,0.));
#1384=DIRECTION('',(0.,0.,1.));
#1385=DIRECTION('center_axis',(-0.5577445996707,4.15704632938965E-6,0.830012627326169));
#1386=DIRECTION('ref_axis',(-7.45331524946437E-6,-0.999999999972224,-9.13051118679774E-16));
#1387=DIRECTION('center_axis',(0.557744599670699,-4.15704633048969E-6,-0.830012627326169));
#1388=DIRECTION('ref_axis',(-7.45331525007791E-6,-0.999999999972224,2.96461531539005E-21));
#1389=DIRECTION('',(-0.394379718307562,0.707109720642576,0.586907557252781));
#1390=DIRECTION('center_axis',(-0.557744599670699,4.15704633048969E-6,0.830012627326169));
#1391=DIRECTION('ref_axis',(-7.45331525007792E-6,-0.999999999972224,-4.2351647362715E-22));
#1392=DIRECTION('center_axis',(0.557744599670699,-4.15704633002382E-6,-0.830012627326169));
#1393=DIRECTION('ref_axis',(-7.45331524981808E-6,-0.999999999972224,-3.86679857784008E-16));
#1394=DIRECTION('',(0.557744599670699,-4.15704633002382E-6,-0.830012627326169));
#1395=DIRECTION('center_axis',(-0.557744599670699,4.15704633048969E-6,0.830012627326169));
#1396=DIRECTION('ref_axis',(-7.45331525007792E-6,-0.999999999972224,-8.470329472543E-22));
#1397=DIRECTION('center_axis',(-0.557744599670699,4.15704633048969E-6,0.830012627326169));
#1398=DIRECTION('ref_axis',(-7.45331525007792E-6,-0.999999999972224,-8.470329472543E-22));
#1399=DIRECTION('center_axis',(0.557744599670699,-4.15704633048969E-6,-0.830012627326169));
#1400=DIRECTION('ref_axis',(7.37636867724443E-6,-0.999999999923143,9.9651208340389E-6));
#1401=DIRECTION('center_axis',(0.557744599670699,-4.15704633048969E-6,-0.830012627326169));
#1402=DIRECTION('ref_axis',(0.566451110699867,0.730924069625259,0.380635184434305));
#1403=DIRECTION('center_axis',(-0.557744599670699,4.15704633048969E-6,0.830012627326169));
#1404=DIRECTION('ref_axis',(-0.810590074362346,-0.215067941273371,-0.544692125867154));
#1405=DIRECTION('center_axis',(0.557744599670699,-4.15704633048969E-6,-0.830012627326169));
#1406=DIRECTION('ref_axis',(7.37636867724443E-6,-0.999999999923143,9.9651208340389E-6));
#1407=DIRECTION('center_axis',(-0.557744599670699,4.15704633048969E-6,0.830012627326169));
#1408=DIRECTION('ref_axis',(0.811543939240382,-0.209775901361425,0.54533522340869));
#1409=DIRECTION('center_axis',(-0.557744599670699,4.15704633048969E-6,0.830012627326169));
#1410=DIRECTION('ref_axis',(0.811543939240382,-0.209775901361425,0.54533522340869));
#1411=DIRECTION('center_axis',(-0.557744599670699,4.15704633049277E-6,0.830012627326169));
#1412=DIRECTION('ref_axis',(0.805847489676442,-0.239540031457398,0.541507522303767));
#1413=DIRECTION('center_axis',(-0.557744599670699,4.15704633048969E-6,0.830012627326169));
#1414=DIRECTION('ref_axis',(-7.45331525007792E-6,-0.999999999972224,-1.27054942088145E-21));
#1415=DIRECTION('center_axis',(0.557744599670699,-4.15704632875245E-6,-0.830012627326169));
#1416=DIRECTION('ref_axis',(-7.45331525088454E-6,-0.999999999972224,-2.63505470088766E-15));
#1417=DIRECTION('center_axis',(-2.31857010961603E-6,-0.999999999991359,
3.45040089936939E-6));
#1418=DIRECTION('ref_axis',(0.830012627333325,0.,0.557744599675543));
#1419=DIRECTION('center_axis',(0.557744599670699,-4.15704632875245E-6,-0.830012627326169));
#1420=DIRECTION('ref_axis',(-7.45331525088454E-6,-0.999999999972224,-2.63505470088766E-15));
#1421=DIRECTION('center_axis',(0.557744599670699,-4.15704633034102E-6,-0.830012627326169));
#1422=DIRECTION('ref_axis',(-7.453315249995E-6,-0.999999999972224,-1.23399994920743E-16));
#1423=DIRECTION('',(0.557744599670699,-4.15704633034102E-6,-0.830012627326169));
#1424=DIRECTION('center_axis',(-0.557744599670699,4.15704633048969E-6,0.830012627326169));
#1425=DIRECTION('ref_axis',(-7.45331525007792E-6,-0.999999999972224,-8.47032947254301E-22));
#1426=DIRECTION('center_axis',(-0.557744599670699,4.15704633048969E-6,0.830012627326169));
#1427=DIRECTION('ref_axis',(-7.45331525007792E-6,-0.999999999972224,-8.47032947254301E-22));
#1428=DIRECTION('center_axis',(-0.557744599670699,4.15704633048969E-6,0.830012627326169));
#1429=DIRECTION('ref_axis',(-7.45331525007792E-6,-0.999999999972224,-8.47032947254301E-22));
#1430=DIRECTION('center_axis',(0.557744599670699,-4.15704632879555E-6,-0.830012627326169));
#1431=DIRECTION('ref_axis',(0.0198804332666319,-0.999713043617044,0.01336408601728));
#1432=DIRECTION('center_axis',(-0.557744599670699,4.15704633037627E-6,0.830012627326169));
#1433=DIRECTION('ref_axis',(7.45331525001466E-6,0.999999999972224,9.41409358237374E-17));
#1434=DIRECTION('center_axis',(0.557744599670699,-4.15704633048969E-6,-0.830012627326169));
#1435=DIRECTION('ref_axis',(7.37636867724443E-6,-0.999999999923143,9.9651208340389E-6));
#1436=DIRECTION('center_axis',(0.557744599670699,-4.15704633048969E-6,-0.830012627326169));
#1437=DIRECTION('ref_axis',(0.295920851741987,-0.934284511343449,0.198854975718563));
#1438=DIRECTION('center_axis',(-0.557744599670699,4.15704633048969E-6,0.830012627326169));
#1439=DIRECTION('ref_axis',(0.811543939240382,-0.209775901361425,0.54533522340869));
#1440=DIRECTION('center_axis',(0.557744599670699,-4.15704633048969E-6,-0.830012627326169));
#1441=DIRECTION('ref_axis',(7.37636867724442E-6,-0.999999999923143,9.9651208340389E-6));
#1442=DIRECTION('center_axis',(-0.557744599670699,4.15704633048969E-6,0.830012627326169));
#1443=DIRECTION('ref_axis',(-0.810590074362346,-0.215067941273371,-0.544692125867154));
#1444=DIRECTION('center_axis',(0.557744599670699,-4.15704633048969E-6,-0.830012627326169));
#1445=DIRECTION('ref_axis',(-0.269784633208645,-0.945702282859455,-0.181282773254639));
#1446=DIRECTION('center_axis',(0.557744599670699,-4.15704633048656E-6,-0.830012627326169));
#1447=DIRECTION('ref_axis',(-7.45331525007617E-6,-0.999999999972224,-2.59785004922894E-18));
#1448=DIRECTION('center_axis',(0.557744599670699,-4.15704633048969E-6,-0.830012627326169));
#1449=DIRECTION('ref_axis',(-7.45331525007792E-6,-0.999999999972224,-4.2351647362715E-22));
#1450=DIRECTION('',(0.557744599670699,-4.15704633048656E-6,-0.830012627326169));
#1451=DIRECTION('center_axis',(-0.10834790137877,0.994113037972451,-1.56305716319805E-15));
#1452=DIRECTION('ref_axis',(0.991168447972427,0.108026971932382,-0.0769108645059419));
#1453=DIRECTION('center_axis',(0.,0.,-1.));
#1454=DIRECTION('ref_axis',(-1.,0.,0.));
#1455=DIRECTION('center_axis',(0.,0.,-1.));
#1456=DIRECTION('ref_axis',(-1.,0.,0.));
#1457=DIRECTION('center_axis',(0.,0.,-1.));
#1458=DIRECTION('ref_axis',(-1.,0.,0.));
#1459=DIRECTION('center_axis',(0.,0.,1.));
#1460=DIRECTION('ref_axis',(-1.,0.,0.));
#1461=DIRECTION('',(-0.707106781186547,8.65956056235493E-17,0.707106781186548));
#1462=DIRECTION('center_axis',(0.,0.,-1.));
#1463=DIRECTION('ref_axis',(-1.,0.,0.));
#1464=DIRECTION('center_axis',(0.,0.,-1.));
#1465=DIRECTION('ref_axis',(-1.,0.,0.));
#1466=DIRECTION('center_axis',(0.,0.,-1.));
#1467=DIRECTION('ref_axis',(-1.,0.,0.));
#1468=DIRECTION('',(0.,0.,1.));
#1469=DIRECTION('center_axis',(0.,0.,1.));
#1470=DIRECTION('ref_axis',(1.,0.,0.));
#1471=DIRECTION('center_axis',(1.2168415196831E-16,-1.,0.));
#1472=DIRECTION('ref_axis',(-1.,-1.2168415196831E-16,0.));
#1473=DIRECTION('center_axis',(0.,0.,1.));
#1474=DIRECTION('ref_axis',(-1.,0.,0.));
#1475=DIRECTION('center_axis',(0.,0.,1.));
#1476=DIRECTION('ref_axis',(1.,0.,0.));
#1477=DIRECTION('center_axis',(-1.21153239383116E-16,1.,0.));
#1478=DIRECTION('ref_axis',(-1.,-1.21153239383116E-16,0.));
#1479=DIRECTION('center_axis',(0.,0.,-1.));
#1480=DIRECTION('ref_axis',(-1.,0.,0.));
#1481=DIRECTION('center_axis',(0.,0.,-1.));
#1482=DIRECTION('ref_axis',(-1.,0.,0.));
#1483=DIRECTION('center_axis',(0.,0.,-1.));
#1484=DIRECTION('ref_axis',(-1.,0.,0.));
#1485=DIRECTION('center_axis',(0.,0.,1.));
#1486=DIRECTION('ref_axis',(-1.,0.,0.));
#1487=DIRECTION('center_axis',(-1.2168415196831E-16,-1.,0.));
#1488=DIRECTION('ref_axis',(1.,-1.2168415196831E-16,0.));
#1489=DIRECTION('center_axis',(0.,0.,-1.));
#1490=DIRECTION('ref_axis',(-1.,0.,0.));
#1491=DIRECTION('center_axis',(0.,0.,-1.));
#1492=DIRECTION('ref_axis',(-1.,0.,0.));
#1493=DIRECTION('',(0.,0.,1.));
#1494=DIRECTION('center_axis',(0.,0.,1.));
#1495=DIRECTION('ref_axis',(1.,0.,0.));
#1496=DIRECTION('center_axis',(0.,0.,-1.));
#1497=DIRECTION('ref_axis',(0.563938327776085,0.825816906139074,0.));
#1498=DIRECTION('center_axis',(0.,0.,-1.));
#1499=DIRECTION('ref_axis',(0.801367815895425,-0.598171901418812,0.));
#1500=DIRECTION('center_axis',(-4.47799126920346E-8,3.34254570611027E-8,
-0.999999999999998));
#1501=DIRECTION('ref_axis',(-0.801367815895429,0.598171901418804,5.58793500360362E-8));
#1502=DIRECTION('center_axis',(0.,0.,-1.));
#1503=DIRECTION('ref_axis',(-0.593667986660781,-0.804710085443282,0.));
#1504=DIRECTION('center_axis',(0.,0.,-1.));
#1505=DIRECTION('ref_axis',(0.593667986660781,0.804710085443282,0.));
#1506=DIRECTION('center_axis',(0.,0.,-1.));
#1507=DIRECTION('ref_axis',(-0.916990344370503,0.398909398649952,0.));
#1508=DIRECTION('center_axis',(4.39207066566358E-8,-1.91063982169924E-8,
-0.999999999999999));
#1509=DIRECTION('ref_axis',(0.9169903443705,-0.398909398649957,4.78965857451712E-8));
#1510=DIRECTION('center_axis',(0.,0.,1.));
#1511=DIRECTION('ref_axis',(1.,0.,0.));
#1512=DIRECTION('center_axis',(0.,0.,1.));
#1513=DIRECTION('ref_axis',(1.,0.,0.));
#1514=DIRECTION('center_axis',(0.,0.,1.));
#1515=DIRECTION('ref_axis',(1.,0.,0.));
#1516=DIRECTION('',(0.,0.,1.));
#1517=DIRECTION('center_axis',(0.,0.,-1.));
#1518=DIRECTION('ref_axis',(1.,0.,0.));
#1519=DIRECTION('center_axis',(0.,0.,1.));
#1520=DIRECTION('ref_axis',(0.916990344370501,-0.398909398649957,0.));
#1521=DIRECTION('center_axis',(-4.39207066566358E-8,1.91063982169924E-8,
0.999999999999999));
#1522=DIRECTION('ref_axis',(0.9169903443705,-0.398909398649957,4.78965857451712E-8));
#1523=DIRECTION('',(0.,0.,1.));
#1524=DIRECTION('',(0.,0.,1.));
#1525=DIRECTION('center_axis',(-0.557744599670699,4.15704633048969E-6,0.830012627326169));
#1526=DIRECTION('ref_axis',(-7.45331525007792E-6,-0.999999999972224,-8.47032947254301E-22));
#1527=DIRECTION('center_axis',(0.557744599670699,-4.15704633048969E-6,-0.830012627326169));
#1528=DIRECTION('ref_axis',(-7.45331525007792E-6,-0.999999999972224,-8.47032947254301E-22));
#1529=DIRECTION('center_axis',(0.,0.,-1.));
#1530=DIRECTION('ref_axis',(1.,0.,0.));
#1531=DIRECTION('center_axis',(0.,0.,1.));
#1532=DIRECTION('ref_axis',(-1.,0.,0.));
#1533=DIRECTION('center_axis',(0.,0.,-1.));
#1534=DIRECTION('ref_axis',(0.563938327776085,0.825816906139074,0.));
#1535=DIRECTION('center_axis',(0.,0.,-1.));
#1536=DIRECTION('ref_axis',(-0.916990344370503,0.398909398649952,0.));
#1537=DIRECTION('center_axis',(0.557744599670699,-4.15704633049962E-6,-0.830012627326169));
#1538=DIRECTION('ref_axis',(-0.829593959667535,0.0317551672819543,-0.557463426095413));
#1539=DIRECTION('center_axis',(-0.557744599670699,4.15704633049962E-6,0.830012627326169));
#1540=DIRECTION('ref_axis',(-0.829593959667535,0.0317551672819512,-0.557463426095412));
#1541=DIRECTION('center_axis',(0.,0.,1.));
#1542=DIRECTION('ref_axis',(1.,0.,0.));
#1543=DIRECTION('',(0.,0.,1.));
#1544=DIRECTION('center_axis',(0.,0.,-1.));
#1545=DIRECTION('ref_axis',(1.,0.,0.));
#1546=DIRECTION('center_axis',(0.,0.,1.));
#1547=DIRECTION('ref_axis',(-0.80136781589543,0.598171901418805,0.));
#1548=DIRECTION('',(0.,0.,1.));
#1549=DIRECTION('center_axis',(4.47799126920346E-8,-3.34254570611027E-8,
0.999999999999998));
#1550=DIRECTION('ref_axis',(-0.801367815895429,0.598171901418804,5.58793500360362E-8));
#1551=DIRECTION('',(0.,0.,1.));
#1552=DIRECTION('center_axis',(0.557744599670704,-4.15704633013651E-6,-0.830012627326166));
#1553=DIRECTION('ref_axis',(-7.45331525542165E-6,-0.999999999972224,-4.00874406443095E-15));
#1554=DIRECTION('center_axis',(0.557744599670699,-4.15704633049963E-6,-0.830012627326169));
#1555=DIRECTION('ref_axis',(-7.45331523714867E-6,-0.999999999972224,8.70005751333258E-15));
#1556=DIRECTION('center_axis',(0.557744599670699,-4.15704633049963E-6,-0.830012627326169));
#1557=DIRECTION('ref_axis',(-7.45331523714867E-6,-0.999999999972224,8.70005751333258E-15));
#1558=DIRECTION('center_axis',(0.830012627303112,-6.18634577978974E-6,0.557744599686196));
#1559=DIRECTION('ref_axis',(7.45331525551597E-6,0.999999999972224,4.06769618302552E-15));
#1560=DIRECTION('center_axis',(0.,0.,-1.));
#1561=DIRECTION('ref_axis',(1.,0.,0.));
#1562=DIRECTION('center_axis',(0.,0.,1.));
#1563=DIRECTION('ref_axis',(-1.,0.,0.));
#1564=DIRECTION('center_axis',(0.,0.,-1.));
#1565=DIRECTION('ref_axis',(-0.593667986660781,-0.804710085443282,0.));
#1566=DIRECTION('center_axis',(0.,0.,-1.));
#1567=DIRECTION('ref_axis',(0.801367815895425,-0.598171901418812,0.));
#1568=DIRECTION('center_axis',(0.,0.,-1.));
#1569=DIRECTION('ref_axis',(-1.,0.,0.));
#1570=DIRECTION('center_axis',(0.,0.,1.));
#1571=DIRECTION('ref_axis',(-1.,0.,0.));
#1572=DIRECTION('center_axis',(-1.2168415196831E-16,-1.,0.));
#1573=DIRECTION('ref_axis',(1.,-1.2168415196831E-16,0.));
#1574=DIRECTION('center_axis',(-0.557744599670699,4.15704633048987E-6,0.830012627326169));
#1575=DIRECTION('ref_axis',(-0.829262688246884,-0.0425026531296792,-0.55724044932012));
#1576=DIRECTION('center_axis',(0.557744599670699,-4.15704633021229E-6,-0.83001262732617));
#1577=DIRECTION('ref_axis',(-0.829593959667535,0.0317551672819511,-0.557463426095412));
#1578=DIRECTION('center_axis',(-0.557744599670699,4.1570463303484E-6,0.830012627326169));
#1579=DIRECTION('ref_axis',(-0.269784633208645,-0.945702282859455,-0.18128277325464));
#1580=DIRECTION('center_axis',(0.557744599670699,-4.15704633048969E-6,-0.830012627326169));
#1581=DIRECTION('ref_axis',(-0.830012627333341,0.,-0.557744599675518));
#1582=DIRECTION('center_axis',(-0.557744599670699,4.1570463303484E-6,0.830012627326169));
#1583=DIRECTION('ref_axis',(-0.269784633208645,-0.945702282859455,-0.18128277325464));
#1584=DIRECTION('center_axis',(0.,0.,1.));
#1585=DIRECTION('ref_axis',(-1.,0.,0.));
#1586=DIRECTION('center_axis',(0.,0.,-1.));
#1587=DIRECTION('ref_axis',(-1.,0.,0.));
#1588=DIRECTION('center_axis',(-0.557744599670699,4.15704633048987E-6,0.830012627326169));
#1589=DIRECTION('ref_axis',(-0.829262688246884,-0.0425026531296792,-0.55724044932012));
#1590=DIRECTION('center_axis',(0.557744599670699,-4.15704633021229E-6,-0.83001262732617));
#1591=DIRECTION('ref_axis',(-0.829593959667535,0.0317551672819511,-0.557463426095412));
#1592=DIRECTION('center_axis',(0.557744599670699,-4.15704633047907E-6,-0.830012627326169));
#1593=DIRECTION('ref_axis',(7.37636867725035E-6,-0.999999999923143,9.96512083403008E-6));
#1594=DIRECTION('',(0.557744599670699,-4.15704633047907E-6,-0.830012627326169));
#1595=DIRECTION('',(0.557744599670699,-4.15704633047907E-6,-0.830012627326169));
#1596=DIRECTION('center_axis',(0.557744599670699,-4.15704633048969E-6,-0.830012627326169));
#1597=DIRECTION('ref_axis',(-0.830012627333341,0.,-0.557744599675518));
#1598=DIRECTION('center_axis',(-1.49566027023962E-35,-6.16646984839475E-20,
1.));
#1599=DIRECTION('ref_axis',(-1.,2.49050111433146E-16,0.));
#1600=DIRECTION('center_axis',(-1.2683107526688E-16,-1.,-6.16646984839475E-20));
#1601=DIRECTION('ref_axis',(1.,-1.2683107526688E-16,0.));
#1602=DIRECTION('center_axis',(-1.49566027023962E-35,-6.16646984839475E-20,
1.));
#1603=DIRECTION('ref_axis',(-1.,2.46518981385832E-16,2.44915955330995E-37));
#1604=DIRECTION('center_axis',(-1.49566027023962E-35,-6.16646984839475E-20,
1.));
#1605=DIRECTION('ref_axis',(-1.,2.46518981385832E-16,2.44915955330995E-37));
#1606=DIRECTION('center_axis',(0.,0.,1.));
#1607=DIRECTION('ref_axis',(0.593667986660781,0.804710085443282,0.));
#1608=DIRECTION('',(0.,0.,1.));
#1609=DIRECTION('',(0.,0.,1.));
#1610=DIRECTION('center_axis',(0.557744599670699,-4.15704633047907E-6,-0.830012627326169));
#1611=DIRECTION('ref_axis',(-0.810590074362346,-0.215067941273371,-0.544692125867154));
#1612=DIRECTION('center_axis',(0.,0.,1.));
#1613=DIRECTION('ref_axis',(0.801367815895425,-0.598171901418812,0.));
#1614=DIRECTION('center_axis',(0.557744599670699,-4.15704633049963E-6,-0.830012627326169));
#1615=DIRECTION('ref_axis',(-0.830012627333341,0.,-0.557744599675519));
#1616=DIRECTION('center_axis',(-0.557744599670699,4.15704633049963E-6,0.830012627326169));
#1617=DIRECTION('ref_axis',(-7.45331524335946E-6,-0.999999999972224,4.5265855747414E-15));
#1618=DIRECTION('center_axis',(2.31857014153891E-6,0.999999999991359,-3.45040094665601E-6));
#1619=DIRECTION('ref_axis',(0.830012627333341,-1.22657215473108E-16,0.557744599675518));
#1620=DIRECTION('center_axis',(-0.557744599670699,4.15704633049963E-6,0.830012627326169));
#1621=DIRECTION('ref_axis',(-7.45331524335946E-6,-0.999999999972224,4.5265855747414E-15));
#1622=DIRECTION('center_axis',(0.,0.,1.));
#1623=DIRECTION('ref_axis',(0.563938327776085,0.825816906139074,0.));
#1624=DIRECTION('center_axis',(0.,0.,1.));
#1625=DIRECTION('ref_axis',(-0.916990344370503,0.398909398649952,0.));
#1626=DIRECTION('center_axis',(0.557744599670699,-4.15704633049963E-6,-0.830012627326169));
#1627=DIRECTION('ref_axis',(-7.45331525008347E-6,-0.999999999972224,8.24628925799424E-18));
#1628=DIRECTION('center_axis',(0.557744599670699,-4.15704633048969E-6,-0.830012627326169));
#1629=DIRECTION('ref_axis',(-7.45331525007792E-6,-0.999999999972224,-1.27054942088145E-21));
#1630=DIRECTION('',(0.557744599670699,-4.15704633049963E-6,-0.830012627326169));
#1631=DIRECTION('center_axis',(-0.557744599670699,4.15704633049962E-6,0.830012627326169));
#1632=DIRECTION('ref_axis',(-0.419890884068984,-0.862602382583478,-0.282150270311892));
#1633=DIRECTION('center_axis',(0.,0.,1.));
#1634=DIRECTION('ref_axis',(0.158022959221784,-0.987435438071163,0.));
#1635=DIRECTION('center_axis',(0.,0.,-1.));
#1636=DIRECTION('ref_axis',(-1.,0.,0.));
#1637=DIRECTION('center_axis',(0.0225778254589388,0.999454902829028,-0.0240860749929095));
#1638=DIRECTION('ref_axis',(0.00326984446740723,0.024018264149113,0.999706172384877));
#1639=DIRECTION('center_axis',(-0.333351844362381,0.942494779219104,-0.0240860749175138));
#1640=DIRECTION('ref_axis',(-0.0106019643394226,0.0217983312482695,0.999706172386135));
#1641=DIRECTION('center_axis',(0.,0.,1.));
#1642=DIRECTION('ref_axis',(-0.593667986660781,-0.804710085443282,0.));
#1643=DIRECTION('center_axis',(3.96627302488668E-17,-1.784822861199E-16,
-1.));
#1644=DIRECTION('ref_axis',(-1.,2.61984996251454E-17,-3.96627302488668E-17));
#1645=DIRECTION('center_axis',(0.,0.,-1.));
#1646=DIRECTION('ref_axis',(-1.,6.11565273449811E-17,0.));
#1647=DIRECTION('center_axis',(-0.557744599670698,4.15704633049096E-6,0.83001262732617));
#1648=DIRECTION('ref_axis',(-7.45331525007863E-6,-0.999999999972224,1.06133228290964E-18));
#1649=DIRECTION('',(-0.394379718307571,0.707109720642557,0.586907557252797));
#1650=DIRECTION('center_axis',(3.96627302488668E-17,-1.784822861199E-16,
-1.));
#1651=DIRECTION('ref_axis',(-1.,2.61984996251454E-17,-3.96627302488668E-17));
#1652=DIRECTION('center_axis',(0.,0.,-1.));
#1653=DIRECTION('ref_axis',(-1.,6.11565273449811E-17,0.));
#1654=DIRECTION('center_axis',(3.96627302488668E-17,-1.784822861199E-16,
-1.));
#1655=DIRECTION('ref_axis',(1.,-2.61984996251454E-17,3.96627302488668E-17));
#1656=DIRECTION('center_axis',(0.,0.,-1.));
#1657=DIRECTION('ref_axis',(1.,-6.11565273449811E-17,0.));
#1658=DIRECTION('center_axis',(0.,0.,1.));
#1659=DIRECTION('ref_axis',(1.,0.,0.));
#1660=DIRECTION('center_axis',(2.42230478100034E-16,0.,1.));
#1661=DIRECTION('ref_axis',(1.,0.,0.));
#1662=DIRECTION('center_axis',(0.557744599670699,-4.15704633047907E-6,-0.830012627326169));
#1663=DIRECTION('ref_axis',(0.811543939240382,-0.209775901361425,0.54533522340869));
#1664=DIRECTION('center_axis',(0.,0.,-1.));
#1665=DIRECTION('ref_axis',(-1.,0.,0.));
#1666=DIRECTION('center_axis',(0.792836904495352,-0.251383186817559,0.555172168120553));
#1667=DIRECTION('ref_axis',(0.555182693436685,-0.0778032433058777,-0.828081416431666));
#1668=DIRECTION('center_axis',(0.557744599670699,-4.15704633049962E-6,-0.830012627326169));
#1669=DIRECTION('ref_axis',(0.811543939240382,-0.209775901361425,0.54533522340869));
#1670=DIRECTION('',(0.557744599670699,-4.15704633049962E-6,-0.830012627326169));
#1671=DIRECTION('center_axis',(0.,0.,1.));
#1672=DIRECTION('ref_axis',(1.,0.,0.));
#1673=DIRECTION('center_axis',(0.557744599670699,-4.15704633049962E-6,-0.830012627326169));
#1674=DIRECTION('ref_axis',(0.566451110699867,0.730924069625259,0.380635184434305));
#1675=DIRECTION('center_axis',(-0.557744599670699,4.15704633049963E-6,0.830012627326169));
#1676=DIRECTION('ref_axis',(0.805847489676442,-0.239540031457398,0.541507522303767));
#1677=CARTESIAN_POINT('',(0.,0.,0.));
#1678=CARTESIAN_POINT('Origin',(1.10957457961579,-0.589909663848649,47.6273093806183));
#1679=CARTESIAN_POINT('',(22.6095745796158,-0.589909663848646,46.9920976595294));
#1680=CARTESIAN_POINT('Origin',(1.10957457961579,-0.589909663848649,46.9920976595294));
#1681=CARTESIAN_POINT('',(22.3659781961066,-0.589909663848649,47.6273093806183));
#1682=CARTESIAN_POINT('Origin',(23.3159781961066,-0.589909663848649,47.6273093806183));
#1683=CARTESIAN_POINT('',(-20.146829036875,-0.589909663848652,47.6273093806183));
#1684=CARTESIAN_POINT('Origin',(1.10957457961579,-0.589909663848649,47.6273093806183));
#1685=CARTESIAN_POINT('Origin',(1.10957457961579,-0.589909663848649,47.6273093806183));
#1686=CARTESIAN_POINT('Origin',(1.10957457961579,-0.589909663848649,54.5000025779008));
#1687=CARTESIAN_POINT('',(-20.3904254203842,-0.589909663848654,48.9079078837024));
#1688=CARTESIAN_POINT('',(22.6095745796158,-0.589909663848652,48.9079078837024));
#1689=CARTESIAN_POINT('Origin',(1.10957457961579,-0.589909663848649,48.9079078837024));
#1690=CARTESIAN_POINT('Origin',(1.10957457961579,-0.589909663848649,48.9079078837024));
#1691=CARTESIAN_POINT('',(22.6095745796158,-0.589909663848652,54.5000025779008));
#1692=CARTESIAN_POINT('Origin',(1.10957457961579,-0.589909663848649,48.2726961626135));
#1693=CARTESIAN_POINT('',(-20.146829036875,-0.589909663848654,48.2726961626135));
#1694=CARTESIAN_POINT('Origin',(-21.096829036875,-0.589909663848655,48.2726961626135));
#1695=CARTESIAN_POINT('Origin',(1.10957457961579,-0.589909663848649,48.2726961626135));
#1696=CARTESIAN_POINT('Origin',(1.10957457961579,-0.589909663848649,43.0000025779008));
#1697=CARTESIAN_POINT('',(-20.146829036875,-0.589909663848652,43.0000025779008));
#1698=CARTESIAN_POINT('Origin',(-33.0424360593377,-0.0235118830313272,35.0790010612353));
#1699=CARTESIAN_POINT('',(-15.5719073960344,11.6296616422462,19.4110792820513));
#1700=CARTESIAN_POINT('',(-30.7504838799168,-3.50539643727238,9.21158849108818));
#1701=CARTESIAN_POINT('Origin',(-20.3545175017451,-0.0236064500882071,16.1973612864967));
#1702=CARTESIAN_POINT('',(-37.8609564406551,-3.50534344131634,19.7931019926637));
#1703=CARTESIAN_POINT('',(-43.4384024373621,-3.50530187085303,28.0932282659253));
#1704=CARTESIAN_POINT('',(-18.4394795672986,7.10089624039252,32.8437224248001));
#1705=CARTESIAN_POINT('Origin',(-27.4649900626307,-0.023553453494632,26.7788747879736));
#1706=CARTESIAN_POINT('Ctrl Pts',(-15.5719073967701,11.6296616421595,19.4110792819023));
#1707=CARTESIAN_POINT('Ctrl Pts',(-16.1007444510302,11.0304794311043,22.3707827777445));
#1708=CARTESIAN_POINT('Ctrl Pts',(-16.7007571654785,10.2510613281195,25.2432679085005));
#1709=CARTESIAN_POINT('Ctrl Pts',(-17.6279164814674,8.74461930844495,29.4099890084826));
#1710=CARTESIAN_POINT('Ctrl Pts',(-18.0198198847409,8.03940041461773,31.0992882261119));
#1711=CARTESIAN_POINT('Ctrl Pts',(-18.4152385786085,7.15560328565443,32.7431167772575));
#1712=CARTESIAN_POINT('Ctrl Pts',(-18.427364774445,7.12832625759951,32.7934712089424));
#1713=CARTESIAN_POINT('Ctrl Pts',(-18.4394795672986,7.10089624039257,32.8437224248001));
#1714=CARTESIAN_POINT('Origin',(0.,0.,-6.9999996647239));
#1715=CARTESIAN_POINT('',(-21.2182769091855,5.81246414435803,2.92354496628577));
#1716=CARTESIAN_POINT('',(-21.1940405594718,-5.9002253505935,2.93988975781639));
#1717=CARTESIAN_POINT('Ctrl Pts',(-21.2182769091855,5.81246414435803,2.92354496628577));
#1718=CARTESIAN_POINT('Ctrl Pts',(-21.3967982491986,5.16077578422004,2.34945610131204));
#1719=CARTESIAN_POINT('Ctrl Pts',(-21.5708127282444,4.40310236679316,1.85375951479896));
#1720=CARTESIAN_POINT('Ctrl Pts',(-21.8946670216433,2.44237416086579,0.97536704703154));
#1721=CARTESIAN_POINT('Ctrl Pts',(-22.0012749847711,1.17673457144041,0.718658177376071));
#1722=CARTESIAN_POINT('Ctrl Pts',(-21.9987010569594,-1.2232795855318,0.714801143342785));
#1723=CARTESIAN_POINT('Ctrl Pts',(-21.8894661810927,-2.48889397177455,0.967199899031529));
#1724=CARTESIAN_POINT('Ctrl Pts',(-21.5583737304088,-4.46688970650739,1.84659417162182));
#1725=CARTESIAN_POINT('Ctrl Pts',(-21.3780922836842,-5.23909810947777,2.3528585320036));
#1726=CARTESIAN_POINT('Ctrl Pts',(-21.1940405594718,-5.90022535059349,2.93988975781639));
#1727=CARTESIAN_POINT('',(-20.3381725278961,8.38801243545997,6.09975619601902));
#1728=CARTESIAN_POINT('Ctrl Pts',(-21.2182769091855,5.81246414435803,2.92354496628577));
#1729=CARTESIAN_POINT('Ctrl Pts',(-21.0885351928186,6.28608352439621,3.34076833399808));
#1730=CARTESIAN_POINT('Ctrl Pts',(-20.9555706860704,6.70969751509302,3.78939393084011));
#1731=CARTESIAN_POINT('Ctrl Pts',(-20.8284107425796,7.08359515801935,4.24094085123346));
#1732=CARTESIAN_POINT('Ctrl Pts',(-20.6502038808837,7.60758977230025,4.87375616541787));
#1733=CARTESIAN_POINT('Ctrl Pts',(-20.4827923743244,8.0373568546943,5.51472503369717));
#1734=CARTESIAN_POINT('Ctrl Pts',(-20.338172529201,8.38801243422877,6.09975619707954));
#1735=CARTESIAN_POINT('',(-16.6571146107977,14.3715186138096,6.12421681105599));
#1736=CARTESIAN_POINT('Ctrl Pts',(-16.6571146107976,14.3715186138096,6.1242168110472));
#1737=CARTESIAN_POINT('Ctrl Pts',(-17.205207075893,13.7362594422676,6.11391873633364));
#1738=CARTESIAN_POINT('Ctrl Pts',(-17.7098770851718,13.0774662086345,6.10636515462841));
#1739=CARTESIAN_POINT('Ctrl Pts',(-18.946729707555,11.2662507695378,6.09296836534874));
#1740=CARTESIAN_POINT('Ctrl Pts',(-19.6429734647228,10.0124148159709,6.09151997652304));
#1741=CARTESIAN_POINT('Ctrl Pts',(-20.2561865414821,8.58476820855462,6.09864997129457));
#1742=CARTESIAN_POINT('Ctrl Pts',(-20.2975184396509,8.48658523602157,6.09918143005786));
#1743=CARTESIAN_POINT('Ctrl Pts',(-20.3381725285815,8.38801243573081,6.0997561939882));
#1744=CARTESIAN_POINT('',(-16.6571146113224,14.3715186132015,-6.9999996647239));
#1745=CARTESIAN_POINT('',(-16.6571146113224,14.3715186132015,-6.9999996647239));
#1746=CARTESIAN_POINT('',(-12.4066433959473,-18.1679722057834,-6.9999996647239));
#1747=CARTESIAN_POINT('Origin',(0.,0.,-6.9999996647239));
#1748=CARTESIAN_POINT('',(-12.4066433951773,-18.1679722063092,7.20370288174033));
#1749=CARTESIAN_POINT('',(-12.4066433959473,-18.1679722057834,-6.9999996647239));
#1750=CARTESIAN_POINT('',(-20.2024259659001,-8.70987942032456,6.55530917775225));
#1751=CARTESIAN_POINT('Ctrl Pts',(-20.2024259659012,-8.70987942032508,6.55530917775146));
#1752=CARTESIAN_POINT('Ctrl Pts',(-19.7067217822199,-9.85965734359233,6.61050226767452));
#1753=CARTESIAN_POINT('Ctrl Pts',(-19.1068176324259,-10.9784490307229,6.67026710879231));
#1754=CARTESIAN_POINT('Ctrl Pts',(-17.6127328007545,-13.2644083460135,6.80639210950506));
#1755=CARTESIAN_POINT('Ctrl Pts',(-16.6849762828113,-14.4120774276878,6.88401324008827));
#1756=CARTESIAN_POINT('Ctrl Pts',(-14.6522288924062,-16.474483233927,7.04280569296667));
#1757=CARTESIAN_POINT('Ctrl Pts',(-13.5471524163868,-17.3891352202254,7.12398174251365));
#1758=CARTESIAN_POINT('Ctrl Pts',(-12.4066433959473,-18.1679722057834,7.20370288165956));
#1759=CARTESIAN_POINT('Ctrl Pts',(-20.2024259659025,-8.7098794203222,6.55530917775415));
#1760=CARTESIAN_POINT('Ctrl Pts',(-20.3773052469125,-8.30424972591643,5.82868029359193));
#1761=CARTESIAN_POINT('Ctrl Pts',(-20.5571147516819,-7.85493815610301,5.13416445366655));
#1762=CARTESIAN_POINT('Ctrl Pts',(-20.7384000954808,-7.34294054885949,4.48268572548019));
#1763=CARTESIAN_POINT('Ctrl Pts',(-20.8924936705244,-6.90773966576182,3.92892509493257));
#1764=CARTESIAN_POINT('Ctrl Pts',(-21.0473789431728,-6.4270445921748,3.40766558965979));
#1765=CARTESIAN_POINT('Ctrl Pts',(-21.1940405594718,-5.9002253505935,2.9398897578164));
#1766=CARTESIAN_POINT('Origin',(-26.9521253669694,-19.3486147683331,26.82240165534));
#1767=CARTESIAN_POINT('',(-26.8126661117745,-16.2486158076808,26.6148984985085));
#1768=CARTESIAN_POINT('Origin',(-26.8126892170517,-19.3486158075947,26.6148984985085));
#1769=CARTESIAN_POINT('',(-27.0915346849522,-15.7486137291715,27.0299048121716));
#1770=CARTESIAN_POINT('',(-26.9521003983633,-15.9986147684261,26.82240165534));
#1771=CARTESIAN_POINT('Origin',(-27.0915615168871,-19.3486137290715,27.0299048121716));
#1772=CARTESIAN_POINT('Origin',(-27.0915615168871,-19.3486137290715,27.0299048121716));
#1773=CARTESIAN_POINT('',(-25.1394323127624,-16.2486282788197,24.12486061653));
#1774=CARTESIAN_POINT('',(-27.0915384116098,-16.2486137291576,27.0299048121716));
#1775=CARTESIAN_POINT('',(-22.5664162733062,-19.3486282787338,25.8538688755241));
#1776=CARTESIAN_POINT('Origin',(-25.1394554180396,-19.3486282787336,24.12486061653));
#1777=CARTESIAN_POINT('Origin',(-25.1394554180396,-19.3486282787336,24.12486061653));
#1778=CARTESIAN_POINT('Origin',(-27.4649355651276,-7.41167429533409,26.7789484114905));
#1779=CARTESIAN_POINT('',(-17.0048879155079,3.16724996980528,33.807746431816));
#1780=CARTESIAN_POINT('Origin',(-27.4649900626308,-0.0235534534946298,26.7788747879736));
#1781=CARTESIAN_POINT('',(-34.2202385467166,-21.1278707431249,22.2396479066368));
#1782=CARTESIAN_POINT('Origin',(-304.957323383741,-92.9605631284281,-159.687522132993));
#1783=CARTESIAN_POINT('',(-20.4320994310937,-21.0828884038707,31.5048803754815));
#1784=CARTESIAN_POINT('Origin',(-27.3302229146369,-19.2997932422987,26.8695309765076));
#1785=CARTESIAN_POINT('',(-18.1614748426807,-8.96446311904671,33.0306140613542));
#1786=CARTESIAN_POINT('Origin',(451.886473206809,-143.17246299622,348.889980399339));
#1787=CARTESIAN_POINT('',(-17.1167657848707,-3.76016468796631,33.7326024185531));
#1788=CARTESIAN_POINT('Origin',(451.886473206809,-143.17246299622,348.889980399339));
#1789=CARTESIAN_POINT('Origin',(-29.7714461937866,0.00146835311033746,25.2290025171258));
#1790=CARTESIAN_POINT('',(-27.4649088214945,10.8764465462026,26.7788747879736));
#1791=CARTESIAN_POINT('Origin',(-27.4649900626307,-0.023553453494632,26.7788747879736));
#1792=CARTESIAN_POINT('Ctrl Pts',(-22.5664162733067,-19.3486282787338,25.8538688755242));
#1793=CARTESIAN_POINT('Ctrl Pts',(-22.566423460874,-22.4486282787068,25.853879571767));
#1794=CARTESIAN_POINT('Ctrl Pts',(-25.1394626056072,-22.4486282787068,24.1248713127729));
#1795=CARTESIAN_POINT('Ctrl Pts',(-27.7125017503403,-22.4486282787068,22.3958630537789));
#1796=CARTESIAN_POINT('Ctrl Pts',(-27.712494562773,-19.3486282787338,22.3958523575361));
#1797=CARTESIAN_POINT('Ctrl Pts',(-27.7124873752056,-16.2486282787607,22.3958416612933));
#1798=CARTESIAN_POINT('Ctrl Pts',(-25.1394482304725,-16.2486282787607,24.1248499202874));
#1799=CARTESIAN_POINT('Ctrl Pts',(-22.5664090857393,-16.2486282787607,25.8538581792814));
#1800=CARTESIAN_POINT('Ctrl Pts',(-22.5664162733067,-19.3486282787338,25.8538688755242));
#1801=CARTESIAN_POINT('Ctrl Pts',(-21.8351984941073,-19.3486306355575,25.6621682474445));
#1802=CARTESIAN_POINT('Ctrl Pts',(-21.8352068409597,-22.9486306355265,25.6621806688878));
#1803=CARTESIAN_POINT('Ctrl Pts',(-24.8232522993597,-22.9486306355265,23.6543001100558));
#1804=CARTESIAN_POINT('Ctrl Pts',(-27.8112977577598,-22.9486306355265,21.6464195512238));
#1805=CARTESIAN_POINT('Ctrl Pts',(-27.8112894109074,-19.3486306355575,21.6464071297805));
#1806=CARTESIAN_POINT('Ctrl Pts',(-27.811281064055,-15.7486306355885,21.6463947083373));
#1807=CARTESIAN_POINT('Ctrl Pts',(-24.8232356056549,-15.7486306355885,23.6542752671693));
#1808=CARTESIAN_POINT('Ctrl Pts',(-21.8351901472549,-15.7486306355885,25.6621558260013));
#1809=CARTESIAN_POINT('Ctrl Pts',(-21.8351984941073,-19.3486306355575,25.6621682474445));
#1810=CARTESIAN_POINT('Ctrl Pts',(-21.4135832067306,-19.3486337779891,25.0347376768876));
#1811=CARTESIAN_POINT('Ctrl Pts',(-21.413591553583,-22.948633777958,25.0347500983308));
#1812=CARTESIAN_POINT('Ctrl Pts',(-24.401637011983,-22.948633777958,23.0268695394989));
#1813=CARTESIAN_POINT('Ctrl Pts',(-27.389682470383,-22.948633777958,21.0189889806669));
#1814=CARTESIAN_POINT('Ctrl Pts',(-27.3896741235306,-19.3486337779891,21.0189765592236));
#1815=CARTESIAN_POINT('Ctrl Pts',(-27.3896657766782,-15.7486337780202,21.0189641377804));
#1816=CARTESIAN_POINT('Ctrl Pts',(-24.4016203182782,-15.7486337780202,23.0268446966124));
#1817=CARTESIAN_POINT('Ctrl Pts',(-21.4135748598782,-15.7486337780202,25.0347252554443));
#1818=CARTESIAN_POINT('Ctrl Pts',(-21.4135832067306,-19.3486337779891,25.0347376768876));
#1819=CARTESIAN_POINT('',(-24.4016018331958,-15.748633778089,23.0268571180558));
#1820=CARTESIAN_POINT('',(-21.4135832067307,-19.3486337779891,25.0347376768877));
#1821=CARTESIAN_POINT('Origin',(-24.4016286651307,-19.348633777989,23.0268571180558));
#1822=CARTESIAN_POINT('Origin',(-23.0736084613973,-19.3486337779891,23.9192484775367));
#1823=CARTESIAN_POINT('Origin',(-24.4016286651307,-19.348633777989,23.0268571180558));
#1824=CARTESIAN_POINT('Origin',(-27.0915615168871,-19.3486137290715,27.0299048121716));
#1825=CARTESIAN_POINT('',(-23.1873224872573,-15.7486428284958,21.2198164208884));
#1826=CARTESIAN_POINT('',(-27.0915346849522,-15.7486137291715,27.0299048121716));
#1827=CARTESIAN_POINT('',(-20.3758651640629,-20.5677898386001,23.1090589709509));
#1828=CARTESIAN_POINT('Origin',(-23.1873493191922,-19.3486428283958,21.2198164208884));
#1829=CARTESIAN_POINT('',(-25.9486961372169,-20.7241208747045,19.3642777134755));
#1830=CARTESIAN_POINT('Origin',(-23.1873493191922,-19.3486428283958,21.2198164208884));
#1831=CARTESIAN_POINT('Origin',(-23.1873493191922,-19.3486428283958,21.2198164208884));
#1832=CARTESIAN_POINT('Ctrl Pts',(-25.948696137217,-20.7241208747044,19.3642777134758));
#1833=CARTESIAN_POINT('Ctrl Pts',(-26.8103357634016,-18.2132406833144,18.7852681051998));
#1834=CARTESIAN_POINT('Ctrl Pts',(-25.0424075563356,-16.5264367076334,19.9732565351478));
#1835=CARTESIAN_POINT('Ctrl Pts',(-23.2744793492697,-14.8396327319525,21.1612449650958));
#1836=CARTESIAN_POINT('Ctrl Pts',(-21.4433120636344,-16.4254736010681,22.3917446267228));
#1837=CARTESIAN_POINT('Ctrl Pts',(-19.6121447779991,-18.0113144701838,23.6222442883498));
#1838=CARTESIAN_POINT('Ctrl Pts',(-20.3758651640636,-20.5677898386,23.1090589709513));
#1839=CARTESIAN_POINT('Ctrl Pts',(-25.8484647437857,-20.8769548025938,18.5523550514713));
#1840=CARTESIAN_POINT('Ctrl Pts',(-26.805842106213,-18.0870879232713,17.9090110422756));
#1841=CARTESIAN_POINT('Ctrl Pts',(-24.8414774316953,-16.2128612836258,19.2289981866623));
#1842=CARTESIAN_POINT('Ctrl Pts',(-22.8771127571775,-14.3386346439802,20.548985331049));
#1843=CARTESIAN_POINT('Ctrl Pts',(-20.8424824398049,-16.1006800541088,21.9162071773013));
#1844=CARTESIAN_POINT('Ctrl Pts',(-18.8078521224323,-17.8627254642373,23.2834290235536));
#1845=CARTESIAN_POINT('Ctrl Pts',(-19.6564303291705,-20.7032536513666,22.713223115333));
#1846=CARTESIAN_POINT('Ctrl Pts',(-25.3842875345674,-20.8769582622529,17.8615855752708));
#1847=CARTESIAN_POINT('Ctrl Pts',(-26.3416648969947,-18.0870913829305,17.2182415660752));
#1848=CARTESIAN_POINT('Ctrl Pts',(-24.377300222477,-16.2128647432849,18.5382287104619));
#1849=CARTESIAN_POINT('Ctrl Pts',(-22.4129355479592,-14.3386381036394,19.8582158548486));
#1850=CARTESIAN_POINT('Ctrl Pts',(-20.3783052305866,-16.1006835137679,21.2254377011009));
#1851=CARTESIAN_POINT('Ctrl Pts',(-18.343674913214,-17.8627289238965,22.5926595473532));
#1852=CARTESIAN_POINT('Ctrl Pts',(-19.1922531199523,-20.7032571110257,22.0224536391326));
#1853=CARTESIAN_POINT('',(-20.2216637674462,-16.2450296582522,21.3306969794883));
#1854=CARTESIAN_POINT('Ctrl Pts',(-20.2216637674463,-16.2450296582522,21.3306969794884));
#1855=CARTESIAN_POINT('Ctrl Pts',(-20.119769320964,-16.459123805377,21.6511832261036));
#1856=CARTESIAN_POINT('Ctrl Pts',(-20.0557125992351,-16.7188043092435,21.9486825540242));
#1857=CARTESIAN_POINT('Ctrl Pts',(-19.9779115460221,-17.3435462458722,22.4818531699463));
#1858=CARTESIAN_POINT('Ctrl Pts',(-19.9684775222584,-17.7070334706964,22.7060984065999));
#1859=CARTESIAN_POINT('Ctrl Pts',(-20.0013974230282,-18.5717083023195,23.0681104015928));
#1860=CARTESIAN_POINT('Ctrl Pts',(-20.0541694042181,-19.0751318851518,23.1744368504819));
#1861=CARTESIAN_POINT('Ctrl Pts',(-20.2040107573422,-19.9150845804322,23.2021098311903));
#1862=CARTESIAN_POINT('Ctrl Pts',(-20.2802463298983,-20.2477156350578,23.1733104727511));
#1863=CARTESIAN_POINT('Ctrl Pts',(-20.3758651640629,-20.5677898386001,23.1090589709509));
#1864=CARTESIAN_POINT('',(-24.5281964240461,-16.3658380454562,18.436831572628));
#1865=CARTESIAN_POINT('Ctrl Pts',(-25.9486961372169,-20.7241208747045,19.3642777134756));
#1866=CARTESIAN_POINT('Ctrl Pts',(-26.0997175387441,-20.2840335875752,19.2627934735658));
#1867=CARTESIAN_POINT('Ctrl Pts',(-26.1724953717546,-19.8174687060133,19.1694318627554));
#1868=CARTESIAN_POINT('Ctrl Pts',(-26.1463342348606,-18.8453947891501,18.9707455597887));
#1869=CARTESIAN_POINT('Ctrl Pts',(-26.0332951113996,-18.3484747081131,18.8661518890364));
#1870=CARTESIAN_POINT('Ctrl Pts',(-25.614632525564,-17.4383773221466,18.6621447276092));
#1871=CARTESIAN_POINT('Ctrl Pts',(-25.3184718470652,-17.0370237640687,18.5652178236637));
#1872=CARTESIAN_POINT('Ctrl Pts',(-24.8159009218712,-16.5789689808998,18.4719055396812));
#1873=CARTESIAN_POINT('Ctrl Pts',(-24.6753751498615,-16.467697789724,18.4514579290924));
#1874=CARTESIAN_POINT('Ctrl Pts',(-24.5281964241537,-16.3658380452056,18.4368315732908));
#1875=CARTESIAN_POINT('Origin',(-22.3161244034289,-19.3486493219098,19.923295250174));
#1876=CARTESIAN_POINT('Origin',(-18.7253925218266,-19.3486760847665,14.5797154022791));
#1877=CARTESIAN_POINT('',(-23.7200876469802,-15.8959189112431,18.3916681097587));
#1878=CARTESIAN_POINT('Ctrl Pts',(-23.7200876469802,-15.8959189112431,18.3916681097588));
#1879=CARTESIAN_POINT('Ctrl Pts',(-23.7342430670343,-15.9027641829987,18.3917508594908));
#1880=CARTESIAN_POINT('Ctrl Pts',(-23.7483797105641,-15.9096661136942,18.391876781435));
#1881=CARTESIAN_POINT('Ctrl Pts',(-24.0161111327198,-16.041634541584,18.3950553990565));
#1882=CARTESIAN_POINT('Ctrl Pts',(-24.2751772290892,-16.1907280187144,18.4116869829638));
#1883=CARTESIAN_POINT('Ctrl Pts',(-24.5281964241536,-16.3658380452056,18.4368315732908));
#1884=CARTESIAN_POINT('',(-23.551478900755,-15.8170106655762,18.3942671036238));
#1885=CARTESIAN_POINT('Ctrl Pts',(-23.55147890077,-15.8170106655517,18.3942671037288));
#1886=CARTESIAN_POINT('Ctrl Pts',(-23.6081822923413,-15.842660496271,18.3921751650576));
#1887=CARTESIAN_POINT('Ctrl Pts',(-23.6644509726494,-15.8690141529305,18.3913428689766));
#1888=CARTESIAN_POINT('Ctrl Pts',(-23.7200876469802,-15.8959189112431,18.3916681097588));
#1889=CARTESIAN_POINT('',(-20.5717933904955,-15.7334234680947,20.3965295992464));
#1890=CARTESIAN_POINT('Ctrl Pts',(-20.571793390588,-15.7334234680723,20.3965295992993));
#1891=CARTESIAN_POINT('Ctrl Pts',(-20.7184604920552,-15.5923797635766,20.0807049459733));
#1892=CARTESIAN_POINT('Ctrl Pts',(-20.9056311666473,-15.4815615353051,19.7686301729572));
#1893=CARTESIAN_POINT('Ctrl Pts',(-21.3568113029824,-15.3576474470938,19.2419841346384));
#1894=CARTESIAN_POINT('Ctrl Pts',(-21.6021888796049,-15.3361744307164,19.0287801026954));
#1895=CARTESIAN_POINT('Ctrl Pts',(-22.1573139836511,-15.374382946339,18.6936311571155));
#1896=CARTESIAN_POINT('Ctrl Pts',(-22.4479181756641,-15.4303866725939,18.5789807678795));
#1897=CARTESIAN_POINT('Ctrl Pts',(-23.0156083791044,-15.5952290347745,18.4374447574347));
#1898=CARTESIAN_POINT('Ctrl Pts',(-23.2871834160428,-15.6974563627959,18.404017665909));
#1899=CARTESIAN_POINT('Ctrl Pts',(-23.55147890077,-15.8170106655517,18.3942671037288));
#1900=CARTESIAN_POINT('',(-20.5027584727818,-15.805665249197,20.5536202753109));
#1901=CARTESIAN_POINT('Ctrl Pts',(-20.5027584727818,-15.805665249197,20.5536202753109));
#1902=CARTESIAN_POINT('Ctrl Pts',(-20.5244761083858,-15.7809317330274,20.5013170672253));
#1903=CARTESIAN_POINT('Ctrl Pts',(-20.5474835300342,-15.7568012586883,20.4488770801268));
#1904=CARTESIAN_POINT('Ctrl Pts',(-20.571793390588,-15.7334234680723,20.3965295992994));
#1905=CARTESIAN_POINT('Ctrl Pts',(-20.2216637674463,-16.2450296582522,21.3306969794883));
#1906=CARTESIAN_POINT('Ctrl Pts',(-20.2246898939781,-16.2386713531503,21.321178973675));
#1907=CARTESIAN_POINT('Ctrl Pts',(-20.2277292070941,-16.2323525510359,21.3116594342081));
#1908=CARTESIAN_POINT('Ctrl Pts',(-20.3101152835122,-16.0628724850245,21.0547079081861));
#1909=CARTESIAN_POINT('Ctrl Pts',(-20.3999234548296,-15.9227807412195,20.8012808144476));
#1910=CARTESIAN_POINT('Ctrl Pts',(-20.5027584727819,-15.805665249197,20.5536202753109));
#1911=CARTESIAN_POINT('Origin',(-23.5607233674327,-7.4117033946584,20.9688600202074));
#1912=CARTESIAN_POINT('',(-16.1378617136664,-18.9129514120315,25.956867041316));
#1913=CARTESIAN_POINT('Origin',(-23.5607778649359,-0.0235825528189455,20.9687863966904));
#1914=CARTESIAN_POINT('',(-16.5278872333988,-21.082917503195,25.6947919841983));
#1915=CARTESIAN_POINT('Origin',(455.790685404504,-143.172492095544,343.079892008056));
#1916=CARTESIAN_POINT('',(-30.3160263490217,-21.1278998424492,16.4295595153537));
#1917=CARTESIAN_POINT('Origin',(-23.426010716942,-19.299822341623,21.0594425852244));
#1918=CARTESIAN_POINT('',(-30.6973640667831,-19.0725024220717,16.173301248778));
#1919=CARTESIAN_POINT('Origin',(-301.053111186046,-92.9605922277524,-165.497610524276));
#1920=CARTESIAN_POINT('Origin',(-23.5607778649359,-0.0235825528189455,20.9687863966904));
#1921=CARTESIAN_POINT('Origin',(-24.6762670642773,-0.0235742387262829,22.6288116513427));
#1922=CARTESIAN_POINT('',(-21.8875105260051,4.47640497591707,18.4787485147119));
#1923=CARTESIAN_POINT('Origin',(-21.8875440659237,-0.0235950239579369,18.4787485147119));
#1924=CARTESIAN_POINT('',(-11.8028934391763,4.47632981208675,3.47123514367293));
#1925=CARTESIAN_POINT('',(-24.6762335243587,4.47642576114873,22.6288116513427));
#1926=CARTESIAN_POINT('',(-12.5095607840831,0.0510429414360771,12.5899164831027));
#1927=CARTESIAN_POINT('Ctrl Pts',(-12.5095607840831,0.0510429414360815,
12.5899164831027));
#1928=CARTESIAN_POINT('Ctrl Pts',(-12.5094503944858,0.170880437298444,12.5861859773112));
#1929=CARTESIAN_POINT('Ctrl Pts',(-12.5075500915463,0.289458850563482,12.5712464669786));
#1930=CARTESIAN_POINT('Ctrl Pts',(-12.4997847314172,0.545356118312405,12.5156258214246));
#1931=CARTESIAN_POINT('Ctrl Pts',(-12.493314413239,0.68002909280492,12.4711393155043));
#1932=CARTESIAN_POINT('Ctrl Pts',(-12.4651031951804,1.12463323251902,12.2788385264643));
#1933=CARTESIAN_POINT('Ctrl Pts',(-12.4350036979237,1.40933398091199,12.0755255201354));
#1934=CARTESIAN_POINT('Ctrl Pts',(-12.3346938738006,2.17095184697029,11.3749846761227));
#1935=CARTESIAN_POINT('Ctrl Pts',(-12.2430249258494,2.63199539687301,10.7103058670545));
#1936=CARTESIAN_POINT('Ctrl Pts',(-12.0013069938788,3.67355784058465,8.62895247951931));
#1937=CARTESIAN_POINT('Ctrl Pts',(-11.852574119241,4.14991342459337,6.99057142683907));
#1938=CARTESIAN_POINT('Ctrl Pts',(-11.7926165179042,4.43453146492768,4.7029117358036));
#1939=CARTESIAN_POINT('Ctrl Pts',(-11.7895673515093,4.47632971486801,4.08669227829653));
#1940=CARTESIAN_POINT('Ctrl Pts',(-11.8028934502698,4.47632981208683,3.47123513621839));
#1941=CARTESIAN_POINT('',(-12.7461133919663,0.0252611865944937,-3.19288512027252));
#1942=CARTESIAN_POINT('Ctrl Pts',(-12.7461133919663,0.0252611865944946,
-3.19288512027259));
#1943=CARTESIAN_POINT('Ctrl Pts',(-12.7464405370712,-0.300111789659122,
-3.1987447329434));
#1944=CARTESIAN_POINT('Ctrl Pts',(-12.7333469255921,-0.623432483930084,
-3.16110723971725));
#1945=CARTESIAN_POINT('Ctrl Pts',(-12.6766032777896,-1.33482898691202,-2.98086984678325));
#1946=CARTESIAN_POINT('Ctrl Pts',(-12.6267116790623,-1.70822449720893,-2.81592860051454));
#1947=CARTESIAN_POINT('Ctrl Pts',(-12.4845237632457,-2.51271727273083,-2.29987741601041));
#1948=CARTESIAN_POINT('Ctrl Pts',(-12.3800293335025,-2.93556643203511,-1.89270978855295));
#1949=CARTESIAN_POINT('Ctrl Pts',(-12.1484956699221,-3.702996323676,-0.780104550708415));
#1950=CARTESIAN_POINT('Ctrl Pts',(-12.0234089932871,-4.02256935226097,-0.0542526314986162));
#1951=CARTESIAN_POINT('Ctrl Pts',(-11.7916789118596,-4.52917754451909,2.01040428842143));
#1952=CARTESIAN_POINT('Ctrl Pts',(-11.7303336786993,-4.58813162069688,3.36187749662473));
#1953=CARTESIAN_POINT('Ctrl Pts',(-11.774243491327,-4.29633217148366,6.51007501075186));
#1954=CARTESIAN_POINT('Ctrl Pts',(-11.9271935846223,-3.83040529729002,8.25868797949816));
#1955=CARTESIAN_POINT('Ctrl Pts',(-12.1908606162831,-2.78087589059063,10.5037753900668));
#1956=CARTESIAN_POINT('Ctrl Pts',(-12.2951637372311,-2.30543208478494,11.2343144415433));
#1957=CARTESIAN_POINT('Ctrl Pts',(-12.4144825799294,-1.50050869063689,12.0212040222779));
#1958=CARTESIAN_POINT('Ctrl Pts',(-12.4523473597061,-1.1858677029112,12.2584109729403));
#1959=CARTESIAN_POINT('Ctrl Pts',(-12.4888333100397,-0.681740266975829,
12.4782928198459));
#1960=CARTESIAN_POINT('Ctrl Pts',(-12.4974523170634,-0.522954689003761,
12.5286201240039));
#1961=CARTESIAN_POINT('Ctrl Pts',(-12.5074010036591,-0.223330604693376,
12.5835415115022));
#1962=CARTESIAN_POINT('Ctrl Pts',(-12.5096629631073,-0.0866314792216689,
12.5941655769862));
#1963=CARTESIAN_POINT('Ctrl Pts',(-12.5095607840831,0.0510429414360745,
12.5899164831027));
#1964=CARTESIAN_POINT('Ctrl Pts',(-11.8028934502698,4.47632981208683,3.47123513621839));
#1965=CARTESIAN_POINT('Ctrl Pts',(-11.819005717415,4.47632992963178,2.72710063235771));
#1966=CARTESIAN_POINT('Ctrl Pts',(-11.859401534477,4.41547867515892,1.98408798689412));
#1967=CARTESIAN_POINT('Ctrl Pts',(-12.0105848501707,4.09289833882375,0.337401871078562));
#1968=CARTESIAN_POINT('Ctrl Pts',(-12.1304651941903,3.79220650568118,-0.457746630056073));
#1969=CARTESIAN_POINT('Ctrl Pts',(-12.3600120242097,3.04391595136443,-1.67989674565353));
#1970=CARTESIAN_POINT('Ctrl Pts',(-12.4658471447328,2.6282448104847,-2.12894875549725));
#1971=CARTESIAN_POINT('Ctrl Pts',(-12.6147993434218,1.81801925746183,-2.71687905805082));
#1972=CARTESIAN_POINT('Ctrl Pts',(-12.6691087086485,1.43213711537854,-2.91233920998839));
#1973=CARTESIAN_POINT('Ctrl Pts',(-12.7310307151614,0.695075819310923,-3.13426313299742));
#1974=CARTESIAN_POINT('Ctrl Pts',(-12.7457653272973,0.362183173548228,-3.18683137377138));
#1975=CARTESIAN_POINT('Ctrl Pts',(-12.7461133919663,0.025261186594498,-3.19288512027259));
#1976=CARTESIAN_POINT('Ctrl Pts',(-18.3904254203842,-0.589909663848649,
54.5000025779008));
#1977=CARTESIAN_POINT('Ctrl Pts',(-13.2093803769114,-0.025230059048201,
34.2040851674502));
#1978=CARTESIAN_POINT('Ctrl Pts',(-11.4125720320787,0.170603217356238,13.7040844199087));
#1979=CARTESIAN_POINT('Ctrl Pts',(-13.0000003858861,-0.00240983463533113,
-6.9999996647239));
#1980=CARTESIAN_POINT('Ctrl Pts',(-18.3904254203842,-3.50710284218203,54.5000025779008));
#1981=CARTESIAN_POINT('Ctrl Pts',(-13.2088071814083,-2.31272950494607,34.2040851674502));
#1982=CARTESIAN_POINT('Ctrl Pts',(-11.4123964098275,-1.89687364771859,13.7040844199087));
#1983=CARTESIAN_POINT('Ctrl Pts',(-13.0000003858861,-2.26281953019042,-6.9999996647239));
#1984=CARTESIAN_POINT('Ctrl Pts',(-17.0609002744672,-9.34480847004102,54.5000025779008));
#1985=CARTESIAN_POINT('Ctrl Pts',(-12.1678292110097,-6.88397568464458,34.2040851674502));
#1986=CARTESIAN_POINT('Ctrl Pts',(-10.4706119806654,-6.03223254499325,13.7040844199086));
#1987=CARTESIAN_POINT('Ctrl Pts',(-11.9698075441382,-6.78621088425488,-6.9999996647239));
#1988=CARTESIAN_POINT('Ctrl Pts',(-12.0850929235414,-15.5680492362162,54.5000025779008));
#1989=CARTESIAN_POINT('Ctrl Pts',(-8.26837018730546,-11.7630054374339,34.2040851674502));
#1990=CARTESIAN_POINT('Ctrl Pts',(-6.94485319058696,-10.4425039043195,13.7040844199087));
#1991=CARTESIAN_POINT('Ctrl Pts',(-8.1142647358032,-11.6083371219396,-6.9999996647239));
#1992=CARTESIAN_POINT('Ctrl Pts',(-4.41732081445638,-20.0107010770006,54.5000025779008));
#1993=CARTESIAN_POINT('Ctrl Pts',(-2.2601528094169,-15.2421554637889,34.2040851674502));
#1994=CARTESIAN_POINT('Ctrl Pts',(-1.511894194688,-13.5897182404778,13.7040844199087));
#1995=CARTESIAN_POINT('Ctrl Pts',(-2.17283221518253,-15.0507602598621,-6.9999996647239));
#1996=CARTESIAN_POINT('Ctrl Pts',(3.67898791119969,-20.6149084833293,54.5000025779008));
#1997=CARTESIAN_POINT('Ctrl Pts',(4.08447846728279,-15.7178346561536,34.2040851674503));
#1998=CARTESIAN_POINT('Ctrl Pts',(4.22489409174547,-14.0185130651441,13.7040844199087));
#1999=CARTESIAN_POINT('Ctrl Pts',(4.10065521705389,-15.5189350415445,-6.9999996647239));
#2000=CARTESIAN_POINT('Ctrl Pts',(12.8434734668883,-17.0189196369639,54.5000025779008));
#2001=CARTESIAN_POINT('Ctrl Pts',(11.265411634387,-12.8992651932285,34.2040851674502));
#2002=CARTESIAN_POINT('Ctrl Pts',(10.7183229369885,-11.4703280162031,13.7040844199086));
#2003=CARTESIAN_POINT('Ctrl Pts',(11.2018277272296,-12.7325552728669,-6.9999996647239));
#2004=CARTESIAN_POINT('Ctrl Pts',(19.7642332598187,-9.57865864644883,54.5000025779008));
#2005=CARTESIAN_POINT('Ctrl Pts',(16.6889944764048,-7.068621579381,34.2040851674503));
#2006=CARTESIAN_POINT('Ctrl Pts',(15.622204840051,-6.19835738727502,13.7040844199087));
#2007=CARTESIAN_POINT('Ctrl Pts',(16.5644319773483,-6.9674115020218,-6.9999996647239));
#2008=CARTESIAN_POINT('Ctrl Pts',(21.2754474306705,0.484959014047182,54.5000025779008));
#2009=CARTESIAN_POINT('Ctrl Pts',(17.8725371910469,0.816334053672127,34.2040851674503));
#2010=CARTESIAN_POINT('Ctrl Pts',(16.6927850668588,0.931990981068142,13.7040844199086));
#2011=CARTESIAN_POINT('Ctrl Pts',(17.7354079652345,0.830460473375026,-6.9999996647239));
#2012=CARTESIAN_POINT('Ctrl Pts',(18.9364943298461,7.99336370089567,54.5000025779008));
#2013=CARTESIAN_POINT('Ctrl Pts',(16.0407221764515,6.70130568483518,34.2040851674502));
#2014=CARTESIAN_POINT('Ctrl Pts',(15.0358119850998,6.25253027298961,13.7040844199087));
#2015=CARTESIAN_POINT('Ctrl Pts',(15.9230520657966,6.64840591434165,-6.9999996647239));
#2016=CARTESIAN_POINT('Ctrl Pts',(14.5206531364756,14.51117189096,54.5000025779008));
#2017=CARTESIAN_POINT('Ctrl Pts',(12.5793621896776,11.8077867320891,34.2040851674502));
#2018=CARTESIAN_POINT('Ctrl Pts',(11.9066082485434,10.8704856648281,13.7040844199087));
#2019=CARTESIAN_POINT('Ctrl Pts',(12.501403365374,11.6987799985862,-6.9999996647239));
#2020=CARTESIAN_POINT('Ctrl Pts',(6.59992553446689,19.0805360990412,54.5000025779008));
#2021=CARTESIAN_POINT('Ctrl Pts',(6.37332011929107,15.3887615133676,34.2040851674502));
#2022=CARTESIAN_POINT('Ctrl Pts',(6.29453634329129,14.1082587049633,13.7040844199086));
#2023=CARTESIAN_POINT('Ctrl Pts',(6.36396632472517,15.2393871942914,-6.9999996647239));
#2024=CARTESIAN_POINT('Ctrl Pts',(-3.38106220672352,19.0662912318468,54.5000025779008));
#2025=CARTESIAN_POINT('Ctrl Pts',(-1.44815660550575,15.3773779770222,34.2040851674502));
#2026=CARTESIAN_POINT('Ctrl Pts',(-0.777653300734453,14.0980976470056,13.7040844199087));
#2027=CARTESIAN_POINT('Ctrl Pts',(-1.36987921864495,15.2283494487771,-6.9999996647239));
#2028=CARTESIAN_POINT('Ctrl Pts',(-11.4622389013349,15.17923090632,54.5000025779008));
#2029=CARTESIAN_POINT('Ctrl Pts',(-7.78023687273343,12.3312996057789,34.2040851674503));
#2030=CARTESIAN_POINT('Ctrl Pts',(-6.50350721904965,11.3438486450867,13.7040844199087));
#2031=CARTESIAN_POINT('Ctrl Pts',(-7.63164147959658,12.2164306933494,-6.9999996647239));
#2032=CARTESIAN_POINT('Ctrl Pts',(-17.0606241484953,8.15855529220784,54.5000025779008));
#2033=CARTESIAN_POINT('Ctrl Pts',(-12.1674728448334,6.83029912632052,34.2040851674502));
#2034=CARTESIAN_POINT('Ctrl Pts',(-10.4703734374009,6.36943944833583,13.7040844199086));
#2035=CARTESIAN_POINT('Ctrl Pts',(-11.9695935857933,6.77640589644758,-6.9999996647239));
#2036=CARTESIAN_POINT('Ctrl Pts',(-18.3904254203842,2.32728351448473,54.5000025779008));
#2037=CARTESIAN_POINT('Ctrl Pts',(-13.2088451876486,2.26047163763591,34.2040851674503));
#2038=CARTESIAN_POINT('Ctrl Pts',(-11.4124080546179,2.23752926728644,13.7040844199087));
#2039=CARTESIAN_POINT('Ctrl Pts',(-13.0000003858861,2.25799986091976,-6.9999996647239));
#2040=CARTESIAN_POINT('Ctrl Pts',(-18.3904254203842,-0.589909663848644,
54.5000025779008));
#2041=CARTESIAN_POINT('Ctrl Pts',(-13.2093803769114,-0.0252300590481973,
34.2040851674502));
#2042=CARTESIAN_POINT('Ctrl Pts',(-11.4125720320787,0.170603217356242,13.7040844199087));
#2043=CARTESIAN_POINT('Ctrl Pts',(-13.0000003858861,-0.00240983463532742,
-6.9999996647239));
#2044=CARTESIAN_POINT('',(-13.0000003858861,-0.00240983463533113,-6.9999996647239));
#2045=CARTESIAN_POINT('Origin',(-202.010631845432,-20.602587555557,7.66649935076133));
#2046=CARTESIAN_POINT('Ctrl Pts',(-13.0000003858861,-0.00240983463533094,
-6.9999996647239));
#2047=CARTESIAN_POINT('Ctrl Pts',(-13.0000003858861,-0.160789215183007,
-6.9999996647239));
#2048=CARTESIAN_POINT('Ctrl Pts',(-12.9974716034026,-0.319167728763634,
-6.99999966455841));
#2049=CARTESIAN_POINT('Ctrl Pts',(-12.9308659618472,-2.4112502696398,-6.99999966455841));
#2050=CARTESIAN_POINT('Ctrl Pts',(-12.4945309528562,-4.33483860374696,-6.99999966455841));
#2051=CARTESIAN_POINT('Ctrl Pts',(-10.8375071448311,-8.09301857260484,-6.99999966455841));
#2052=CARTESIAN_POINT('Ctrl Pts',(-9.6136644374738,-9.69356957100268,-6.99999966455841));
#2053=CARTESIAN_POINT('Ctrl Pts',(-6.81131405665233,-12.3776968431277,-6.99999966455841));
#2054=CARTESIAN_POINT('Ctrl Pts',(-5.13549450066298,-13.3776449399235,-6.99999966455841));
#2055=CARTESIAN_POINT('Ctrl Pts',(-1.67958633967245,-14.7655580066395,-6.99999966455841));
#2056=CARTESIAN_POINT('Ctrl Pts',(0.318616990746854,-15.129534684981,-6.99999966455841));
#2057=CARTESIAN_POINT('Ctrl Pts',(4.26401199251362,-15.0839940855965,-6.99999966455841));
#2058=CARTESIAN_POINT('Ctrl Pts',(6.18651451923195,-14.6884111681085,-6.99999966455841));
#2059=CARTESIAN_POINT('Ctrl Pts',(10.1014297939675,-13.0342976706169,-6.99999966455841));
#2060=CARTESIAN_POINT('Ctrl Pts',(11.7185927756947,-11.7822488787096,-6.99999966455841));
#2061=CARTESIAN_POINT('Ctrl Pts',(14.2132848459674,-9.23147407393668,-6.99999966455841));
#2062=CARTESIAN_POINT('Ctrl Pts',(15.3090638849556,-7.64054479475738,-6.99999966455841));
#2063=CARTESIAN_POINT('Ctrl Pts',(16.8276929691209,-3.949787420572,-6.99999966455841));
#2064=CARTESIAN_POINT('Ctrl Pts',(17.2150894434467,-1.97485856345574,-6.99999966455841));
#2065=CARTESIAN_POINT('Ctrl Pts',(17.2230193749781,2.46346672969581,-6.99999966455841));
#2066=CARTESIAN_POINT('Ctrl Pts',(16.6350901469357,4.4093345222814,-6.9999996645584));
#2067=CARTESIAN_POINT('Ctrl Pts',(15.4161868943679,7.35502737443434,-6.9999996645584));
#2068=CARTESIAN_POINT('Ctrl Pts',(14.3784233881425,9.10461140746889,-6.99999966455839));
#2069=CARTESIAN_POINT('Ctrl Pts',(11.4336712529008,12.0423214052263,-6.99999966455839));
#2070=CARTESIAN_POINT('Ctrl Pts',(9.80822583068338,13.1349192409075,-6.99999966455839));
#2071=CARTESIAN_POINT('Ctrl Pts',(6.20302995109707,14.6808184092626,-6.99999966455839));
#2072=CARTESIAN_POINT('Ctrl Pts',(4.25622075771968,15.0878575194891,-6.99999966455839));
#2073=CARTESIAN_POINT('Ctrl Pts',(0.464052250539917,15.1237317030599,-6.99999966455839));
#2074=CARTESIAN_POINT('Ctrl Pts',(-1.51430715230698,14.8241519303654,-6.99999966455839));
#2075=CARTESIAN_POINT('Ctrl Pts',(-4.80985620760244,13.4991121214044,-6.99999966455839));
#2076=CARTESIAN_POINT('Ctrl Pts',(-6.65550600052493,12.5624926610348,-6.99999966455839));
#2077=CARTESIAN_POINT('Ctrl Pts',(-9.70186620801653,9.57822853984369,-6.99999966455839));
#2078=CARTESIAN_POINT('Ctrl Pts',(-10.9061756437588,7.97738827659515,-6.99999966455839));
#2079=CARTESIAN_POINT('Ctrl Pts',(-12.5349708384493,4.19175419299416,-6.99999966455839));
#2080=CARTESIAN_POINT('Ctrl Pts',(-12.9554327321893,2.2569149553163,-6.99999966455839));
#2081=CARTESIAN_POINT('Ctrl Pts',(-12.9988807246176,0.208341261278995,-6.99999966455839));
#2082=CARTESIAN_POINT('Ctrl Pts',(-13.0000003858861,0.102966022979028,-6.9999996647239));
#2083=CARTESIAN_POINT('Ctrl Pts',(-13.0000003858861,-0.0024098346353274,
-6.9999996647239));
#2084=CARTESIAN_POINT('',(-18.3904254203842,-0.589909663848649,54.5000025779008));
#2085=CARTESIAN_POINT('Ctrl Pts',(-18.3904254203842,-0.589909663848649,
54.5000025779008));
#2086=CARTESIAN_POINT('Ctrl Pts',(-14.8485699623707,-0.203884542756328,
40.6253488637514));
#2087=CARTESIAN_POINT('Ctrl Pts',(-12.8882817502704,0.00976632567191424,
26.6553201654854));
#2088=CARTESIAN_POINT('Ctrl Pts',(-12.5095607840831,0.051042941436077,12.5899164831028));
#2089=CARTESIAN_POINT('Ctrl Pts',(-18.3904254203842,-0.589909663848645,
54.5000025779008));
#2090=CARTESIAN_POINT('Ctrl Pts',(-18.3904254203842,-0.453915851826162,
54.5000025779008));
#2091=CARTESIAN_POINT('Ctrl Pts',(-18.3889804309606,-0.317922839071236,
54.5000025779008));
#2092=CARTESIAN_POINT('Ctrl Pts',(-18.3329082120894,2.32588337923468,54.5000025779008));
#2093=CARTESIAN_POINT('Ctrl Pts',(-17.790277125976,4.82290851429407,54.5000025779008));
#2094=CARTESIAN_POINT('Ctrl Pts',(-15.6882200342056,9.70849449726743,54.5000025779008));
#2095=CARTESIAN_POINT('Ctrl Pts',(-14.1339870659696,11.7744740870464,54.5000025779008));
#2096=CARTESIAN_POINT('Ctrl Pts',(-10.2024779977264,15.6258444619863,54.5000025779008));
#2097=CARTESIAN_POINT('Ctrl Pts',(-7.82055714678914,16.8346075927886,54.5000025779008));
#2098=CARTESIAN_POINT('Ctrl Pts',(-3.56745504681592,18.5446502896215,54.5000025779008));
#2099=CARTESIAN_POINT('Ctrl Pts',(-1.0142645497009,18.9312758075547,54.5000025779008));
#2100=CARTESIAN_POINT('Ctrl Pts',(3.87975449561209,18.8849780395961,54.5000025779008));
#2101=CARTESIAN_POINT('Ctrl Pts',(6.39222757056369,18.3596698540957,54.5000025779008));
#2102=CARTESIAN_POINT('Ctrl Pts',(11.0449473174225,16.3645950155947,54.5000025779008));
#2103=CARTESIAN_POINT('Ctrl Pts',(13.142681328553,14.9545325126884,54.5000025779008));
#2104=CARTESIAN_POINT('Ctrl Pts',(16.9430591351688,11.1632430034256,54.5000025779008));
#2105=CARTESIAN_POINT('Ctrl Pts',(18.2823546739545,8.90530073033581,54.5000025779008));
#2106=CARTESIAN_POINT('Ctrl Pts',(19.8554218309498,5.1037088726234,54.5000025779008));
#2107=CARTESIAN_POINT('Ctrl Pts',(20.6141794742123,2.59245073139682,54.5000025779008));
#2108=CARTESIAN_POINT('Ctrl Pts',(20.6039454258466,-3.13547208449681,54.5000025779008));
#2109=CARTESIAN_POINT('Ctrl Pts',(20.1039872304678,-5.68423525827316,54.5000025779008));
#2110=CARTESIAN_POINT('Ctrl Pts',(18.1441060578414,-10.4473772037628,54.5000025779008));
#2111=CARTESIAN_POINT('Ctrl Pts',(16.7299380228228,-12.5005660790203,54.5000025779008));
#2112=CARTESIAN_POINT('Ctrl Pts',(13.510389503045,-15.7924927039028,54.5000025779008));
#2113=CARTESIAN_POINT('Ctrl Pts',(11.4233444740747,-17.408336151172,54.5000025779008));
#2114=CARTESIAN_POINT('Ctrl Pts',(6.37091342333131,-19.5430680188432,54.5000025779008));
#2115=CARTESIAN_POINT('Ctrl Pts',(3.88980954764835,-20.0535913061211,54.5000025779008));
#2116=CARTESIAN_POINT('Ctrl Pts',(-1.20195740399149,-20.1123641587317,54.5000025779008));
#2117=CARTESIAN_POINT('Ctrl Pts',(-3.78075767010675,-19.6426306032564,54.5000025779008));
#2118=CARTESIAN_POINT('Ctrl Pts',(-8.24081273535572,-17.8514462271262,54.5000025779008));
#2119=CARTESIAN_POINT('Ctrl Pts',(-10.4035575627508,-16.5609537237579,54.5000025779008));
#2120=CARTESIAN_POINT('Ctrl Pts',(-14.0201574341544,-13.0969278069401,54.5000025779008));
#2121=CARTESIAN_POINT('Ctrl Pts',(-15.5995992513955,-11.0313215306598,54.5000025779008));
#2122=CARTESIAN_POINT('Ctrl Pts',(-17.7380870479315,-6.18116671596597,54.5000025779008));
#2123=CARTESIAN_POINT('Ctrl Pts',(-18.3012033335361,-3.69866154125635,54.5000025779008));
#2124=CARTESIAN_POINT('Ctrl Pts',(-18.3871618762071,-0.998704568362176,
54.5000025779008));
#2125=CARTESIAN_POINT('Ctrl Pts',(-18.3904254203842,-0.79430767554397,54.5000025779008));
#2126=CARTESIAN_POINT('Ctrl Pts',(-18.3904254203842,-0.589909663848649,
54.5000025779008));
#2127=CARTESIAN_POINT('Origin',(-15.3904254203842,-0.589909663848651,54.5000025779008));
#2128=CARTESIAN_POINT('',(24.5595745796158,-0.589909663848652,54.5000025779008));
#2129=CARTESIAN_POINT('Origin',(1.10957457961579,-0.589909663848649,54.5000025779008));
#2130=CARTESIAN_POINT('Origin',(1.10957457961579,-0.589909663848649,54.2500025779008));
#2131=CARTESIAN_POINT('',(25.0595745796158,-0.589909663848646,54.0000025779008));
#2132=CARTESIAN_POINT('Origin',(1.10957457961579,-0.589909663848649,54.0000025779008));
#2133=CARTESIAN_POINT('',(24.8095745796158,-0.589909663848652,54.2500025779008));
#2134=CARTESIAN_POINT('Origin',(1.10957457961579,-0.589909663848649,54.5000025779008));
#2135=CARTESIAN_POINT('',(-22.8404254203842,-0.589909663848652,49.315354931274));
#2136=CARTESIAN_POINT('',(25.0595745796158,-0.589909663848652,49.315354931274));
#2137=CARTESIAN_POINT('Origin',(1.10957457961579,-0.589909663848649,49.315354931274));
#2138=CARTESIAN_POINT('Origin',(1.10957457961579,-0.589909663848649,49.315354931274));
#2139=CARTESIAN_POINT('',(25.0595745796158,-0.589909663848652,54.5000025779008));
#2140=CARTESIAN_POINT('Origin',(1.10957457961579,-0.589909663848649,49.315354931274));
#2141=CARTESIAN_POINT('',(-22.285059469571,-0.589909663848652,48.4196426100996));
#2142=CARTESIAN_POINT('Origin',(-21.8404254203842,-0.589909663848652,49.315354931274));
#2143=CARTESIAN_POINT('Origin',(1.10957457961579,-0.589909663848649,48.4196426100996));
#2144=CARTESIAN_POINT('Origin',(1.10957457961579,-0.589909663848649,47.3000022086315));
#2145=CARTESIAN_POINT('',(-22.285059469571,-0.589909663848652,46.1803618071634));
#2146=CARTESIAN_POINT('Origin',(-22.8408520310545,-0.589909663848652,47.3000022086315));
#2147=CARTESIAN_POINT('',(24.5042086288026,-0.589909663848652,46.1803618071634));
#2148=CARTESIAN_POINT('Origin',(1.10957457961579,-0.589909663848649,46.1803618071634));
#2149=CARTESIAN_POINT('Origin',(1.10957457961579,-0.589909663848649,46.1803618071634));
#2150=CARTESIAN_POINT('Origin',(1.10957457961579,-0.589909663848649,45.284649485989));
#2151=CARTESIAN_POINT('',(25.0595745796158,-0.589909663848646,45.284649485989));
#2152=CARTESIAN_POINT('Origin',(1.10957457961579,-0.589909663848649,45.284649485989));
#2153=CARTESIAN_POINT('Origin',(24.0595745796158,-0.589909663848652,45.284649485989));
#2154=CARTESIAN_POINT('Origin',(1.10957457961579,-0.589909663848649,54.5000025779008));
#2155=CARTESIAN_POINT('',(25.0595745796158,-0.589909663848652,44.2488078393521));
#2156=CARTESIAN_POINT('Origin',(1.10957457961579,-0.589909663848649,44.2488078393521));
#2157=CARTESIAN_POINT('',(25.0595745796158,-0.589909663848652,54.5000025779008));
#2158=CARTESIAN_POINT('Origin',(16.3595745796158,-0.589909663848651,-6.9999996647239));
#2159=CARTESIAN_POINT('',(1.64999496898268,-28.0266520847631,-6.99999986765295));
#2160=CARTESIAN_POINT('Origin',(-400.114243742006,-585.917095176397,-6.9999996647239));
#2161=CARTESIAN_POINT('',(-7.36960128480582,25.9380949425394,-6.9999996647239));
#2162=CARTESIAN_POINT('Origin',(-175.656842622845,151.55419424049,-6.9999996647239));
#2163=CARTESIAN_POINT('',(1.2860592671145,26.9530944158427,-6.99999984131964));
#2164=CARTESIAN_POINT('Origin',(-2.56139438943322,22.3490635340266,-7.));
#2165=CARTESIAN_POINT('',(13.0606959011566,17.7036221435566,-6.9999996647239));
#2166=CARTESIAN_POINT('Origin',(159.9935225997,216.869368290769,-6.9999996647239));
#2167=CARTESIAN_POINT('',(19.300957461874,-10.5580801038481,-6.9999996647239));
#2168=CARTESIAN_POINT('Origin',(0.,0.,-6.9999996647239));
#2169=CARTESIAN_POINT('',(12.1596178100955,-25.1386788183849,-6.9999996647239));
#2170=CARTESIAN_POINT('Origin',(177.217879796786,-96.9423705753763,-6.9999996647239));
#2171=CARTESIAN_POINT('Origin',(5.74068539950161,-22.346313027835,-7.));
#2172=CARTESIAN_POINT('',(-5.91139438943322,22.3490635340266,-6.9999996647239));
#2173=CARTESIAN_POINT('Origin',(-2.56139438943322,22.3490635340266,-6.9999996647239));
#2174=CARTESIAN_POINT('',(2.39068539950161,-22.346313027835,-6.9999996647239));
#2175=CARTESIAN_POINT('Origin',(5.74068539950161,-22.346313027835,-6.9999996647239));
#2176=CARTESIAN_POINT('Origin',(5.74068539950161,-22.346313027835,-7.));
#2177=CARTESIAN_POINT('',(2.39068539950161,-22.346313027835,2.0000003352761));
#2178=CARTESIAN_POINT('',(2.39068539950161,-22.346313027835,-7.));
#2179=CARTESIAN_POINT('Origin',(5.74068539950161,-22.346313027835,2.0000003352761));
#2180=CARTESIAN_POINT('Origin',(5.74068539950161,-22.346313027835,-7.));
#2181=CARTESIAN_POINT('',(1.64999496898268,-28.0266520847631,2.00000013234705));
#2182=CARTESIAN_POINT('',(12.1596178100955,-25.1386788183849,2.0000003352761));
#2183=CARTESIAN_POINT('Origin',(5.74068539950161,-22.346313027835,2.));
#2184=CARTESIAN_POINT('',(1.64999496898277,-28.026652084763,-6.9999996647239));
#2185=CARTESIAN_POINT('',(12.1596178100955,-25.1386788183849,-6.9999996647239));
#2186=CARTESIAN_POINT('Origin',(-21.9188297293454,-7.41171418288483,18.4577624519781));
#2187=CARTESIAN_POINT('',(-21.8874974827035,6.22640497586847,18.4787485147119));
#2188=CARTESIAN_POINT('Origin',(-21.8875440659238,-0.0235950239579348,18.4787485147119));
#2189=CARTESIAN_POINT('Origin',(-3.5527136788005E-14,-0.498624746904399,
2.0000003352761));
#2190=CARTESIAN_POINT('',(11.1383959210391,-21.2874013850662,2.00033952904781));
#2191=CARTESIAN_POINT('',(0.380155212893875,-23.5770510659517,2.00000020040342));
#2192=CARTESIAN_POINT('Origin',(5.74068539950161,-22.346313027835,2.));
#2193=CARTESIAN_POINT('',(0.0847558211268917,-26.9027744755696,2.00000033497915));
#2194=CARTESIAN_POINT('Ctrl Pts',(0.380353788314991,-23.5770056425823,2.0000003352761));
#2195=CARTESIAN_POINT('Ctrl Pts',(0.499819501737339,-24.0976727079,2.0000003352761));
#2196=CARTESIAN_POINT('Ctrl Pts',(0.576530514414675,-24.7316225043289,2.0000003352761));
#2197=CARTESIAN_POINT('Ctrl Pts',(0.51530421418753,-25.6293420244481,2.0000003352761));
#2198=CARTESIAN_POINT('Ctrl Pts',(0.474083012493885,-25.9047938922538,2.0000003352761));
#2199=CARTESIAN_POINT('Ctrl Pts',(0.307317108117404,-26.5190035244917,2.0000003352761));
#2200=CARTESIAN_POINT('Ctrl Pts',(0.18292211454506,-26.7522726145936,2.0000003352761));
#2201=CARTESIAN_POINT('Ctrl Pts',(0.0847558205268826,-26.9027744751782,
2.0000003352761));
#2202=CARTESIAN_POINT('Origin',(-400.114243742006,-585.917095176397,2.0000003352761));
#2203=CARTESIAN_POINT('',(12.6152533161474,-24.1002443324913,2.00000033489499));
#2204=CARTESIAN_POINT('Origin',(177.217879796786,-96.9423705753763,2.0000003352761));
#2205=CARTESIAN_POINT('Ctrl Pts',(12.6152533166875,-24.1002443317915,2.0000003352761));
#2206=CARTESIAN_POINT('Ctrl Pts',(12.3657675515916,-23.907680723554,2.0000003352761));
#2207=CARTESIAN_POINT('Ctrl Pts',(12.1755938130555,-23.6771051548751,2.0000003352761));
#2208=CARTESIAN_POINT('Ctrl Pts',(11.8802574752022,-23.2690995579354,2.0000003352761));
#2209=CARTESIAN_POINT('Ctrl Pts',(11.7386725022099,-23.0220880726964,2.00000033527605));
#2210=CARTESIAN_POINT('Ctrl Pts',(11.4011036128388,-22.3076229949269,2.00000033527605));
#2211=CARTESIAN_POINT('Ctrl Pts',(11.2366131696384,-21.7888638117429,2.0000003352761));
#2212=CARTESIAN_POINT('Ctrl Pts',(11.1385011519437,-21.2876434618898,2.0000003352761));
#2213=CARTESIAN_POINT('Origin',(-27.4649900626307,-0.023553453494632,26.7788747879736));
#2214=CARTESIAN_POINT('Origin',(-14.4783135170911,-0.0236502472889796,7.45263563449258));
#2215=CARTESIAN_POINT('Origin',(-2.56139438943322,22.3490635340266,-7.));
#2216=CARTESIAN_POINT('',(-5.91139438943322,22.3490635340266,2.0000003352761));
#2217=CARTESIAN_POINT('',(-5.91139438943322,22.3490635340266,-7.));
#2218=CARTESIAN_POINT('Origin',(-2.56139438943322,22.3490635340266,2.0000003352761));
#2219=CARTESIAN_POINT('Origin',(-2.56139438943322,22.3490635340266,-7.));
#2220=CARTESIAN_POINT('',(-7.36960128480583,25.9380949425394,2.0000003352761));
#2221=CARTESIAN_POINT('',(-7.36960128480582,25.9380949425394,-6.9999996647239));
#2222=CARTESIAN_POINT('',(1.2860592671145,26.9530944158427,2.00000015868036));
#2223=CARTESIAN_POINT('Origin',(-2.56139438943322,22.3490635340266,2.));
#2224=CARTESIAN_POINT('',(1.2860592671145,26.9530944158427,-6.9999996647239));
#2225=CARTESIAN_POINT('Origin',(-17.9521653331155,-0.0236243555762597,12.6222793647277));
#2226=CARTESIAN_POINT('',(-16.6351517537645,-0.0235768129502932,27.286144552956));
#2227=CARTESIAN_POINT('',(-24.3308182282562,9.24825270712713,22.1148317088771));
#2228=CARTESIAN_POINT('Origin',(-24.3308873341246,-0.0235768129502963,22.1148317088771));
#2229=CARTESIAN_POINT('Origin',(-24.3308873341246,-0.0235768129502963,22.1148317088771));
#2230=CARTESIAN_POINT('Origin',(-17.9520075818646,21.1416216466272,12.6222793647278));
#2231=CARTESIAN_POINT('Origin',(-3.5527136788005E-14,-0.498624746904399,
2.0000003352761));
#2232=CARTESIAN_POINT('',(-7.87006280000415,20.9118845128323,1.99999998281156));
#2233=CARTESIAN_POINT('',(2.93068570392535,22.6403671598157,2.00000004085904));
#2234=CARTESIAN_POINT('Origin',(-2.56139438943322,22.3490635340266,2.));
#2235=CARTESIAN_POINT('',(3.41025784274614,25.1979536302262,2.00000033499786));
#2236=CARTESIAN_POINT('Ctrl Pts',(2.93068568489596,22.6403675189034,2.0000003352761));
#2237=CARTESIAN_POINT('Ctrl Pts',(2.90659027200913,23.0964692548012,2.0000003352761));
#2238=CARTESIAN_POINT('Ctrl Pts',(2.93393878601443,23.5754525367129,2.00000033527615));
#2239=CARTESIAN_POINT('Ctrl Pts',(3.10966288882512,24.5240604042056,2.00000033527615));
#2240=CARTESIAN_POINT('Ctrl Pts',(3.25858941239014,24.9123420551236,2.0000003352761));
#2241=CARTESIAN_POINT('Ctrl Pts',(3.41025784322539,25.1979536299717,2.0000003352761));
#2242=CARTESIAN_POINT('Origin',(159.9935225997,216.869368290769,2.0000003352761));
#2243=CARTESIAN_POINT('',(-9.32111930659511,23.3651652682272,2.00000033491859));
#2244=CARTESIAN_POINT('Origin',(-175.656842622845,151.55419424049,2.0000003352761));
#2245=CARTESIAN_POINT('Ctrl Pts',(-9.32111930704879,23.3651652676458,2.0000003352761));
#2246=CARTESIAN_POINT('Ctrl Pts',(-8.98730008681497,23.098938917882,2.0000003352761));
#2247=CARTESIAN_POINT('Ctrl Pts',(-8.68481050408983,22.7247068925336,2.0000003352761));
#2248=CARTESIAN_POINT('Ctrl Pts',(-8.19241493930472,21.8689959120815,2.0000003352761));
#2249=CARTESIAN_POINT('Ctrl Pts',(-7.99853370696722,21.3860412500543,2.0000003352761));
#2250=CARTESIAN_POINT('Ctrl Pts',(-7.87006291134009,20.911884924044,2.0000003352761));
#2251=CARTESIAN_POINT('Origin',(1.10957457961579,-0.589909663848649,44.2488078393521));
#2252=CARTESIAN_POINT('',(24.1554360952883,-0.589909663848646,41.9011487943776));
#2253=CARTESIAN_POINT('Origin',(1.10957457961579,-0.589909663848649,41.9011487943776));
#2254=CARTESIAN_POINT('Origin',(21.5595745796158,-0.589909663848651,44.2488078393521));
#2255=CARTESIAN_POINT('Ctrl Pts',(0.828636205954748,-24.8205346732869,0.23606558602254));
#2256=CARTESIAN_POINT('Ctrl Pts',(0.491304728450585,-24.1508335648714,1.17986563416586));
#2257=CARTESIAN_POINT('Ctrl Pts',(0.0616519677527693,-22.5063480061352,
3.51032092685289));
#2258=CARTESIAN_POINT('Ctrl Pts',(0.353226312294991,-20.8919910262303,5.95723949371696));
#2259=CARTESIAN_POINT('Ctrl Pts',(0.749460077666432,-20.0359732689142,7.30398841626316));
#2260=CARTESIAN_POINT('Ctrl Pts',(0.966341779069575,-25.0938660197339,0.589767633708129));
#2261=CARTESIAN_POINT('Ctrl Pts',(0.592115919982991,-24.4439726482192,1.50920848888188));
#2262=CARTESIAN_POINT('Ctrl Pts',(0.0648210905425891,-22.8101940379969,
3.79196733469283));
#2263=CARTESIAN_POINT('Ctrl Pts',(0.280923985322236,-21.1413576468848,6.20537441387899));
#2264=CARTESIAN_POINT('Ctrl Pts',(0.653930854698272,-20.2423816437831,7.53570414925919));
#2265=CARTESIAN_POINT('Ctrl Pts',(0.999864216551479,-25.7594030709259,1.2941064062691));
#2266=CARTESIAN_POINT('Ctrl Pts',(0.554403403701756,-25.1067230449558,2.16544009784837));
#2267=CARTESIAN_POINT('Ctrl Pts',(-0.136781367762463,-23.4109558808025,
4.35385147587732));
#2268=CARTESIAN_POINT('Ctrl Pts',(-0.0128763911499064,-21.5944290937781,
6.70075812780871));
#2269=CARTESIAN_POINT('Ctrl Pts',(0.34652187918355,-20.6007042060343,7.99854468446317));
#2270=CARTESIAN_POINT('Ctrl Pts',(0.201221780990614,-26.9974203069713,2.15667008530852));
#2271=CARTESIAN_POINT('Ctrl Pts',(-0.322264039974015,-26.2197447448224,
2.99660919729387));
#2272=CARTESIAN_POINT('Ctrl Pts',(-1.12339848945767,-24.2131522968575,5.11980663652573));
#2273=CARTESIAN_POINT('Ctrl Pts',(-0.954346872810659,-22.0963389565538,
7.41623013320223));
#2274=CARTESIAN_POINT('Ctrl Pts',(-0.517302879593087,-20.9475114379044,
8.6888538632795));
#2275=CARTESIAN_POINT('Ctrl Pts',(-0.922740294207418,-27.5915704512746,
2.18555629209748));
#2276=CARTESIAN_POINT('Ctrl Pts',(-1.45419560447531,-26.6771684305199,3.07817130795683));
#2277=CARTESIAN_POINT('Ctrl Pts',(-2.19138598399268,-24.3976987764118,5.30544426439688));
#2278=CARTESIAN_POINT('Ctrl Pts',(-1.86094055541401,-22.1128514671472,7.67304097567769));
#2279=CARTESIAN_POINT('Ctrl Pts',(-1.3104641286578,-20.8936827365491,8.97851569109266));
#2280=CARTESIAN_POINT('Ctrl Pts',(-1.58058669143246,-27.7258365095484,1.9821216822362));
#2281=CARTESIAN_POINT('Ctrl Pts',(-2.11210051680534,-26.7476838868058,2.92591616818002));
#2282=CARTESIAN_POINT('Ctrl Pts',(-2.80706499868708,-24.345388920755,5.25636056981719));
#2283=CARTESIAN_POINT('Ctrl Pts',(-2.38636359024765,-21.9969441014912,7.70327148463602));
#2284=CARTESIAN_POINT('Ctrl Pts',(-1.77243851661328,-20.7571853057323,9.05001665800957));
#2285=CARTESIAN_POINT('',(-2.45692354430545,-25.0912653608476,4.55332881415549));
#2286=CARTESIAN_POINT('Ctrl Pts',(-2.45682342882077,-25.0919655059597,4.55263352810576));
#2287=CARTESIAN_POINT('Ctrl Pts',(-1.99544456874449,-25.4191097753201,4.28842441101674));
#2288=CARTESIAN_POINT('Ctrl Pts',(-1.53775012330494,-25.7445476085044,3.86237500327057));
#2289=CARTESIAN_POINT('Ctrl Pts',(-0.716384828932839,-26.3298771242278,
2.98421640155274));
#2290=CARTESIAN_POINT('Ctrl Pts',(-0.313405886894916,-26.6177300476472,
2.48995535422947));
#2291=CARTESIAN_POINT('Ctrl Pts',(0.0847558209805686,-26.9027744754111,
2.00000033476813));
#2292=CARTESIAN_POINT('',(0.426927102010346,-20.9269042182959,5.92125504577177));
#2293=CARTESIAN_POINT('Ctrl Pts',(0.380155212893875,-23.5770510659517,2.00000020040342));
#2294=CARTESIAN_POINT('Ctrl Pts',(0.342065535955311,-23.4111499102907,2.2374636019641));
#2295=CARTESIAN_POINT('Ctrl Pts',(0.311940581906675,-23.2446304171195,2.47689038451037));
#2296=CARTESIAN_POINT('Ctrl Pts',(0.274758106083305,-22.9676432289553,2.87755082405605));
#2297=CARTESIAN_POINT('Ctrl Pts',(0.263347814018787,-22.8572007617517,3.03793748691323));
#2298=CARTESIAN_POINT('Ctrl Pts',(0.244035609524414,-22.5927447980921,3.42372093104711));
#2299=CARTESIAN_POINT('Ctrl Pts',(0.239327475160806,-22.4388847606623,3.6496247852451));
#2300=CARTESIAN_POINT('Ctrl Pts',(0.242707555078434,-22.1328570108349,4.10181064627621));
#2301=CARTESIAN_POINT('Ctrl Pts',(0.250745439039453,-21.9806839098023,4.32808766527775));
#2302=CARTESIAN_POINT('Ctrl Pts',(0.279420860287761,-21.6769924762272,4.78244464904842));
#2303=CARTESIAN_POINT('Ctrl Pts',(0.30013281352769,-21.5254822841137,5.01052735081292));
#2304=CARTESIAN_POINT('Ctrl Pts',(0.354134218056895,-21.2245105046837,5.46633997985655));
#2305=CARTESIAN_POINT('Ctrl Pts',(0.38742360714554,-21.0750477955969,5.69406991471886));
#2306=CARTESIAN_POINT('Ctrl Pts',(0.427009735536093,-20.9268585769346,5.92121913615369));
#2307=CARTESIAN_POINT('',(-1.79599476174798,-20.805185198138,8.99790155568818));
#2308=CARTESIAN_POINT('Ctrl Pts',(-1.79599476598378,-20.8051852270447,8.99790447523961));
#2309=CARTESIAN_POINT('Ctrl Pts',(-1.59130352803213,-20.8346059206355,8.9979101526216));
#2310=CARTESIAN_POINT('Ctrl Pts',(-1.38786105235178,-20.8598063535878,8.96557529259781));
#2311=CARTESIAN_POINT('Ctrl Pts',(-0.996543101318274,-20.9010082174018,
8.83598162395017));
#2312=CARTESIAN_POINT('Ctrl Pts',(-0.813017053267531,-20.91656515905,8.73994091304441));
#2313=CARTESIAN_POINT('Ctrl Pts',(-0.372823301298692,-20.9465119510466,
8.4121181766206));
#2314=CARTESIAN_POINT('Ctrl Pts',(-0.191137469814053,-20.9514385389131,
8.16749789787001));
#2315=CARTESIAN_POINT('Ctrl Pts',(0.0970101266997959,-20.9562925315004,
7.68602719294147));
#2316=CARTESIAN_POINT('Ctrl Pts',(0.212889827149983,-20.9536808183149,7.37964294948214));
#2317=CARTESIAN_POINT('Ctrl Pts',(0.382519857199908,-20.9436974312443,6.69454602581013));
#2318=CARTESIAN_POINT('Ctrl Pts',(0.423919746359222,-20.9353512062698,6.3039955283492));
#2319=CARTESIAN_POINT('Ctrl Pts',(0.426204819371105,-20.9260579619525,5.92191391868739));
#2320=CARTESIAN_POINT('Ctrl Pts',(-1.79599733250298,-20.8051867938473,8.99790251209009));
#2321=CARTESIAN_POINT('Ctrl Pts',(-2.39250176384058,-22.0315496320441,7.66722437243183));
#2322=CARTESIAN_POINT('Ctrl Pts',(-2.64784609998806,-23.4855843913683,6.15301157226681));
#2323=CARTESIAN_POINT('Ctrl Pts',(-2.47565088722999,-24.9602553175462,4.68343044986507));
#2324=CARTESIAN_POINT('Ctrl Pts',(-2.45692354430545,-25.0912653608476,4.55332881415549));
#2325=CARTESIAN_POINT('Origin',(-21.329799466253,-0.0235991810042675,17.6487358873858));
#2326=CARTESIAN_POINT('',(-15.2765372593555,-13.3845638763766,23.9547775706913));
#2327=CARTESIAN_POINT('Origin',(-22.3660132890376,-0.0235914577759782,19.1907867795485));
#2328=CARTESIAN_POINT('',(-15.2451749465548,-13.429859365652,24.0865532045196));
#2329=CARTESIAN_POINT('Ctrl Pts',(-15.2451749465542,-13.4298593656533,24.086553204519));
#2330=CARTESIAN_POINT('Ctrl Pts',(-15.2556331415773,-13.4147939406797,24.0426032620882));
#2331=CARTESIAN_POINT('Ctrl Pts',(-15.2660872568595,-13.3996955355192,23.9986780008268));
#2332=CARTESIAN_POINT('Ctrl Pts',(-15.2765372593353,-13.3845638769136,23.954777571584));
#2333=CARTESIAN_POINT('Origin',(-22.4172605874222,-0.023591075813707,19.2670509061768));
#2334=CARTESIAN_POINT('Origin',(-19.656565667241,-0.023611652143259,15.1586980054073));
#2335=CARTESIAN_POINT('',(-30.8964043657811,-12.2724692350255,13.5693716460395));
#2336=CARTESIAN_POINT('Ctrl Pts',(-30.6973640667832,-19.0725024220717,16.1733012487782));
#2337=CARTESIAN_POINT('Ctrl Pts',(-30.9061529222931,-17.9635723663077,16.0329955923681));
#2338=CARTESIAN_POINT('Ctrl Pts',(-31.0243784362983,-16.8391200172713,15.740676148984));
#2339=CARTESIAN_POINT('Ctrl Pts',(-31.1015077865922,-14.4745313984729,14.8479527887272));
#2340=CARTESIAN_POINT('Ctrl Pts',(-31.0320133151166,-13.2939131993752,14.2271126665003));
#2341=CARTESIAN_POINT('Ctrl Pts',(-30.8964043661492,-12.2724692349947,13.5693716460115));
#2342=CARTESIAN_POINT('Origin',(-22.4172605874222,-0.023591075813707,19.2670509061768));
#2343=CARTESIAN_POINT('Origin',(5.74068539950161,-22.346313027835,2.));
#2344=CARTESIAN_POINT('',(0.365044529516986,-21.1833490400216,16.5000003345173));
#2345=CARTESIAN_POINT('',(10.1766583143422,-19.0948296280926,16.5000003345216));
#2346=CARTESIAN_POINT('Origin',(5.74068539950161,-22.346313027835,16.5000003352761));
#2347=CARTESIAN_POINT('Ctrl Pts',(0.365044529513087,-21.1833490400396,16.5000003345035));
#2348=CARTESIAN_POINT('Ctrl Pts',(0.383747328736411,-21.0968979263824,12.9475278523174));
#2349=CARTESIAN_POINT('Ctrl Pts',(0.404572414025738,-21.0108021310657,9.40712828156547));
#2350=CARTESIAN_POINT('Ctrl Pts',(0.427218511516781,-20.9260772620944,5.92131293147238));
#2351=CARTESIAN_POINT('',(10.0156760103564,-18.8850764593478,5.92088548950639));
#2352=CARTESIAN_POINT('Ctrl Pts',(10.0156760103564,-18.8850764593478,5.92088548950639));
#2353=CARTESIAN_POINT('Ctrl Pts',(10.2515734774341,-19.1762720344988,5.36540339996051));
#2354=CARTESIAN_POINT('Ctrl Pts',(10.7352263830255,-19.9185329121038,4.04323738760857));
#2355=CARTESIAN_POINT('Ctrl Pts',(11.0370079964098,-20.7700746293796,2.73616863664362));
#2356=CARTESIAN_POINT('Ctrl Pts',(11.1384564121943,-21.287415283841,2.00032488262022));
#2357=CARTESIAN_POINT('Ctrl Pts',(10.0150909410895,-18.8851777710091,5.92104663732638));
#2358=CARTESIAN_POINT('Ctrl Pts',(10.0702811791823,-18.9533361762839,9.40694738081192));
#2359=CARTESIAN_POINT('Ctrl Pts',(10.1243665912451,-19.0234884466032,12.9474373268201));
#2360=CARTESIAN_POINT('Ctrl Pts',(10.1766583143533,-19.0948296281077,16.5000003345211));
#2361=CARTESIAN_POINT('Origin',(-21.329799466253,-0.0235991810042675,17.6487358873858));
#2362=CARTESIAN_POINT('',(-30.8765683522093,-12.1206069827622,13.4719992785511));
#2363=CARTESIAN_POINT('Origin',(-22.3660132890376,-0.0235914577759782,19.1907867795485));
#2364=CARTESIAN_POINT('Ctrl Pts',(-30.8765683522129,-12.1206069827592,13.4719992785551));
#2365=CARTESIAN_POINT('Ctrl Pts',(-30.883075930609,-12.1712640717888,13.5043401698603));
#2366=CARTESIAN_POINT('Ctrl Pts',(-30.8896885806097,-12.2218840881381,13.5367982232048));
#2367=CARTESIAN_POINT('Ctrl Pts',(-30.8964043662101,-12.2724692354535,13.5693716463069));
#2368=CARTESIAN_POINT('Origin',(-32.9076689113439,-19.2997516718354,35.1696572497693));
#2369=CARTESIAN_POINT('',(-39.7976845434236,-21.1278291726616,30.5397741798985));
#2370=CARTESIAN_POINT('',(-26.0095454278007,-21.0828468334074,39.8050066487432));
#2371=CARTESIAN_POINT('Origin',(-19.656565667241,-0.023611652143259,15.1586980054073));
#2372=CARTESIAN_POINT('',(-14.7049489995906,-14.15152211684,25.7276803576579));
#2373=CARTESIAN_POINT('Ctrl Pts',(-14.7049489995906,-14.15152211684,25.7276803576579));
#2374=CARTESIAN_POINT('Ctrl Pts',(-14.7907336100164,-14.0441211807033,25.5320588607279));
#2375=CARTESIAN_POINT('Ctrl Pts',(-14.8699987757124,-13.9420048265402,25.3301523383636));
#2376=CARTESIAN_POINT('Ctrl Pts',(-14.9429929599776,-13.8456134944221,25.1224291909883));
#2377=CARTESIAN_POINT('Ctrl Pts',(-14.9957336233816,-13.7759676335433,24.9723424860376));
#2378=CARTESIAN_POINT('Ctrl Pts',(-15.0452001179304,-13.7093095668742,24.8192191941186));
#2379=CARTESIAN_POINT('Ctrl Pts',(-15.0914778794042,-13.6457906094234,24.6632359959938));
#2380=CARTESIAN_POINT('Ctrl Pts',(-15.147572528328,-13.5687973948697,24.4741641295468));
#2381=CARTESIAN_POINT('Ctrl Pts',(-15.1987179892625,-13.4967823674748,24.2817858038307));
#2382=CARTESIAN_POINT('Ctrl Pts',(-15.2451749465542,-13.4298593656533,24.086553204519));
#2383=CARTESIAN_POINT('Ctrl Pts',(-14.7049489995904,-14.15152211684,25.7276803576583));
#2384=CARTESIAN_POINT('Ctrl Pts',(-14.9568195678364,-14.7560195883671,25.8561042489577));
#2385=CARTESIAN_POINT('Ctrl Pts',(-15.1970601936146,-15.3968427393448,25.9542420946953));
#2386=CARTESIAN_POINT('Ctrl Pts',(-15.7265153456109,-17.0295096398648,26.0870490101606));
#2387=CARTESIAN_POINT('Ctrl Pts',(-15.9693196558937,-17.9838136483671,26.0701178003728));
#2388=CARTESIAN_POINT('Ctrl Pts',(-16.1378617136662,-18.9129514120316,25.9568670413162));
#2389=CARTESIAN_POINT('Origin',(1.10957457961579,-0.589909663848649,36.8704508408608));
#2390=CARTESIAN_POINT('',(22.220248210887,-0.589909663848652,37.0542191809375));
#2391=CARTESIAN_POINT('Origin',(29.717996486015,-0.589909663848653,36.8704508408608));
#2392=CARTESIAN_POINT('',(-19.4889441654818,4.03194782788694,37.0542191809375));
#2393=CARTESIAN_POINT('Origin',(1.10957457961579,-0.589909663848649,37.0542191809375));
#2394=CARTESIAN_POINT('',(-19.9721560494571,-3.15115447667247,38.2518923630233));
#2395=CARTESIAN_POINT('Ctrl Pts',(-19.9721560502398,-3.15115447756369,38.2518923637911));
#2396=CARTESIAN_POINT('Ctrl Pts',(-20.0243270319059,-2.96849928942225,38.4107044213462));
#2397=CARTESIAN_POINT('Ctrl Pts',(-20.0775216289361,-2.78924016327619,38.5619818994196));
#2398=CARTESIAN_POINT('Ctrl Pts',(-20.2671284340356,-2.15975966786622,39.0736293979704));
#2399=CARTESIAN_POINT('Ctrl Pts',(-20.4069949476839,-1.71806482003339,39.3958537115999));
#2400=CARTESIAN_POINT('Ctrl Pts',(-20.5772133011745,-1.04410994896861,39.7703265495423));
#2401=CARTESIAN_POINT('Ctrl Pts',(-20.6215694968073,-0.810724293257449,
39.8632997088144));
#2402=CARTESIAN_POINT('Ctrl Pts',(-20.6528826700621,-0.511892751494414,
39.9335939601457));
#2403=CARTESIAN_POINT('Ctrl Pts',(-20.6588261710707,-0.424677273412333,
39.9478286215443));
#2404=CARTESIAN_POINT('Ctrl Pts',(-20.6625151260808,-0.268095394514267,
39.9600590549554));
#2405=CARTESIAN_POINT('Ctrl Pts',(-20.6618756327607,-0.200647524784838,
39.9610734391691));
#2406=CARTESIAN_POINT('Ctrl Pts',(-20.6554236704183,-0.0517848246884315,
39.953713080952));
#2407=CARTESIAN_POINT('Ctrl Pts',(-20.6487230254625,0.0280830170366445,
39.9435970102266));
#2408=CARTESIAN_POINT('Ctrl Pts',(-20.6229669888382,0.243183335307181,39.9013794474843));
#2409=CARTESIAN_POINT('Ctrl Pts',(-20.5987968669507,0.37511121963953,39.8591965565321));
#2410=CARTESIAN_POINT('Ctrl Pts',(-20.3730163056106,1.39106898097906,39.4495215494619));
#2411=CARTESIAN_POINT('Ctrl Pts',(-19.8410573603857,2.614728212129,38.4125455376674));
#2412=CARTESIAN_POINT('Ctrl Pts',(-19.4889441654818,4.03194782788693,37.0542191809375));
#2413=CARTESIAN_POINT('',(-19.6091536354777,-4.63896416028818,37.0542191809375));
#2414=CARTESIAN_POINT('Ctrl Pts',(-19.9721560502399,-3.15115447756458,38.2518923637921));
#2415=CARTESIAN_POINT('Ctrl Pts',(-19.8495269628192,-3.58048968139523,37.8786009849648));
#2416=CARTESIAN_POINT('Ctrl Pts',(-19.7294268264882,-4.07790991765725,37.4797323089502));
#2417=CARTESIAN_POINT('Ctrl Pts',(-19.6091536354777,-4.63896416028816,37.0542191809375));
#2418=CARTESIAN_POINT('Origin',(1.10957457961579,-0.589909663848649,37.0542191809375));
#2419=CARTESIAN_POINT('Origin',(0.,0.,-6.9999996647239));
#2420=CARTESIAN_POINT('',(13.0606959011019,17.703622143597,7.5341043380054));
#2421=CARTESIAN_POINT('',(13.0606959011566,17.7036221435566,-6.9999996647239));
#2422=CARTESIAN_POINT('',(19.3009574618845,-10.5580801038283,8.66951465832375));
#2423=CARTESIAN_POINT('Ctrl Pts',(19.3009574618843,-10.5580801038282,8.66951465832436));
#2424=CARTESIAN_POINT('Ctrl Pts',(19.505365211095,-10.1844075010824,8.66982948860226));
#2425=CARTESIAN_POINT('Ctrl Pts',(19.7000791023983,-9.80264958194697,8.669377252748));
#2426=CARTESIAN_POINT('Ctrl Pts',(20.5034476392553,-8.10575755228499,8.66396214666167));
#2427=CARTESIAN_POINT('Ctrl Pts',(21.0006968932224,-6.71716986174137,8.65074769526751));
#2428=CARTESIAN_POINT('Ctrl Pts',(21.7063324015414,-3.8710172594542,8.60656572899666));
#2429=CARTESIAN_POINT('Ctrl Pts',(21.9152838331956,-2.41117633582213,8.5755656216539));
#2430=CARTESIAN_POINT('Ctrl Pts',(22.0423061449273,0.479767261467603,8.49875349104475));
#2431=CARTESIAN_POINT('Ctrl Pts',(21.960257860068,1.91087513214298,8.45294005181308));
#2432=CARTESIAN_POINT('Ctrl Pts',(21.5489456972168,4.64269416189626,8.35204419022696));
#2433=CARTESIAN_POINT('Ctrl Pts',(21.2051470669748,6.03658921718536,8.29348979228334));
#2434=CARTESIAN_POINT('Ctrl Pts',(20.2304747265114,8.7650763743769,8.16324478233825));
#2435=CARTESIAN_POINT('Ctrl Pts',(19.5997171116287,10.0997104301329,8.09156430101581));
#2436=CARTESIAN_POINT('Ctrl Pts',(18.0848455378606,12.6131448640388,7.93993475150634));
#2437=CARTESIAN_POINT('Ctrl Pts',(17.1995286557224,13.7939432297608,7.85986911531213));
#2438=CARTESIAN_POINT('Ctrl Pts',(15.243232359386,15.9292348542503,7.69721630237748));
#2439=CARTESIAN_POINT('Ctrl Pts',(14.1721636803448,16.8836462905816,7.61462861771442));
#2440=CARTESIAN_POINT('Ctrl Pts',(13.0606959011566,17.7036221435566,7.53410433800945));
#2441=CARTESIAN_POINT('',(19.300957461874,-10.5580801038481,-6.9999996647239));
#2442=CARTESIAN_POINT('Origin',(-310.534769380448,-92.9605215579648,-151.387395859731));
#2443=CARTESIAN_POINT('Ctrl Pts',(-30.8765683522129,-12.1206069827592,13.4719992785551));
#2444=CARTESIAN_POINT('Ctrl Pts',(-30.6111598679352,-10.0545817427765,12.1529914358251));
#2445=CARTESIAN_POINT('Ctrl Pts',(-30.377510671752,-8.2551259070698,10.9653403348842));
#2446=CARTESIAN_POINT('Ctrl Pts',(-30.4136985033787,-5.49083554427419,9.69133680189708));
#2447=CARTESIAN_POINT('Ctrl Pts',(-30.518372256978,-4.51138677649524,9.36756586036186));
#2448=CARTESIAN_POINT('Ctrl Pts',(-30.750483879917,-3.50539643727243,9.21158849108811));
#2449=CARTESIAN_POINT('Origin',(-175.656842622845,151.55419424049,-6.9999996647239));
#2450=CARTESIAN_POINT('',(-10.9704806261705,21.2520358330394,4.34782429308788));
#2451=CARTESIAN_POINT('Ctrl Pts',(-16.6571146107977,14.3715186138097,6.12421681104702));
#2452=CARTESIAN_POINT('Ctrl Pts',(-16.6026756359675,14.4346153725784,6.12523966150378));
#2453=CARTESIAN_POINT('Ctrl Pts',(-16.5481710291316,14.497864136371,6.12575405824468));
#2454=CARTESIAN_POINT('Ctrl Pts',(-14.4894198106503,16.8897943358545,6.12575405824469));
#2455=CARTESIAN_POINT('Ctrl Pts',(-12.6770258113023,19.096126856879,5.4353774161989));
#2456=CARTESIAN_POINT('Ctrl Pts',(-10.9709408652946,21.2524146582355,4.34785377485054));
#2457=CARTESIAN_POINT('Ctrl Pts',(-9.32111930675092,23.3651652679926,2.00000033469693));
#2458=CARTESIAN_POINT('Ctrl Pts',(-9.53009835622013,23.0939979018771,2.43394501243515));
#2459=CARTESIAN_POINT('Ctrl Pts',(-9.75246175248797,22.806807527942,2.85695503384681));
#2460=CARTESIAN_POINT('Ctrl Pts',(-10.2335023757965,22.1893161835724,3.61800381262744));
#2461=CARTESIAN_POINT('Ctrl Pts',(-10.583162119891,21.7425225165453,4.09930178891434));
#2462=CARTESIAN_POINT('Ctrl Pts',(-10.9707087150701,21.2527080689561,4.34710853362822));
#2463=CARTESIAN_POINT('Origin',(-25.2007130615349,-0.0235703298649329,23.4092706648975));
#2464=CARTESIAN_POINT('',(-25.2006392737139,9.87642966986008,23.4092706648975));
#2465=CARTESIAN_POINT('',(-16.9835880509348,-0.0235703298649341,28.9309422016851));
#2466=CARTESIAN_POINT('Origin',(-25.2007130615349,-0.0235703298649329,23.4092706648975));
#2467=CARTESIAN_POINT('Origin',(-18.8511164624348,-0.0235703298649338,27.6760168524152));
#2468=CARTESIAN_POINT('Origin',(-25.2007130615349,-0.0235703298649329,23.4092706648975));
#2469=CARTESIAN_POINT('Origin',(-400.114243742006,-585.917095176397,-6.9999996647239));
#2470=CARTESIAN_POINT('Ctrl Pts',(-2.45696150654467,-25.0918676009012,4.55314003041372));
#2471=CARTESIAN_POINT('Ctrl Pts',(-3.82469419705979,-24.122066604455,5.33473671800902));
#2472=CARTESIAN_POINT('Ctrl Pts',(-5.22105628092787,-23.1394098595053,5.98861619953975));
#2473=CARTESIAN_POINT('Ctrl Pts',(-8.18408037659786,-21.0716063954401,6.95096092836897));
#2474=CARTESIAN_POINT('Ctrl Pts',(-9.75604725030222,-19.9835835303673,7.23865332075913));
#2475=CARTESIAN_POINT('Ctrl Pts',(-11.7437070457385,-18.6211037542896,7.23865332075913));
#2476=CARTESIAN_POINT('Ctrl Pts',(-12.0765218737463,-18.3934073813163,7.22677824828494));
#2477=CARTESIAN_POINT('Ctrl Pts',(-12.4066433951761,-18.1679722063101,7.20370288171345));
#2478=CARTESIAN_POINT('Ctrl Pts',(2.78306884868773,23.6477985710429,0.55886385871901));
#2479=CARTESIAN_POINT('Ctrl Pts',(2.94626780707755,22.97621367593,1.50689368291583));
#2480=CARTESIAN_POINT('Ctrl Pts',(3.01869138562074,21.39375925896,3.79526359719017));
#2481=CARTESIAN_POINT('Ctrl Pts',(2.45973203015959,19.9179093503171,6.12798774787565));
#2482=CARTESIAN_POINT('Ctrl Pts',(1.91775892557718,19.157326455157,7.37237698823751));
#2483=CARTESIAN_POINT('Ctrl Pts',(2.71152563833266,23.9422081671359,0.8801377024932));
#2484=CARTESIAN_POINT('Ctrl Pts',(2.91295545251411,23.2750055259536,1.80797321877016));
#2485=CARTESIAN_POINT('Ctrl Pts',(3.07308742270596,21.6729915361327,4.05644174610105));
#2486=CARTESIAN_POINT('Ctrl Pts',(2.56730778722098,20.127561518419,6.3603466152892));
#2487=CARTESIAN_POINT('Ctrl Pts',(2.03387495641688,19.3202789451677,7.59080690920174));
#2488=CARTESIAN_POINT('Ctrl Pts',(2.80195333826032,24.58560059046,1.52044732689147));
#2489=CARTESIAN_POINT('Ctrl Pts',(3.06719816584321,23.8930778652944,2.40820027817154));
#2490=CARTESIAN_POINT('Ctrl Pts',(3.35723626687596,22.1901004457024,4.57770065831838));
#2491=CARTESIAN_POINT('Ctrl Pts',(2.89911056088897,20.4854419056559,6.82454685187852));
#2492=CARTESIAN_POINT('Ctrl Pts',(2.352805253509,19.5839808967266,8.02728984752659));
#2493=CARTESIAN_POINT('Ctrl Pts',(3.72966967607106,25.6056489813648,2.33921213477724));
#2494=CARTESIAN_POINT('Ctrl Pts',(4.03668343787392,24.7865526466468,3.20006606311716));
#2495=CARTESIAN_POINT('Ctrl Pts',(4.36003119129583,22.784800727907,5.31342235564323));
#2496=CARTESIAN_POINT('Ctrl Pts',(3.7991340000468,20.809767645075,7.51582779092704));
#2497=CARTESIAN_POINT('Ctrl Pts',(3.14428501759208,19.772949986129,8.696694428131));
#2498=CARTESIAN_POINT('Ctrl Pts',(4.85613076444202,25.9770424792528,2.43983802474889));
#2499=CARTESIAN_POINT('Ctrl Pts',(5.13787687562975,25.0453794877769,3.34366163333015));
#2500=CARTESIAN_POINT('Ctrl Pts',(5.34906105436093,22.8268648975503,5.54254663511267));
#2501=CARTESIAN_POINT('Ctrl Pts',(4.60797404142859,20.7272836543954,7.80497461796409));
#2502=CARTESIAN_POINT('Ctrl Pts',(3.82996458063312,19.6403818958606,9.01321726618583));
#2503=CARTESIAN_POINT('Ctrl Pts',(5.50409205983013,26.0034849293316,2.30483919024618));
#2504=CARTESIAN_POINT('Ctrl Pts',(5.76907480231808,25.0220729122281,3.25286901444299));
#2505=CARTESIAN_POINT('Ctrl Pts',(5.914861787802,22.7118837717786,5.54123892871733));
#2506=CARTESIAN_POINT('Ctrl Pts',(5.07506023607244,20.5718578034812,7.87396307940281));
#2507=CARTESIAN_POINT('Ctrl Pts',(4.22858054622577,19.4745955703883,9.11835231976467));
#2508=CARTESIAN_POINT('',(5.73926559878435,23.3179297827264,4.97090239819055));
#2509=CARTESIAN_POINT('Ctrl Pts',(5.73932804095536,23.318616649157,4.97019881058391));
#2510=CARTESIAN_POINT('Ctrl Pts',(5.20462328262595,23.7447604441217,4.64467383045394));
#2511=CARTESIAN_POINT('Ctrl Pts',(4.71892921834484,24.1357471629352,4.04955496070713));
#2512=CARTESIAN_POINT('Ctrl Pts',(4.02680403621991,24.6954086393786,3.07407939410454));
#2513=CARTESIAN_POINT('Ctrl Pts',(3.70907707908396,24.9538374602657,2.53703476293993));
#2514=CARTESIAN_POINT('Ctrl Pts',(3.4102578428409,25.1979536299402,2.00000033481513));
#2515=CARTESIAN_POINT('',(2.27974060666186,19.736945073559,6.43305091343506));
#2516=CARTESIAN_POINT('Ctrl Pts',(2.93068570392535,22.6403671598157,2.00000004085904));
#2517=CARTESIAN_POINT('Ctrl Pts',(2.94835791698721,22.3039951492159,2.48806746330029));
#2518=CARTESIAN_POINT('Ctrl Pts',(2.90797520777715,21.2987462731902,3.96912015950788));
#2519=CARTESIAN_POINT('Ctrl Pts',(2.60529925669134,20.3377837416028,5.46859878367873));
#2520=CARTESIAN_POINT('Ctrl Pts',(2.27974060666186,19.736945073559,6.43305091343506));
#2521=CARTESIAN_POINT('',(4.30917354761124,19.5809282540665,8.99793010824535));
#2522=CARTESIAN_POINT('Ctrl Pts',(4.30916693135661,19.580919367793,8.9979401579724));
#2523=CARTESIAN_POINT('Ctrl Pts',(4.12183900799632,19.610634141635,8.9979374251177));
#2524=CARTESIAN_POINT('Ctrl Pts',(3.93475302861535,19.636953308393,8.97269235300106));
#2525=CARTESIAN_POINT('Ctrl Pts',(3.57896596762505,19.6808615810956,8.86929153313565));
#2526=CARTESIAN_POINT('Ctrl Pts',(3.41231515250206,19.6984134315675,8.79350289253489));
#2527=CARTESIAN_POINT('Ctrl Pts',(3.01818163136148,19.7337540382423,8.53406483303554));
#2528=CARTESIAN_POINT('Ctrl Pts',(2.85570209318432,19.7425356280325,8.34343691569687));
#2529=CARTESIAN_POINT('Ctrl Pts',(2.58981586578577,19.754249123006,7.95092983340959));
#2530=CARTESIAN_POINT('Ctrl Pts',(2.4822700651889,19.755080222312,7.69631095037377));
#2531=CARTESIAN_POINT('Ctrl Pts',(2.32160755882449,19.7509146074517,7.10867459906558));
#2532=CARTESIAN_POINT('Ctrl Pts',(2.2836104899718,19.7445737979359,6.76729824426719));
#2533=CARTESIAN_POINT('Ctrl Pts',(2.2795612149894,19.7366140222663,6.43358231210592));
#2534=CARTESIAN_POINT('Ctrl Pts',(4.30917354761124,19.5809282540665,8.99793010824535));
#2535=CARTESIAN_POINT('Ctrl Pts',(5.10561674636325,20.6506305338176,7.78817501523681));
#2536=CARTESIAN_POINT('Ctrl Pts',(5.5899190506587,21.9138241300249,6.41372886254479));
#2537=CARTESIAN_POINT('Ctrl Pts',(5.73182579757048,23.2361327747288,5.05469146606788));
#2538=CARTESIAN_POINT('Ctrl Pts',(5.73926559878435,23.3179297827264,4.97090239819055));
#2539=CARTESIAN_POINT('Origin',(177.217879796786,-96.9423705753763,-6.9999996647239));
#2540=CARTESIAN_POINT('',(14.109366790422,-20.8137369734015,5.29003833600761));
#2541=CARTESIAN_POINT('Ctrl Pts',(19.3009574618848,-10.5580801038285,8.66951465832376));
#2542=CARTESIAN_POINT('Ctrl Pts',(18.3292280007882,-12.3344739944405,8.66801799365726));
#2543=CARTESIAN_POINT('Ctrl Pts',(17.4504615244125,-14.0106482383518,8.33031010760231));
#2544=CARTESIAN_POINT('Ctrl Pts',(15.8078034369775,-17.2548537127376,7.22543543671215));
#2545=CARTESIAN_POINT('Ctrl Pts',(15.0442814608385,-18.8229251613968,6.45801082462375));
#2546=CARTESIAN_POINT('Ctrl Pts',(14.2473641683924,-20.5183053322128,5.46655699687114));
#2547=CARTESIAN_POINT('Ctrl Pts',(14.1781700140966,-20.6660338865178,5.37875985736389));
#2548=CARTESIAN_POINT('Ctrl Pts',(14.1093146217999,-20.8135589035966,5.28973822471777));
#2549=CARTESIAN_POINT('Ctrl Pts',(12.6152533160429,-24.100244332103,2.000000334593));
#2550=CARTESIAN_POINT('Ctrl Pts',(12.8461379593706,-23.578510266037,2.59101203188675));
#2551=CARTESIAN_POINT('Ctrl Pts',(13.0739439476479,-23.0702065377177,3.20274602728692));
#2552=CARTESIAN_POINT('Ctrl Pts',(13.4388325765301,-22.2662717871476,4.07203543194286));
#2553=CARTESIAN_POINT('Ctrl Pts',(13.5764984563277,-21.9649496597129,4.37956821272722));
#2554=CARTESIAN_POINT('Ctrl Pts',(13.8391227562755,-21.3946051390145,4.88649729606176));
#2555=CARTESIAN_POINT('Ctrl Pts',(13.971576293695,-21.1086688190396,5.1121498107882));
#2556=CARTESIAN_POINT('Ctrl Pts',(14.1092287423949,-20.8137429034101,5.29010957968711));
#2557=CARTESIAN_POINT('Origin',(-27.4649900626307,-0.023553453494632,26.7788747879736));
#2558=CARTESIAN_POINT('',(-26.907171675139,9.87644238918406,25.9488621606474));
#2559=CARTESIAN_POINT('Origin',(-26.90724546296,-0.0235576105409625,25.9488621606474));
#2560=CARTESIAN_POINT('',(-27.4649162748097,9.87644654623039,26.7788747879736));
#2561=CARTESIAN_POINT('Origin',(-14.4783135170911,-0.0236502472889796,7.45263563449258));
#2562=CARTESIAN_POINT('',(-16.2996674577981,10.0880107912047,8.99789872539561));
#2563=CARTESIAN_POINT('Ctrl Pts',(-16.2996674577982,10.0880107912047,8.99789872539563));
#2564=CARTESIAN_POINT('Ctrl Pts',(-16.2467253379193,10.2221529339645,10.0181014629551));
#2565=CARTESIAN_POINT('Ctrl Pts',(-16.1974927932857,10.3458402963026,11.0018451607662));
#2566=CARTESIAN_POINT('Ctrl Pts',(-16.1469483464321,10.4678272866668,11.9507651844672));
#2567=CARTESIAN_POINT('Ctrl Pts',(-16.01249610383,10.7923223685948,14.4749678057029));
#2568=CARTESIAN_POINT('Ctrl Pts',(-15.8657954607765,11.1191518801308,16.8443709879001));
#2569=CARTESIAN_POINT('Ctrl Pts',(-15.6036143186616,11.5749250629556,19.1388707784384));
#2570=CARTESIAN_POINT('Ctrl Pts',(-15.5932496593905,11.5929428872231,19.2295779449973));
#2571=CARTESIAN_POINT('Ctrl Pts',(-15.5826821747602,11.6111884677341,19.3203270728207));
#2572=CARTESIAN_POINT('Ctrl Pts',(-15.5719073962382,11.6296616428875,19.4110792819449));
#2573=CARTESIAN_POINT('Ctrl Pts',(-20.3381725271118,8.38801243462805,6.09975619581397));
#2574=CARTESIAN_POINT('Ctrl Pts',(-20.0839031280382,8.58800110162104,6.2609870809282));
#2575=CARTESIAN_POINT('Ctrl Pts',(-19.8221058511313,8.77221274368368,6.43028766869106));
#2576=CARTESIAN_POINT('Ctrl Pts',(-18.5798092319711,9.54959342534079,7.25275079367289));
#2577=CARTESIAN_POINT('Ctrl Pts',(-17.546331424404,9.92647092506436,7.99030551195519));
#2578=CARTESIAN_POINT('Ctrl Pts',(-16.4528761268299,10.0717567020966,8.87260626378661));
#2579=CARTESIAN_POINT('Ctrl Pts',(-16.3761221981143,10.0805806443243,8.93509043395497));
#2580=CARTESIAN_POINT('Ctrl Pts',(-16.2996674577981,10.0880107912046,8.99789872539558));
#2581=CARTESIAN_POINT('',(-16.9473579470138,-10.1317586089143,8.99789872539561));
#2582=CARTESIAN_POINT('Ctrl Pts',(-16.9473579470138,-10.1317586089143,8.99789872539558));
#2583=CARTESIAN_POINT('Ctrl Pts',(-17.4932372010899,-10.0396299344368,8.54739882178324));
#2584=CARTESIAN_POINT('Ctrl Pts',(-18.043000838616,-9.87686301211422,8.1187586764885));
#2585=CARTESIAN_POINT('Ctrl Pts',(-19.1443123967512,-9.40200933018182,7.29650670974376));
#2586=CARTESIAN_POINT('Ctrl Pts',(-19.6873559371735,-9.08907372048479,6.9102119052902));
#2587=CARTESIAN_POINT('Ctrl Pts',(-20.2024259658998,-8.70987942032302,6.55530917775353));
#2588=CARTESIAN_POINT('Ctrl Pts',(-15.2765372595546,-13.3845638765962,23.954777570663));
#2589=CARTESIAN_POINT('Ctrl Pts',(-15.3715974704829,-13.2469161906661,23.5554299080653));
#2590=CARTESIAN_POINT('Ctrl Pts',(-15.457216564383,-13.1184098884091,23.1632624459887));
#2591=CARTESIAN_POINT('Ctrl Pts',(-15.5348667466968,-12.9985644171637,22.7806752401282));
#2592=CARTESIAN_POINT('Ctrl Pts',(-15.720035504623,-12.7127745272709,21.8683374245978));
#2593=CARTESIAN_POINT('Ctrl Pts',(-15.8583216732472,-12.4798142617021,21.0244886574308));
#2594=CARTESIAN_POINT('Ctrl Pts',(-15.9719317935839,-12.2796744383536,20.2380851856673));
#2595=CARTESIAN_POINT('Ctrl Pts',(-16.1670549865556,-11.9359381474598,18.887452373029));
#2596=CARTESIAN_POINT('Ctrl Pts',(-16.3224046429631,-11.6270291484812,17.4433981806364));
#2597=CARTESIAN_POINT('Ctrl Pts',(-16.4518063140142,-11.3461128899588,15.9592453241551));
#2598=CARTESIAN_POINT('Ctrl Pts',(-16.6351530379513,-10.9480880786686,13.8563778584767));
#2599=CARTESIAN_POINT('Ctrl Pts',(-16.770009467495,-10.6027292619869,11.6747301536787));
#2600=CARTESIAN_POINT('Ctrl Pts',(-16.9088115336284,-10.2344782315686,9.57729071712998));
#2601=CARTESIAN_POINT('Ctrl Pts',(-16.9216126363319,-10.2005160623276,9.38385312366016));
#2602=CARTESIAN_POINT('Ctrl Pts',(-16.9344592379748,-10.1662767782271,9.19059337210797));
#2603=CARTESIAN_POINT('Ctrl Pts',(-16.9473579470139,-10.1317586089143,8.99789872539561));
#2604=CARTESIAN_POINT('Origin',(-2.56139438943322,22.3490635340266,2.));
#2605=CARTESIAN_POINT('',(2.40055783547441,19.9765064633696,16.5000003351058));
#2606=CARTESIAN_POINT('',(-6.53513160949935,18.5465105177341,16.5000003351058));
#2607=CARTESIAN_POINT('Origin',(-2.56139438943322,22.3490635340266,16.5000003352761));
#2608=CARTESIAN_POINT('Origin',(-0.869329496511909,21.6839494598731,84.2854014082216));
#2609=CARTESIAN_POINT('',(-6.34562202176531,18.3566184369603,6.43306941235167));
#2610=CARTESIAN_POINT('Ctrl Pts',(-6.34562202176531,18.3566184369603,6.43306941235167));
#2611=CARTESIAN_POINT('Ctrl Pts',(-6.85317575587891,18.8359473937848,5.44790797115325));
#2612=CARTESIAN_POINT('Ctrl Pts',(-7.4374189589764,19.6569176283173,3.94739376187407));
#2613=CARTESIAN_POINT('Ctrl Pts',(-7.78569098043869,20.6008798613319,2.46691761057385));
#2614=CARTESIAN_POINT('Ctrl Pts',(-7.87006280000415,20.9118845128323,1.99999998281156));
#2615=CARTESIAN_POINT('Origin',(-3.96139184543858,21.1891205994423,84.2854007726627));
#2616=CARTESIAN_POINT('Ctrl Pts',(-5.82114255181834,17.919160383951,7.3718127536121));
#2617=CARTESIAN_POINT('Ctrl Pts',(-6.58535906305727,18.4815112166683,6.1075158051304));
#2618=CARTESIAN_POINT('Ctrl Pts',(-7.58806955285094,19.7332226604154,3.73500900971355));
#2619=CARTESIAN_POINT('Ctrl Pts',(-8.00430210110911,21.2906158979957,1.41230439316633));
#2620=CARTESIAN_POINT('Ctrl Pts',(-8.04986302450919,21.9930971847922,0.45185837691318));
#2621=CARTESIAN_POINT('Ctrl Pts',(-5.98231540158901,18.0377595491827,7.59024897538991));
#2622=CARTESIAN_POINT('Ctrl Pts',(-6.75308774891535,18.6478944841229,6.34010433188023));
#2623=CARTESIAN_POINT('Ctrl Pts',(-7.72586447322661,19.9836440475947,3.99694702437161));
#2624=CARTESIAN_POINT('Ctrl Pts',(-8.06253602382574,21.5865189932214,1.71511711874564));
#2625=CARTESIAN_POINT('Ctrl Pts',(-8.06950598078831,22.2959621878183,0.77542312179554));
#2626=CARTESIAN_POINT('Ctrl Pts',(-6.36763073120382,18.1887964507775,8.02674131698451));
#2627=CARTESIAN_POINT('Ctrl Pts',(-7.18067558469148,18.8857574328061,6.80475844259096));
#2628=CARTESIAN_POINT('Ctrl Pts',(-8.15684063323128,20.3905969813236,4.51969525405198));
#2629=CARTESIAN_POINT('Ctrl Pts',(-8.3977555091395,22.1309178406116,2.3187517325825));
#2630=CARTESIAN_POINT('Ctrl Pts',(-8.35019385382325,22.8838679931494,1.42024660531196));
#2631=CARTESIAN_POINT('Ctrl Pts',(-7.17861903654882,18.1213673021245,8.69615092531962));
#2632=CARTESIAN_POINT('Ctrl Pts',(-8.13933574298967,18.9145749152951,7.49639485389929));
#2633=CARTESIAN_POINT('Ctrl Pts',(-9.29936231127412,20.648800086386,5.25656972343555));
#2634=CARTESIAN_POINT('Ctrl Pts',(-9.59955080282731,22.6896616502771,3.11300879817522));
#2635=CARTESIAN_POINT('Ctrl Pts',(-9.54976229771445,23.5785495872262,2.24206822026707));
#2636=CARTESIAN_POINT('Ctrl Pts',(-7.78874561657494,17.7814529846227,9.01266919305575));
#2637=CARTESIAN_POINT('Ctrl Pts',(-8.88421546023579,18.5839632710289,7.78509805697874));
#2638=CARTESIAN_POINT('Ctrl Pts',(-10.2574656216743,20.3820568936021,5.48411607815286));
#2639=CARTESIAN_POINT('Ctrl Pts',(-10.7334656825454,22.5996706888518,3.25290111789019));
#2640=CARTESIAN_POINT('Ctrl Pts',(-10.7424877549275,23.5911375690095,2.33775784592465));
#2641=CARTESIAN_POINT('Ctrl Pts',(-8.11574791182226,17.4995445326314,9.11778808513927));
#2642=CARTESIAN_POINT('Ctrl Pts',(-9.28058930646471,18.2903506263928,7.85349113665756));
#2643=CARTESIAN_POINT('Ctrl Pts',(-10.7618180126232,20.0966252859092,5.48098434124071));
#2644=CARTESIAN_POINT('Ctrl Pts',(-11.3294909377534,22.3836647021266,3.15827972469349));
#2645=CARTESIAN_POINT('Ctrl Pts',(-11.3698475828258,23.4189252526407,2.19783370844034));
#2646=CARTESIAN_POINT('',(-8.22497981073132,17.5750630962346,8.9979304756971));
#2647=CARTESIAN_POINT('Ctrl Pts',(-10.9704806261705,21.2520358330394,4.34782429308788));
#2648=CARTESIAN_POINT('Ctrl Pts',(-10.8847046806937,20.9992711543926,4.61696057021655));
#2649=CARTESIAN_POINT('Ctrl Pts',(-10.3136395472796,19.5698385694844,6.18134186607483));
#2650=CARTESIAN_POINT('Ctrl Pts',(-9.33366850290957,18.3555954178621,7.76801452688443));
#2651=CARTESIAN_POINT('Ctrl Pts',(-8.22497981073132,17.5750630962346,8.9979304756971));
#2652=CARTESIAN_POINT('Ctrl Pts',(-6.34533774711357,18.3563499898428,6.4336211631387));
#2653=CARTESIAN_POINT('Ctrl Pts',(-6.35171109041575,18.3627026152758,6.77002039927381));
#2654=CARTESIAN_POINT('Ctrl Pts',(-6.39035237743318,18.3567289876974,7.11426991411538));
#2655=CARTESIAN_POINT('Ctrl Pts',(-6.56410187915551,18.3044100728783,7.77092729302016));
#2656=CARTESIAN_POINT('Ctrl Pts',(-6.68200140446441,18.2626272949436,8.01058076799376));
#2657=CARTESIAN_POINT('Ctrl Pts',(-6.93894294681997,18.1652600450389,8.41049373612018));
#2658=CARTESIAN_POINT('Ctrl Pts',(-7.10166958794073,18.0993558635617,8.57528713688704));
#2659=CARTESIAN_POINT('Ctrl Pts',(-7.41714803850399,17.9631877679316,8.7975398308398));
#2660=CARTESIAN_POINT('Ctrl Pts',(-7.56873552500705,17.8949749445927,8.87182549628067));
#2661=CARTESIAN_POINT('Ctrl Pts',(-7.89005239842801,17.7435087958868,8.97318194832832));
#2662=CARTESIAN_POINT('Ctrl Pts',(-8.05792198446492,17.6608988945556,8.99793726094806));
#2663=CARTESIAN_POINT('Ctrl Pts',(-8.22497064570219,17.575056643936,8.99794064284786));
#2664=CARTESIAN_POINT('Origin',(159.9935225997,216.869368290769,-6.9999996647239));
#2665=CARTESIAN_POINT('Ctrl Pts',(5.73938611660043,23.3185703646088,4.97079363207324));
#2666=CARTESIAN_POINT('Ctrl Pts',(6.9305885723558,22.369218007719,5.69387076593876));
#2667=CARTESIAN_POINT('Ctrl Pts',(8.15300457932241,21.4127795972853,6.30468473476657));
#2668=CARTESIAN_POINT('Ctrl Pts',(10.5892535108383,19.5453603752326,7.1661026616318));
#2669=CARTESIAN_POINT('Ctrl Pts',(11.7949095223812,18.6374452242214,7.44239989247726));
#2670=CARTESIAN_POINT('Ctrl Pts',(13.0606959011019,17.703622143597,7.53410433800546));
#2671=CARTESIAN_POINT('Origin',(1.10957457961579,-0.589909663848648,5.49894953033585));
#2672=CARTESIAN_POINT('Origin',(1.10957457961579,-0.589909663848648,8.99789872539561));
#2673=CARTESIAN_POINT('Origin',(-27.1861177627953,-0.0235555320177973,26.3638684743105));
#2674=CARTESIAN_POINT('',(-27.1860402483167,10.3764444676933,26.3638684743105));
#2675=CARTESIAN_POINT('Ctrl Pts',(9.35842289048752,-18.2036115606381,7.30383789972437));
#2676=CARTESIAN_POINT('Ctrl Pts',(9.88683983843132,-18.6650674049914,6.3022163825816));
#2677=CARTESIAN_POINT('Ctrl Pts',(10.879374300363,-19.9395712533048,3.89765180791329));
#2678=CARTESIAN_POINT('Ctrl Pts',(11.2751957456437,-21.5726215149133,1.54262079225844));
#2679=CARTESIAN_POINT('Ctrl Pts',(11.2364737416498,-22.5615117692525,0.29177561191452));
#2680=CARTESIAN_POINT('Ctrl Pts',(9.5297272926931,-18.3532082340015,7.53553842404619));
#2681=CARTESIAN_POINT('Ctrl Pts',(10.0553796616209,-18.8508759009857,6.54612765974671));
#2682=CARTESIAN_POINT('Ctrl Pts',(11.0123275822115,-20.2062683686467,4.17371101772865));
#2683=CARTESIAN_POINT('Ctrl Pts',(11.318385771286,-21.8817015130582,1.86286200130384));
#2684=CARTESIAN_POINT('Ctrl Pts',(11.2244973789605,-22.867366506207,0.644026768628361));
#2685=CARTESIAN_POINT('Ctrl Pts',(9.95641287574164,-18.5552485318847,7.99835242833768));
#2686=CARTESIAN_POINT('Ctrl Pts',(10.5015186438162,-19.1213940348342,7.03314407196993));
#2687=CARTESIAN_POINT('Ctrl Pts',(11.4531220476352,-20.6444179723997,4.7244697544898));
#2688=CARTESIAN_POINT('Ctrl Pts',(11.6466290227655,-22.4583970649814,2.50107651030948));
#2689=CARTESIAN_POINT('Ctrl Pts',(11.4687234501775,-23.486907845318,1.34545966330374));
#2690=CARTESIAN_POINT('Ctrl Pts',(10.8865883698639,-18.5201817425359,8.68863489914121));
#2691=CARTESIAN_POINT('Ctrl Pts',(11.5314106710988,-19.1681636412119,7.74214079030998));
#2692=CARTESIAN_POINT('Ctrl Pts',(12.6622679939967,-20.9282142709963,5.48184023757));
#2693=CARTESIAN_POINT('Ctrl Pts',(12.9066481666646,-23.0624368480958,3.32036150127862));
#2694=CARTESIAN_POINT('Ctrl Pts',(12.703461568249,-24.2836530921668,2.20606418556433));
#2695=CARTESIAN_POINT('Ctrl Pts',(11.5890915418247,-18.1480243315952,8.97831843740943));
#2696=CARTESIAN_POINT('Ctrl Pts',(12.3322690030107,-18.8094297646311,8.00739148474434));
#2697=CARTESIAN_POINT('Ctrl Pts',(13.6787966148213,-20.642980896427,5.68012924748015));
#2698=CARTESIAN_POINT('Ctrl Pts',(14.1069317488057,-22.9722072086239,3.42171786913175));
#2699=CARTESIAN_POINT('Ctrl Pts',(13.9690675683883,-24.3611828154936,2.23823046529226));
#2700=CARTESIAN_POINT('Ctrl Pts',(11.9554349359811,-17.8352106846533,9.04981323125153));
#2701=CARTESIAN_POINT('Ctrl Pts',(12.7479465429654,-18.4913848419679,8.04819171410876));
#2702=CARTESIAN_POINT('Ctrl Pts',(14.2024900148002,-20.3376789944634,5.64362713944046));
#2703=CARTESIAN_POINT('Ctrl Pts',(14.725972500185,-22.7473971315062,3.2885961237856));
#2704=CARTESIAN_POINT('Ctrl Pts',(14.6230340455544,-24.2124497413903,2.03775094344168));
#2705=CARTESIAN_POINT('',(11.9963378114843,-17.8693229053744,8.99790095118106));
#2706=CARTESIAN_POINT('Ctrl Pts',(14.109366790422,-20.8137369734015,5.29003833600761));
#2707=CARTESIAN_POINT('Ctrl Pts',(14.0236111890678,-20.5964349066375,5.52467811651162));
#2708=CARTESIAN_POINT('Ctrl Pts',(13.5224941905379,-19.4813548228861,6.761939484987));
#2709=CARTESIAN_POINT('Ctrl Pts',(12.7694238852179,-18.5187422338504,8.01260507098639));
#2710=CARTESIAN_POINT('Ctrl Pts',(11.9963378114843,-17.8693229053744,8.99790095118106));
#2711=CARTESIAN_POINT('Ctrl Pts',(10.015570774548,-18.8849465586694,5.92113328951474));
#2712=CARTESIAN_POINT('Ctrl Pts',(10.0242662695107,-18.8957609529244,6.47313453787999));
#2713=CARTESIAN_POINT('Ctrl Pts',(10.1070372589843,-18.8723134330574,7.05505333045443));
#2714=CARTESIAN_POINT('Ctrl Pts',(10.4063608922222,-18.7430248929621,7.85098240613819));
#2715=CARTESIAN_POINT('Ctrl Pts',(10.5497261910001,-18.677127624899,8.12022028945455));
#2716=CARTESIAN_POINT('Ctrl Pts',(10.9385742077967,-18.4824745567311,8.5993644920686));
#2717=CARTESIAN_POINT('Ctrl Pts',(11.1401862943019,-18.3733919538394,8.73517893886705));
#2718=CARTESIAN_POINT('Ctrl Pts',(11.3996309687434,-18.2281567419988,8.87499328226075));
#2719=CARTESIAN_POINT('Ctrl Pts',(11.5156975731025,-18.1613089538948,8.92072598612982));
#2720=CARTESIAN_POINT('Ctrl Pts',(11.7541528649193,-18.0196727281666,8.98248045650889));
#2721=CARTESIAN_POINT('Ctrl Pts',(11.8754979878993,-17.9454561679956,8.99790799427059));
#2722=CARTESIAN_POINT('Ctrl Pts',(11.9963370463515,-17.8693222626362,8.99790192634046));
#2723=CARTESIAN_POINT('Origin',(1.10957457961579,-0.589909663848648,5.49894953033585));
#2724=CARTESIAN_POINT('Origin',(1.10957457961579,-0.589909663848648,8.99789872539561));
#2725=CARTESIAN_POINT('Origin',(1.10957457961579,-0.589909663848648,5.49894953033585));
#2726=CARTESIAN_POINT('Origin',(1.10957457961579,-0.589909663848648,8.99789872539561));
#2727=CARTESIAN_POINT('Origin',(5.74068539950161,-22.346313027835,16.5000003352761));
#2728=CARTESIAN_POINT('Ctrl Pts',(10.1766583143533,-19.0948296281077,16.5000003345211));
#2729=CARTESIAN_POINT('Ctrl Pts',(10.1767746918838,-19.0949884010442,16.5079067197333));
#2730=CARTESIAN_POINT('Ctrl Pts',(10.1768754654186,-19.0951547416204,16.5158102482821));
#2731=CARTESIAN_POINT('Ctrl Pts',(10.1769606684258,-19.0953286304712,16.5237108061359));
#2732=CARTESIAN_POINT('Ctrl Pts',(10.1865999467027,-19.1150012110034,17.4175252167248));
#2733=CARTESIAN_POINT('Ctrl Pts',(9.9887834698852,-19.2413480631583,18.3482825348717));
#2734=CARTESIAN_POINT('Ctrl Pts',(9.38397887872783,-19.5457256884471,19.5571961276836));
#2735=CARTESIAN_POINT('Ctrl Pts',(9.13213311535408,-19.6649464782654,19.9304641051955));
#2736=CARTESIAN_POINT('Ctrl Pts',(8.54535768292393,-19.9184691264315,20.5864551841961));
#2737=CARTESIAN_POINT('Ctrl Pts',(8.21033437665762,-20.0526001087385,20.8691605527634));
#2738=CARTESIAN_POINT('Ctrl Pts',(7.50984077875926,-20.3049231922197,21.3090904209534));
#2739=CARTESIAN_POINT('Ctrl Pts',(7.11226996603151,-20.4357959272831,21.492266951761));
#2740=CARTESIAN_POINT('Ctrl Pts',(6.27514568739003,-20.6760374379743,21.7324545815452));
#2741=CARTESIAN_POINT('Ctrl Pts',(5.83548332981139,-20.7850642093156,21.7894281066092));
#2742=CARTESIAN_POINT('Ctrl Pts',(5.01825526072818,-20.9590209837754,21.7894281066092));
#2743=CARTESIAN_POINT('Ctrl Pts',(4.5723049015491,-21.0385074775262,21.7324545815452));
#2744=CARTESIAN_POINT('Ctrl Pts',(3.70990966016165,-21.1600290352124,21.492266951761));
#2745=CARTESIAN_POINT('Ctrl Pts',(3.29350461459683,-21.2024208026221,21.3090904209534));
#2746=CARTESIAN_POINT('Ctrl Pts',(2.55097474732104,-21.2572625326955,20.8691605527634));
#2747=CARTESIAN_POINT('Ctrl Pts',(2.1903678280687,-21.2712047686564,20.5864551841961));
#2748=CARTESIAN_POINT('Ctrl Pts',(1.55120908023601,-21.2786368817943,19.9304641051955));
#2749=CARTESIAN_POINT('Ctrl Pts',(1.27264132483609,-21.272320957027,19.5571961276836));
#2750=CARTESIAN_POINT('Ctrl Pts',(0.596304680965192,-21.2406495753245,18.3482825348717));
#2751=CARTESIAN_POINT('Ctrl Pts',(0.364180050069488,-21.2058208331501,17.4175252167248));
#2752=CARTESIAN_POINT('Ctrl Pts',(0.364978612909043,-21.1837344078937,16.5158102482806));
#2753=CARTESIAN_POINT('Ctrl Pts',(0.36500290454902,-21.1835414456982,16.5079067197305));
#2754=CARTESIAN_POINT('Ctrl Pts',(0.365044529513016,-21.1833490400399,16.5000003345168));
#2755=CARTESIAN_POINT('Origin',(-2.56139438943322,22.3490635340266,16.5000003352761));
#2756=CARTESIAN_POINT('Ctrl Pts',(-6.53513116992611,18.5465096554658,16.5000003596016));
#2757=CARTESIAN_POINT('Ctrl Pts',(-6.53543831702954,18.5468306297872,16.516810569822));
#2758=CARTESIAN_POINT('Ctrl Pts',(-6.53566797317285,18.5471821765488,16.5336062918761));
#2759=CARTESIAN_POINT('Ctrl Pts',(-6.53582055094153,18.5475640996536,16.5503862180184));
#2760=CARTESIAN_POINT('Ctrl Pts',(-6.54327224562441,18.5662167146005,17.3698954263073));
#2761=CARTESIAN_POINT('Ctrl Pts',(-6.35894553165264,18.6656298275785,18.2261241275343));
#2762=CARTESIAN_POINT('Ctrl Pts',(-5.79584183819663,18.9004974714038,19.341722926691));
#2763=CARTESIAN_POINT('Ctrl Pts',(-5.5614797928832,18.9919733364848,19.686770837899));
#2764=CARTESIAN_POINT('Ctrl Pts',(-5.01533213609713,19.1851889095209,20.293963982271));
#2765=CARTESIAN_POINT('Ctrl Pts',(-4.70348307244224,19.2867874077478,20.5560970671249));
#2766=CARTESIAN_POINT('Ctrl Pts',(-4.05727695771003,19.474179540857,20.9595677431355));
#2767=CARTESIAN_POINT('Ctrl Pts',(-3.69523442028296,19.5693537891168,21.1261917021362));
#2768=CARTESIAN_POINT('Ctrl Pts',(-2.9344719553919,19.7411007868247,21.3449326860216));
#2769=CARTESIAN_POINT('Ctrl Pts',(-2.53566412877291,19.817385813476,21.3969698032688));
#2770=CARTESIAN_POINT('Ctrl Pts',(-1.79577466579171,19.9357917785426,21.3969698032688));
#2771=CARTESIAN_POINT('Ctrl Pts',(-1.39307748133883,19.9877731742286,21.3449326860216));
#2772=CARTESIAN_POINT('Ctrl Pts',(-0.61671121748921,20.0620159083175,21.1261917021362));
#2773=CARTESIAN_POINT('Ctrl Pts',(-0.243048418891803,20.0845780310632,20.9595677431355));
#2774=CARTESIAN_POINT('Ctrl Pts',(0.429365008857024,20.1082071751782,20.5560970671249));
#2775=CARTESIAN_POINT('Ctrl Pts',(0.757345895072577,20.1090019214606,20.293963982271));
#2776=CARTESIAN_POINT('Ctrl Pts',(1.33651525996914,20.0958730432956,19.686770837899));
#2777=CARTESIAN_POINT('Ctrl Pts',(1.58771995437821,20.0821033779885,19.341722926691));
#2778=CARTESIAN_POINT('Ctrl Pts',(2.1959969795872,20.0346940930038,18.2261241275343));
#2779=CARTESIAN_POINT('Ctrl Pts',(2.40214217002361,19.9977689663887,17.3698954263073));
#2780=CARTESIAN_POINT('Ctrl Pts',(2.4008578066561,19.9773119624757,16.5336062918763));
#2781=CARTESIAN_POINT('Ctrl Pts',(2.40074932766975,19.9769063032846,16.5168105698224));
#2782=CARTESIAN_POINT('Ctrl Pts',(2.40055768694055,19.9765055069659,16.5000003596021));
#2783=CARTESIAN_POINT('Origin',(446.309027210102,-143.172421425757,357.190106672601));
#2784=CARTESIAN_POINT('Ctrl Pts',(-18.1614748426793,-8.96446311904546,33.0306140613537));
#2785=CARTESIAN_POINT('Ctrl Pts',(-17.2998932553535,-10.8197598454814,30.9601346337037));
#2786=CARTESIAN_POINT('Ctrl Pts',(-16.2242158827396,-12.3972982765319,28.7060457076633));
#2787=CARTESIAN_POINT('Ctrl Pts',(-14.9917709974669,-13.8329446327826,26.2844959262997));
#2788=CARTESIAN_POINT('Ctrl Pts',(-14.8495461759922,-13.993432036376,26.007302489279));
#2789=CARTESIAN_POINT('Ctrl Pts',(-14.7049489996011,-14.1515221168286,25.727680357679));
#2790=CARTESIAN_POINT('Origin',(1.10957457961579,-0.589909663848649,54.5000025779008));
#2791=CARTESIAN_POINT('Ctrl Pts',(-17.0048879155079,3.16724996980527,33.807746431816));
#2792=CARTESIAN_POINT('Ctrl Pts',(-17.0695598571011,2.85544595435037,34.0190526031489));
#2793=CARTESIAN_POINT('Ctrl Pts',(-17.1292641347887,2.52676088808137,34.2113265633115));
#2794=CARTESIAN_POINT('Ctrl Pts',(-17.3045019507454,1.37206439770322,34.7629206058787));
#2795=CARTESIAN_POINT('Ctrl Pts',(-17.3793652642449,0.481898020770787,34.9721505044259));
#2796=CARTESIAN_POINT('Ctrl Pts',(-17.3991478130115,-1.24572732624042,34.9267004966922));
#2797=CARTESIAN_POINT('Ctrl Pts',(-17.3439349111318,-2.13257932708889,34.6680336531066));
#2798=CARTESIAN_POINT('Ctrl Pts',(-17.2043204796901,-3.2229481482783,34.0875417576934));
#2799=CARTESIAN_POINT('Ctrl Pts',(-17.1624803340051,-3.49734389726661,33.9168935890812));
#2800=CARTESIAN_POINT('Ctrl Pts',(-17.1167657848692,-3.76016468796653,33.7326024185538));
#2801=CARTESIAN_POINT('',(-17.2122681130248,-3.15117504372082,34.1447403838082));
#2802=CARTESIAN_POINT('Origin',(8.66887019907307,0.716813377765935,-1.06447119174114));
#2803=CARTESIAN_POINT('Ctrl Pts',(-17.0048879155079,3.16724996980535,33.8077464318161));
#2804=CARTESIAN_POINT('Ctrl Pts',(-17.0690349407118,2.85797674334416,34.0436042749802));
#2805=CARTESIAN_POINT('Ctrl Pts',(-17.1287238558209,2.53007100248203,34.2594021608167));
#2806=CARTESIAN_POINT('Ctrl Pts',(-17.241764807689,1.78575108941781,34.6579959580588));
#2807=CARTESIAN_POINT('Ctrl Pts',(-17.2921956071602,1.36284974078806,34.8284192934961));
#2808=CARTESIAN_POINT('Ctrl Pts',(-17.3635310527757,0.49764889530961,35.0486992075228));
#2809=CARTESIAN_POINT('Ctrl Pts',(-17.3843542974589,0.0552618979547303,
35.0982383378931));
#2810=CARTESIAN_POINT('Ctrl Pts',(-17.3942293106906,-0.825450674712001,
35.0693178820349));
#2811=CARTESIAN_POINT('Ctrl Pts',(-17.3830029987253,-1.26897325085596,34.9893184045707));
#2812=CARTESIAN_POINT('Ctrl Pts',(-17.3311634154533,-2.1312516152274,34.7111107514212));
#2813=CARTESIAN_POINT('Ctrl Pts',(-17.2906391032673,-2.55011336459043,34.5132145207983));
#2814=CARTESIAN_POINT('Ctrl Pts',(-17.2308125901759,-3.01580875738867,34.2314687368684));
#2815=CARTESIAN_POINT('Ctrl Pts',(-17.2216837017622,-3.08382125170056,34.188684842329));
#2816=CARTESIAN_POINT('Ctrl Pts',(-17.2122681130249,-3.15117504372021,34.1447403838072));
#2817=CARTESIAN_POINT('Origin',(446.309027210102,-143.172421425757,357.190106672601));
#2818=CARTESIAN_POINT('',(-22.5692108114335,-3.15113511673811,42.1167226964422));
#2819=CARTESIAN_POINT('Ctrl Pts',(-19.6091536354777,-4.63896416028815,37.0542191809375));
#2820=CARTESIAN_POINT('Ctrl Pts',(-19.3408403336224,-5.89060066461161,36.1049566611637));
#2821=CARTESIAN_POINT('Ctrl Pts',(-18.9654732125396,-7.06782728750098,35.0369875248806));
#2822=CARTESIAN_POINT('Ctrl Pts',(-18.4012607326758,-8.43349570300884,33.6134060115797));
#2823=CARTESIAN_POINT('Ctrl Pts',(-18.2834881555865,-8.70172433336532,33.323826054263));
#2824=CARTESIAN_POINT('Ctrl Pts',(-18.1614748426793,-8.96446311904547,33.0306140613537));
#2825=CARTESIAN_POINT('Origin',(1.10957457961579,-0.589909663848649,52.8774881085583));
#2826=CARTESIAN_POINT('Ctrl Pts',(-18.4394795672986,7.10089624039257,32.8437224248001));
#2827=CARTESIAN_POINT('Ctrl Pts',(-18.8099844546542,6.26200815058209,34.380547799845));
#2828=CARTESIAN_POINT('Ctrl Pts',(-19.1707242679915,5.28590603745189,35.8238277412991));
#2829=CARTESIAN_POINT('Ctrl Pts',(-19.472927450225,4.09605150523126,36.9923949406023));
#2830=CARTESIAN_POINT('Ctrl Pts',(-19.4809365174241,4.06417779276086,37.0233285481252));
#2831=CARTESIAN_POINT('Ctrl Pts',(-19.4889441654814,4.03194782788842,37.0542191809361));
#2832=CARTESIAN_POINT('Origin',(-33.0424360593377,-0.0235118830313272,35.0790010612353));
#2833=CARTESIAN_POINT('Origin',(-29.7714461937866,0.00146835311033746,25.2290025171258));
#2834=UNCERTAINTY_MEASURE_WITH_UNIT(LENGTH_MEASURE(0.01),#2838,
'DISTANCE_ACCURACY_VALUE',
'Maximum model space distance between geometric entities at asserted c
onnectivities');
#2835=UNCERTAINTY_MEASURE_WITH_UNIT(LENGTH_MEASURE(0.01),#2838,
'DISTANCE_ACCURACY_VALUE',
'Maximum model space distance between geometric entities at asserted c
onnectivities');
#2836=(
GEOMETRIC_REPRESENTATION_CONTEXT(3)
GLOBAL_UNCERTAINTY_ASSIGNED_CONTEXT((#2834))
GLOBAL_UNIT_ASSIGNED_CONTEXT((#2838,#2840,#2841))
REPRESENTATION_CONTEXT('','3D')
);
#2837=(
GEOMETRIC_REPRESENTATION_CONTEXT(3)
GLOBAL_UNCERTAINTY_ASSIGNED_CONTEXT((#2835))
GLOBAL_UNIT_ASSIGNED_CONTEXT((#2838,#2840,#2841))
REPRESENTATION_CONTEXT('','3D')
);
#2838=(
LENGTH_UNIT()
NAMED_UNIT(*)
SI_UNIT(.MILLI.,.METRE.)
);
#2839=(
LENGTH_UNIT()
NAMED_UNIT(*)
SI_UNIT($,.METRE.)
);
#2840=(
NAMED_UNIT(*)
PLANE_ANGLE_UNIT()
SI_UNIT($,.RADIAN.)
);
#2841=(
NAMED_UNIT(*)
SI_UNIT($,.STERADIAN.)
SOLID_ANGLE_UNIT()
);
#2842=SHAPE_DEFINITION_REPRESENTATION(#2843,#2844);
#2843=PRODUCT_DEFINITION_SHAPE('',$,#2846);
#2844=SHAPE_REPRESENTATION('',(#1190),#2836);
#2845=PRODUCT_DEFINITION_CONTEXT('part definition',#2850,'design');
#2846=PRODUCT_DEFINITION(
'intake manifold honda vario 150 - injector honda joint yamaha - 30.2m
m port - 38mm throttle body',
'intake manifold honda vario 150 - injector honda joint yamaha - 30.2m
m port - 38mm throttle body',#2847,#2845);
#2847=PRODUCT_DEFINITION_FORMATION('',$,#2852);
#2848=PRODUCT_RELATED_PRODUCT_CATEGORY(
'intake manifold honda vario 150 - injector honda joint yamaha - 30.2m
m port - 38mm throttle body',
'intake manifold honda vario 150 - injector honda joint yamaha - 30.2m
m port - 38mm throttle body',(#2852));
#2849=APPLICATION_PROTOCOL_DEFINITION('international standard',
'automotive_design',2009,#2850);
#2850=APPLICATION_CONTEXT(
'Core Data for Automotive Mechanical Design Process');
#2851=PRODUCT_CONTEXT('part definition',#2850,'mechanical');
#2852=PRODUCT(
'intake manifold honda vario 150 - injector honda joint yamaha - 30.2m
m port - 38mm throttle body',
'intake manifold honda vario 150 - injector honda joint yamaha - 30.2m
m port - 38mm throttle body',$,(#2851));
#2853=PRESENTATION_STYLE_ASSIGNMENT((#2855));
#2854=PRESENTATION_STYLE_ASSIGNMENT((#2856));
#2855=SURFACE_STYLE_USAGE(.BOTH.,#2857);
#2856=SURFACE_STYLE_USAGE(.BOTH.,#2858);
#2857=SURFACE_SIDE_STYLE('',(#2859));
#2858=SURFACE_SIDE_STYLE('',(#2860));
#2859=SURFACE_STYLE_FILL_AREA(#2861);
#2860=SURFACE_STYLE_FILL_AREA(#2862);
#2861=FILL_AREA_STYLE('Steel - Satin',(#2863));
#2862=FILL_AREA_STYLE('Opaque(160,160,160)',(#2864));
#2863=FILL_AREA_STYLE_COLOUR('Steel - Satin',#2865);
#2864=FILL_AREA_STYLE_COLOUR('Opaque(160,160,160)',#2866);
#2865=COLOUR_RGB('Steel - Satin',0.627450980392157,0.627450980392157,0.627450980392157);
#2866=COLOUR_RGB('Opaque(160,160,160)',0.627450980392157,0.627450980392157,
0.627450980392157);
ENDSEC;
END-ISO-10303-21;
